track,album_name,artist,release_date,isrc,all_time_rank,track_score,spotify_streams,spotify_playlist_count,spotify_playlist_reach,spotify_popularity,youtube_views,youtube_likes,tiktok_posts,tiktok_likes,tiktok_views,youtube_playlist_reach,apple_music_playlist_count,airplay_spins,siriusxm_spins,deezer_playlist_count,deezer_playlist_reach,amazon_playlist_count,pandora_streams,pandora_track_stations,shazam_counts,explicit_track
MILLION DOLLAR BABY,Million Dollar Baby - Single,Tommy Richman,2024-04-26,QM24S2402528,1,725,390470936,30716,196631588,92,84274754,1713126,5767700,651565900,5332281936,150597040,210,40975,684,62,17598718,114,18004655,22931,2669262,0
Not Like Us,Not Like Us,Kendrick Lamar,2024-05-04,USUG12400910,2,546,323703884,28113,174597137,92,116347040,3486739,674700,35223547,208339025,156380351,188,40778,3,67,10422430,111,7780028,28444,1118279,1
i like the way you kiss me,I like the way you kiss me,Artemas,2024-03-19,QZJ842400387,3,538,601309283,54331,211607669,92,122599116,2228730,3025400,275154237,3369120610,373784955,190,74333,536,136,36321847,172,5022621,5639,5285340,0
Flowers,Flowers - Single,Miley Cyrus,2023-01-12,USSM12209777,4,445,2031280633,269802,136569078,85,1096100899,10629796,7189811,1078757968,14603725994,3351188582,394,1474799,2182,264,24684248,210,190260277,203384,11822942,0
Houdini,Houdini,Eminem,2024-05-31,USUG12403398,5,423,107034922,7223,151469874,88,77373957,3670188,16400,26534406,265917250,112763851,182,12185,1,82,17660624,105,4493884,7006,457017,1
Lovin On Me,Lovin On Me,Jack Harlow,2023-11-10,USAT22311371,6,410,670665438,105892,175421034,83,131148091,1392593,4202367,214943489,2938686633,2867222632,138,522042,4654,86,17167254,152,138529362,50982,4517131,1
Beautiful Things,Beautiful Things,Benson Boone,2024-01-18,USWB12307016,7,407,900158751,73118,201585714,86,308723145,4120760,182200,29584940,534915313,4601579812,280,383478,429,168,48197850,154,65447476,57372,9990302,0
Gata Only,Gata Only,FloyyMenor,2024-02-02,QZL382406049,8,376,675079153,40094,211236940,92,228382568,1439495,3500000,338546668,3804584163,2112581620,160,17221,30,87,33245595,53,3372428,5762,6063523,1
Danza Kuduro - Cover,ýýýýýýýýýýýýýýýýýýýýý - ýýýýýýýýýýýýýýýýýý -,MUSIC LAB JPN,2024-06-09,TCJPA2463708,9,356,1653018119,1,15,67,148269610,1257935,182200,26534406,265917250,98142716,28,5954,86,15,237120,17,12735768,7832,854584,1
BAND4BAND (feat. Lil Baby),BAND4BAND (feat. Lil Baby),Central Cee,2024-05-23,USSM12404354,10,331,90676573,10400,184199419,86,32735244,988682,325800,121574500,974656200,174706874,191,3823,117,78,10800098,92,1005626,842,666302,1
I Had Some Help (feat. Morgan Wallen),I Had Some Help,Post Malone,2024-05-10,USUM72404990,11,322,250080413,16219,168766158,91,32229063,550191,182200,184500,2100000,327130768,157,62312,71,60,12009073,114,23155471,21172,963413,1
The Door,The Door,Teddy Swims,2024-06-14,USWB12402486,12,320,111155129,2,263767,67,148269610,1257935,182200,26534406,265917250,98142716,28,5954,86,15,237120,2,12735768,7832,854584,1
LUNCH,HIT ME HARD AND SOFT,Billie Eilish,2024-05-17,USUM72401991,13,316,221636195,13800,197280692,92,40022524,1307290,195300,45889000,360017000,342107131,244,41344,45,138,38243636,163,1354692,1219,450344,0
Like That,WE DON'T TRUST YOU,Future,2024-03-22,USSM12402041,14,308,355186436,43025,108168634,88,98081493,1456177,182200,26534406,265917250,174491415,153,90237,3,55,3001826,109,26252264,18364,1963314,1
bathroom floor,bathroom floor,Kids With Buns,2022-10-07,NLC242100307,15,302,297185,277,24445,12,6736502312,16785489,3,1088,22234,98142716,1,1057,86,15,237120,17,12735768,7832,3288,0
LALA,LALA - Single,Myke Towers,2023-03-22,USWL12300002,16,300,925655569,103605,79944921,79,934302031,4294166,11054500,521725116,7499234052,2042145659,94,92231,228,60,5633435,83,12171026,13242,2765808,1
Fortnight (feat. Post Malone),THE TORTURED POETS DEPARTMENT,Taylor Swift,2024-04-18,USUG12401028,17,298,395433400,12784,177932568,89,104673836,2484083,139300,25348800,207317000,268893710,221,129968,3,99,37988531,134,9961769,13437,1210029,0
greedy,greedy,Tate McRae,2023-09-14,USRC12301932,18,294,1258569694,105218,198845580,87,141646818,1514837,2294429,419319161,5456156211,2667285437,207,667329,3310,188,21788568,150,44850379,12270,6973652,1
BLUE,HIT ME HARD AND SOFT,Billie Eilish,2024-05-17,USUM72401996,19,293,91272461,6499,52287548,86,16038053,569377,941900,119740900,1225345800,5839168,76,181,1,24,5054005,33,283089,162,257661,0
As It Was,As It Was,Harry Styles,2022-03-31,USSM12200612,20,292,3301814535,407119,169783402,87,800899315,9101589,2755903,1633970617,15405881843,7289707052,455,1777811,4909,330,12907852,189,132624772,79909,14967379,0
Paint The Town Red,Paint The Town Red,Doja Cat,2023-08-04,USRC12300907,21,290,1065399331,170890,121712197,78,240970670,2749668,3091732,652428798,7095564106,1063591802,158,400899,273,143,13718632,146,70291476,49111,7559816,1
Espresso,Espresso,Sabrina Carpenter,2024-04-12,USUM72403305,22,282,547882871,24425,262343414,95,107550212,1825761,209200,169144295,1379499000,422646034,298,37208,236,167,41414565,149,10362898,10848,1373085,1
Danza Kuduro - Cover,CLUB DE YOKUKIKU YOUGAKU MEDLEY,MUSIC LAB JPN,2024-05-21,TCJPA2445163,23,279,1655575417,10,655,67,148269610,1257935,182200,26534406,265917250,98142716,28,5954,86,15,237120,17,12735768,7832,854584,1
TEXAS HOLD 'EM,TEXAS HOLD 'EM,Beyoncï¿,2024-02-10,USSM12401302,24,279,426700979,34044,152928632,86,35724356,437980,1470500,485200392,6518604175,1213175656,159,309497,257,194,40725482,177,13860535,36282,2100708,1
Future,Future,official sound studio,2024-01-10,RUA1H2415548,25,278,239850720,1,2,67,148269610,1257935,9453333,273236305,4306269694,98142716,28,5954,86,15,237120,17,12735768,7832,854584,0
Beat Automotivo Tan Tan Tan Viral,Beat Automotivo Tan Tan Tan Viral,WZ Beat,2022-05-24,BXWEH2200054,26,268,7382759,3504,661084,35,4233958,69990,37621885,1636811753,22918660728,98142716,1,5954,439,1,6,1,12735768,7832,633525,0
STAY (with Justin Bieber),STAY (with Justin Bieber),The Kid LAROI,2021-07-09,USSM12103949,27,266,3107100349,451732,134793519,78,1256973582,14661425,7485966,2246991336,23712377029,4327058646,513,1510151,4096,166,5783693,128,196783487,124922,854584,1
we can't be friends (wait for your love),eternal sunshine,Ariana Grande,2024-03-08,USUM72317276,29,263,591068364,26203,197494995,87,156882014,3080503,182200,26534406,265917250,578568464,194,200230,32,117,22062193,126,10106573,7689,1579980,0
Numb / Encore,Papercuts,JAY-Z,2024-04-12,USWB12400678,30,256,1003215671,128,485454,67,148269610,1257935,182200,26534406,265917250,98142716,28,5954,86,15,237120,17,179867721,87209,4474248,1
Danza Kuduro - Cover,ýýýýýýýýýýýýýýýýýýýýýýýýýýý ýýýýýýýýýýýýýýýýýýýýýýýýýýý,LOVE BGM JPN,2024-05-14,TCJPA2406007,31,250,1645079292,32312,13259481,67,148269610,1257935,182200,26534406,265917250,98142716,28,5954,86,15,237120,17,12735768,7832,854584,1
SHEESH,BABYMONS7ER,BABYMONSTER,2024-04-01,KRA402400016,32,238,124893397,3479,25936342,82,359896095,4907193,212500,48327004,390081328,38798822,36,2188,32,3,347997,26,130743,592,191867,0
Water,Water,Tyla,2023-07-28,USSM12305126,33,235,670376179,98450,150471020,83,265180930,2566846,2114363,369150956,3932956380,3031114430,225,486952,1215,180,19469488,188,40418532,27555,6447136,0
Strangers,Strangers,Kenya Grace,2023-09-01,USWB12305048,34,234,750154960,139141,103879363,79,118208096,1495758,1031447,196985853,2231749390,1745168821,163,378114,856,113,16295286,112,20228317,5331,7477917,0
Too Sweet,Unreal Unearth: Unheard,Hozier,2024-03-22,USSM12401865,35,232,532012790,23557,67488850,67,62123098,923733,182200,26534406,265917250,384716227,221,151990,64,42,658517,47,31032977,23005,854584,0
What's Love Got to Do with It - 2023 Remaster,What's Love Got to Do with It (30th Anniversary Deluxe Edition),Tina Turner,2024-04-26,GBAYE2300351,36,230,479417905,7,1519,67,148269610,1257935,182200,26534406,265917250,98142716,28,5954,86,15,237120,1,121250721,83632,3692067,0
A Bar Song (Tipsy),A Bar Song (Tipsy),Shaboozey,2024-04-12,USUYG1541249,37,226,311928522,25766,180237463,96,62694868,837616,182200,27811667,378313942,243895569,149,5954,141,58,26516005,146,21453034,30180,1707213,1
Lose Control,Lose Control,Teddy Swims,2023-06-23,USWB12302315,38,224,775135157,88239,180617454,87,139180960,1504385,396560,49060857,597513595,4016801205,215,605841,162,133,42675181,120,253538985,72429,10517831,0
fukumean,fukumean,Gunna,2023-06-15,USAT22306575,39,221,759998727,188142,80392612,80,94699547,1222012,1237229,311252391,3281790327,140623676,123,265291,4003,40,2225409,88,64456799,20518,3945184,1
BIRDS OF A FEATHER,HIT ME HARD AND SOFT,Billie Eilish,2024-05-17,USUM72401994,41,213,214237645,10871,202626837,92,11033725,251373,251200,71078500,443104700,148058631,247,3400,8,67,11523335,125,840442,2592,285858,0
Cupid ï¿½ï¿½ï¿½ Twin Ver. (FIFTY FIFTY) ï¿½ï¿½ï¿½ Spe,Cupid ï¿½ï¿½ï¿½ Twin Ver. (FIFTY FIFTY) ï¿½ï¿½ï¿½ Spe,sped up 8282,2023-04-08,KRA252300672,42,211,170970614,27827,5784546,41,22280037,334523,14348249,948225544,12196985599,98142716,2,672,86,4,35737,9,270610,3170,854584,1
I'm Good (Blue),I'm Good (Blue),David Guetta,2022-08-26,UKWLG2200055,43,210,1658229422,262248,239957538,83,466080689,4324989,728093,54258768,1051836430,1425853925,285,935190,2487,207,6479623,168,139926990,31235,10973120,1
Daylight,Daylight,David Kushner,2023-04-14,QZXDB2300005,44,207,1126820069,177800,85255689,82,274070101,3701289,2557115,285329503,2578518632,1205538057,163,259255,96,77,3413707,80,28924685,14634,8681350,0
My Love Mine All Mine,The Land Is Inhospitable and So Are We,Mitski,2023-09-15,USJ5G2335007,45,206,997702304,105927,92834002,86,48093111,959175,3648759,857220853,5469808282,298259422,91,36285,2676,63,10874749,110,6151267,9160,2682219,0
Please Please Please,Please Please Please,Sabrina Carpenter,2024-06-06,USUM72404101,46,206,59314441,2572,183043096,83,22374807,1026097,182200,188200,1200000,110446147,199,2359,2,73,13686074,98,360163,758,47115,1
Houdini,Houdini - Single,Dua Lipa,2023-11-09,GBAHT2301246,47,205,493627071,45300,87874006,80,150571504,1575378,93500,35970610,386610043,3129834452,174,564640,405,146,28246184,127,25843941,3694,2389957,0
Danza Kuduro - Cover,GEKIATU BEST AGE SONG - CLUB SONG,MUSIC LAB JPN,2024-05-02,TCJPA2415647,48,204,1655575417,9,85,67,148269610,1257935,182200,26534406,265917250,98142716,28,5954,86,15,237120,17,12735768,7832,854584,1
If We Ever Broke Up,If We Ever Broke Up,Mae Stephens,2023-02-10,GBUM72300969,49,204,304929492,43923,46133083,69,61986821,921044,13872768,390207653,5684815935,19218089,78,92638,822,41,3467570,36,7444354,7188,2227494,1
euphoria,euphoria,Kendrick Lamar,2024-04-30,USUG12402839,51,202,168434320,17168,62516401,86,53604746,1846535,182200,26534406,265917250,174375427,65,6408,77,20,428378,31,3156727,4843,654482,1
Panda Basi,Panda Basi - EP,Mvua,2023-02-10,GX3Q92333626,52,200,104271,249,8585,25,2457026781,1257935,190,36666,393580,98142716,28,12,86,15,237120,17,12735768,7832,1881,0
Calm Down (with Selena Gomez),Calm Down (with Selena Gomez),Rema,2022-08-25,NGA3B2214021,53,198,1391688322,163876,130963116,77,902742581,8099187,599,48035,2857920,750030685,316,1107265,86,112,11937930,146,52073859,41487,3521951,0
Mitu,Mitu - Single,Maian,2023-01-19,EEUM72300001,55,194,55346,42,16861,13,2432265978,8162101,182200,26534406,265917250,98142716,28,53,86,15,237120,17,12735768,7832,200,0
Creepin' (with The Weeknd & 21 Savage),HEROES & VILLAINS,Metro Boomin,2022-12-02,USUG12208791,57,192,1337619917,228295,64806723,80,193982443,2023998,423714,148085419,1268862678,444033037,152,952186,34,58,2134791,66,77382416,28694,6205060,1
Dona Felicidade,Dona Felicidade,Patati Patatï¿,2024-06-04,QZNJW2423715,58,190,239850720,2,41206,67,52480069,82092,182200,26534406,265917250,98142716,28,5954,86,1,1657,17,12735768,7832,854584,0
Danza Kuduro - Cover,YOUGAKU MORIMORI CLUB MEDLEY,MUSIC LAB JPN,2024-04-29,TCJPA2420090,59,190,1655575417,1,3,67,148269610,1257935,182200,26534406,265917250,98142716,28,5954,86,15,237120,17,12735768,7832,854584,1
Unholy (feat. Kim Petras),Unholy (feat. Kim Petras),Sam Smith,2022-09-22,GBUM72205415,60,189,1556275789,210583,95974138,74,254051906,3364206,2379787,683088623,7945975878,1524133775,203,718849,117,63,1616564,167,111398743,71335,10192485,0
Stereo Love - Melodic,Stereo Love Deluxe (feat. Vika Jigulina),Edward Maya,2024-06-05,ROCMA2413380,61,188,239850720,2,135,9,148269610,1257935,182200,26534406,265917250,98142716,28,5954,86,15,237120,17,420235997,885123,854584,0
Very Cute Melody by Marimba Tone (39813),Very Cute Melody by Marimba Tone (39813),mitsu sound,2023-12-31,RUA1H2406425,62,186,1384,2,801,67,222076,5430,5013500,605320683,8811416708,98142716,28,5954,86,15,237120,17,12735768,7832,854584,0
Supernova,Supernova,aespa,2024-05-13,KRA302400090,63,186,69729033,2483,21046278,81,111310770,1724693,56600,61038623,393973528,32059104,40,709,13,7,544322,14,45515,100,63283,0
Me Porto Bonito,Un Verano Sin Ti,Bad Bunny,2022-05-06,QM6MZ2214877,64,185,1811990630,173358,67603671,79,1516863120,8870768,4506600,549886060,6470937272,934894575,124,77120,327,44,14871714,63,111324744,39123,3393920,1
Back That Azz Up (feat. Lil Wayne & Mannie Fresh),400 Degreez (Deluxe Edition),JUVENILE,2024-03-29,USCM52400059,65,181,199929812,4,98,67,148269610,1257935,182200,26534406,265917250,98142716,1,5954,86,15,237120,17,390345308,399793,854584,1
Calm Down,Calm Down,Rema,2022-02-10,NGA3B2214004,66,180,584427088,182994,19203258,68,1141904909,8766235,6129450,856216952,18216656774,2952879912,138,191634,759,53,3481756,45,98290873,46039,22563407,0
CARNIVAL,CARNIVAL,ýý$,2024-02-08,QZ7XS2400012,67,180,466887055,53842,103935623,84,27688666,449112,182200,26534406,265917250,33817299,42,53333,86,11,199915,29,1359484,11303,1982000,1
Kill Bill,SOS,SZA,2022-12-08,USRC12204584,68,178,1873746537,190202,99546318,82,220538045,3153793,266430,152410048,1284413960,426461749,214,655242,5448,73,1304067,122,57350590,61270,4873832,0
"What Was I Made For? [From The Motion Picture ""Barbie""]","What Was I Made For? (From The Motion Picture ""Barbie"")",Billie Eilish,2023-07-13,USUM72307484,69,178,891720245,114560,97542546,82,144741616,2761964,1443103,498822693,3998086216,1384310160,168,275119,68,108,10920686,111,39374594,19921,4476509,0
Babba,Black Book ID's: Chapter 5 - EP,Guy Mac,2023-03-03,QZA742305720,70,176,46567,252,21930,6,2038459981,6076902,182200,26534406,265917250,98142716,2,29,86,15,237120,17,1456,7832,903,0
Heat Waves,Heat Waves,Glass Animals,2020-06-29,GBUM72000433,71,175,2996181078,486278,112416489,82,1272898075,14947520,1416295,513334446,5518429969,4899313022,459,1414326,1434,170,11862378,95,122247640,160431,17848778,0
In the End,Papercuts,Linkin Park,2024-04-12,USWB11201322,72,175,2045512421,97,488602,67,148269610,1257935,182200,26534406,265917250,98142716,28,5954,86,15,237120,2,12735768,7832,854584,0
"Shakira: Bzrp Music Sessions, Vol. 53","Shakira: Bzrp Music Sessions, Vol. 53",Bizarrap,2023-01-11,UYB282301031,73,174,946941510,100130,74836321,74,776436101,12951756,4210895,797017650,11936401096,457987382,110,165670,180,106,4971379,92,48806666,10225,2237762,0
The Way We Move - Extended Mix,The Way We Move,PowerDress,2023-03-10,UKACT2330463,74,174,7909,38,15023,4,1999374091,5708577,182200,26534406,265917250,98142716,28,59,86,15,237120,17,12735768,7832,1412,0
un x100to,un x100to,Grupo Frontera,2023-04-17,QM6N22311285,76,170,1008495696,99381,57394938,75,878892413,4425283,796603,127651887,1669065906,1522934425,101,73481,225,42,5734172,81,55857743,15528,2283747,0
Laxed ï¿½ï¿½ï¿½ Sire,Laxed (Siren Beat),Jawsh 685,2020-04-24,NZAM02001128,77,169,239850720,10230,1142937,67,12489728,339414,42900000,919945708,12221514692,98142716,28,5954,86,15,237120,17,5678792,7832,854584,0
Sprinter,Sprinter - Single,Dave,2023-06-01,GBUM72305159,78,168,692512930,199828,55464762,78,219666692,2332307,731797,130560533,1254944697,918145630,155,42082,36,41,1790031,76,411656,3414,3093667,1
CHIHIRO,HIT ME HARD AND SOFT,Billie Eilish,2024-05-17,USUM72401988,79,168,169410711,11028,144854768,90,19402457,997411,284,26534406,265917250,260377114,185,1008,86,53,20737850,59,521322,698,388625,0
TQG,TQG,KAROL G,2023-02-23,USUM72222541,80,168,1024381758,78554,69319589,78,1102289596,8953293,457111,15048444,248168852,1174053183,138,149584,38,84,8850320,131,68022934,16511,3488226,1
Pepas,Pepas,Farruko,2021-06-24,USSD12100307,82,167,1500499584,359502,125112486,74,1431591689,11553088,2866181,290811371,4067248819,782475986,258,240677,438,137,4015523,102,120046948,89582,17210946,1
Peekaboo,Glide - Single,Dave Angel,2023-01-27,GBLTF2300027,83,167,8082,63,32758,67,2055940513,4150967,182200,26534406,265917250,98142716,1,13,86,15,237120,17,12735768,7832,442,0
Ella Baila Sola,Ella Baila Sola,Eslabon Armado,2023-03-16,USE7D2300007,84,166,1215336974,129463,39814172,74,701880622,3831236,5416,550073,15373104,546259059,83,40153,227,24,4946338,61,84378219,53890,3435177,0
Dance The Night - From Barbie The Album,Dance The Night (From Barbie The Album),Dua Lipa,2023-05-25,USAT22305457,85,166,860026452,74769,139913794,80,173044031,1640319,175536,90924917,1227837850,1205266954,7,759185,1100,82,4067956,17,64567514,22064,3199636,0
La Bebe - Remix,La Bebe (Remix),Yng Lvcas,2023-03-17,MXF152300159,86,165,1032225805,94887,74469479,79,920878032,3118229,1031612,116003972,2416141351,1690231413,83,57941,177,42,3360878,48,55410702,27415,2635577,1
redrum,american dream,21 Savage,2024-01-12,USSM12309164,87,165,428233003,57311,144298748,67,105148629,1762297,87200,6732800,43993800,977638660,74,102457,56,48,4037475,60,16802867,11821,2490071,1
Easy On Me,Easy On Me,Adele,2021-10-14,USSM12105970,88,163,1720918065,209635,93875458,73,1194846205,13561925,1912194,733101955,7860224413,6353555150,325,774277,1316,257,5323750,100,203324731,126594,7569155,0
Titï¿½ï¿½ Me Pregu,Un Verano Sin Ti,Bad Bunny,2022-05-06,QM6MZ2214878,89,163,1514239759,190692,77283361,77,1366181141,9358441,1769068,475656543,5249863696,488048337,150,145640,920,44,5591928,108,69095169,81914,5133847,1
All My Life (feat. J. Cole),All My Life (feat. J. Cole),Lil Durk,2023-05-12,USQX92302957,90,162,333202114,108322,41018697,68,203487345,2084532,928132,63253779,748253884,735908540,148,346411,146,30,1277729,60,90114807,46789,4207535,1
Anti-Hero,Midnights,Taylor Swift,2022-10-21,USUG12205736,91,162,1563224246,117005,97456780,80,203259285,3482508,1302967,376660493,3864505972,724976542,261,1034319,1088,74,4457357,150,92338994,45974,4703179,0
"Quevedo: Bzrp Music Sessions, Vol. 52","Quevedo: Bzrp Music Sessions, Vol. 52",Bizarrap,2022-07-06,UYB282201028,92,162,1692951462,209490,88591675,78,1132539234,8795731,1212100,196608777,2054826154,56677146,99,138254,37,58,5211955,65,18052815,5213,6836893,0
Magnetic,SUPER REAL ME,ILLIT,2024-03-25,USA2P2413259,93,161,255076355,11500,90584540,86,202206901,2596912,182200,57656713,506476590,273521596,67,4716,137,9,423666,44,220481,1207,659825,0
Lollipop,EVERYBODY GO TO THE DISCOTEK,Darell,2023-07-28,USSD12300307,94,158,275349653,37806,22826643,70,347506860,1553295,4349700,321239621,4767676439,2676837761,19,23875,96,37,3780737,29,5101044,5276,1245874,1
La Diabla,La Diabla - Single,Xavi,2023-12-02,USA2P2357356,95,156,649404552,27544,47789063,83,433839212,2750086,182200,414833,10603563,1795939912,29,16287,462,34,16509806,26,22603598,29401,1380069,0
Boy's a Liar Pt. 2,Boy's a liar Pt. 2,PinkPantheress,2023-02-03,GBAYE2300015,96,154,851085705,129047,50996176,70,211810152,2461166,3502547,955272568,8781020473,806434641,162,223173,6243,65,8655684,130,10207007,36847,2580691,1
Snooze,SOS,SZA,2022-12-09,USRC12204591,97,153,1013350808,108036,86470319,84,390677417,2521214,402338,97819766,887803828,560893301,154,559589,513,60,2707900,61,74611167,85113,3129609,1
BELLAKEO,BELLAKEO,Peso Pluma,2023-12-07,QMFMF2388143,98,153,359803580,26065,79152427,86,369321334,1839225,720800,74164945,874056250,4123457278,40,16952,69,63,18139662,51,20058510,7289,1002835,1
Agora Hills,Scarlet,Doja Cat,2023-09-22,USRC12301954,99,153,509653100,66219,67521533,67,48045203,986278,328562,88846508,544437406,1561456615,80,400206,14,78,9341155,39,23110274,19559,4295361,1
Prada,Prada,cassï¿,2023-08-11,GBCEN2300147,100,152,609699748,128498,160755092,83,47611547,418343,283600,96934486,1090501901,113545664,129,123242,1570,167,15480679,100,1210830,1073,854584,1
Montagem Rave Eterno,Montagem Rave Eterno,Dj Samir,2024-05-02,GXD7G2413058,101,152,5157486,470,2924720,67,1278618,27849,1100000,261000,3900000,98142716,3,5954,86,2,39366,17,12735768,7832,47658,0
Lil Boo Thang,Lil Boo Thang,Paul Russell,2023-08-18,USAR12300323,102,152,242070373,37170,74130983,76,22907992,261664,2553106,312997953,3832221658,15593731,106,370635,5999,69,1792014,79,84425715,30713,2219984,0
MONACO,nadie sabe lo que va a pasar maï¿½ï¿,Bad Bunny,2023-10-13,QMFME2364182,103,151,478150858,73306,51842133,78,113379734,1312763,1700998,182319546,2111289492,90954700,78,35330,39,56,15784760,53,17823388,12664,2255465,1
Laxed (Siren Beat),Laxed (Siren Beat),Jawsh 685,2020-04-24,USSM12002399,104,150,61382407,7240,1708319,43,9977490,201210,37726462,9239474,147837262,98142716,15,10152,86,5,59317,1,12735768,7832,3819161,0
(It Goes Like) Nanana - Edit,(It Goes Like) Nanana [Edit],Peggy Gou,2023-06-15,GBBKS2300080,105,150,460156070,163449,127827271,77,8183226,98257,530103,65920648,1032799567,56004473,28,195140,86,102,3034022,111,1132923,1312,9279625,0
Training Season,Training Season,Dua Lipa,2024-02-15,GBAHT2301078,106,149,251153869,16811,92985554,76,66691067,961957,102884,34572688,431390500,2120552147,162,180711,57,127,33540073,116,10305245,3796,2047771,0
Type Shit,WE DON'T TRUST YOU,Future,2024-03-22,USSM12402033,107,148,205206688,28064,84737651,84,39453253,672789,182200,26534406,265917250,232440923,99,3432,45,41,2943724,47,5897303,4527,900933,1
Armageddon,Armageddon - The 1st Album,aespa,2024-05-27,KRA302400093,108,147,32942304,1262,26204483,74,57861795,1257935,182200,26534406,265917250,29510774,37,290,6,5,530831,33,21869,48,29736,0
INDUSTRY BABY (feat. Jack Harlow),INDUSTRY BABY (feat. Jack Harlow),Lil Nas X,2021-07-23,USSM12104539,110,145,2014959725,354831,87942438,70,1003346208,16856186,1750366,915814897,9558947943,3191316960,360,245228,925,109,3242122,74,75167268,96430,12693846,1
Pedro,Pedro - Single,Jaxomy,2024-03-29,DEE862400427,111,145,168145583,27654,159737263,85,35008949,717214,182200,26534406,265917250,39149568,107,4448,86,158,16345999,54,39577,482,2408838,0
Fast Car,Gettin' Old,Luke Combs,2023-03-24,US6XF2200436,112,144,518988585,73116,58391498,80,107703759,768813,354036,74258021,924204888,103658014,117,673629,59,67,8306302,104,184924061,88890,3108167,0
Bling-Bang-Bang-Born,Bling-Bang-Bang-Born,Creepy Nuts,2024-01-07,JPU902305042,113,144,247399972,22222,13870528,80,389540239,4392933,182200,22950364,296522040,1041035733,53,807,86,18,357941,17,537267,1928,1069500,0
Aesthetic,Aesthetic,Tollan Kim,2022-03-04,SGB502208576,114,144,5712985,2311,535908,44,3120073,56276,20114495,2452502310,33870791454,98142716,4,22,86,4,1397,1,21564,81,249823,0
Hands,Hands,Dianï¿½,2022-08-01,GBKPL2205333,115,144,126914,8,212,1,2435813922,7208467,33,188,6415,26630093,28,658,86,15,237120,17,12735768,7832,295,0
Saturn,Saturn - Single,SZA,2024-02-24,USRC12400216,117,143,343090427,21104,154253718,87,38173339,349660,182200,26534406,265917250,196380893,120,158378,360,103,10995523,87,11441987,7496,745798,0
Chegou a Hora de Ir para Cama (Playback),3 Palavrinhas Vol.9 (Playback),3 Palavrinhas,2024-06-04,BXT622400190,118,142,239850720,32312,13259481,67,39323383,44223,182200,26534406,265917250,98142716,28,5954,86,15,237120,17,12735768,7832,854584,0
WAIT FOR U (feat. Drake & Tems),WAIT FOR U (feat. Drake & Tems),Future,2022-04-27,USSM12203789,120,141,787155930,183850,58397185,77,357772653,2590835,931660,95662104,836550889,3934416606,150,463665,1308,32,399388,69,182315884,53326,3534164,1
I KNOW ?,UTOPIA,Travis Scott,2023-07-28,USSM12305012,121,140,532605345,128534,31725858,81,97958347,1237197,322900,108595670,947194801,259363238,46,107637,57,33,1423258,40,6334599,8712,1861958,1
ANDO,ANDO,Jere Klein,2023-09-27,QMDA72363047,122,139,292789738,28591,30905957,72,406307035,809942,1900606,68341852,872862858,1969191415,11,1754,86,15,8391160,1,764473,5168,1195337,1
First Class,First Class,Jack Harlow,2022-04-08,USAT22203024,123,139,818858244,223609,49586777,71,231229581,2756840,1610614,624748318,6890780336,3849170813,148,666615,4406,37,759989,77,117451442,40907,4244972,1
FE!N,UTOPIA,Travis Scott,2023-07-28,USSM12305010,124,138,659010786,129923,93969186,86,125203447,1990342,22100,13787343,107398826,244390161,87,37314,361,46,2137898,38,3029375,6510,1839283,1
Save Your Tears - Live,After Hours (Live At SoFi Stadium),The Weeknd,2023-03-03,USUG12301493,125,138,3913988,545,1054122,40,1577017938,9304666,182200,26534406,265917250,2651764724,28,25,86,15,237120,17,5260,7832,854584,1
Losing Interest - Original Mix,Losing Interest (Original),Goovex,2024-06-10,CA5KR2465999,126,136,126247886,5,5973,1,148269610,1257935,182200,26534406,265917250,98142716,28,5954,86,15,237120,17,12735768,7832,854584,0
I Ain't Worried,"I Ainï¿½ï¿½ï¿½t Worried (Music From The Motion Pi""Top Gun: Maverick"")",OneRepublic,2022-05-13,USUM72206227,127,136,1607421145,212406,160444270,83,409785349,3326477,247865,155593087,1825552705,2563240162,267,523907,3418,111,4754372,75,152770142,49622,9091826,0
MI EX TENï¿½ï¿½A RA,MAï¿½ï¿½ANA SERï¿½ï¿½ BONITO (BICHOTA,KAROL G,2023-08-10,USUG12305253,128,136,438796949,23959,34805394,78,509727241,2202866,1223804,46080266,782582119,1337889706,56,60758,959,29,3457921,38,38214505,9932,865444,0
Drained of Color,Drained of Color,Exhumed,2022-08-30,US2642250302,129,134,158627,635,18765,16,2156140830,1257935,9,422,4484,1318392,28,29,86,15,237120,17,1132,7832,208,0
Mood (feat. iann dior),Mood (feat. Iann Dior),24kGoldn,2020-07-24,USQX92003025,130,133,1867736006,302486,82611625,76,747126783,10795292,2467227,160756733,1768836179,2069527154,329,931316,1897,273,3821598,85,240562062,131540,10228436,1
Dynamite,Dynamite,BTS,2020-08-21,QM7282022872,131,132,1872577908,144619,51186002,74,2638957320,62311179,3098499,662794945,5063720138,2199001119,323,351169,198,355,1888088,98,12735768,7832,7896781,0
Looking Like a Wow End of Year 2023,Looking Like a Wow,WasteLand,2023-12-10,GXBAV2381801,132,131,8327,3,8,67,148269610,1257935,4200000,3646489,73318253,98142716,28,5954,86,15,237120,17,12735768,7832,522,0
Acrï¿½ï¿½s,Acrï¿½ï¿½stico - Si,Shakira,2023-05-11,USQX92302824,134,130,230849195,23091,12233221,64,363082908,5135848,4897595,104580759,1551501289,150614267,49,24103,214,25,319914,33,23525446,4705,623446,0
Made You Look,Takin' It Back,Meghan Trainor,2022-10-21,USSM12204574,135,130,720720922,74295,89509926,77,221078988,2557839,4687520,1252326407,15247253457,718932832,108,412680,5869,43,1491347,59,81828913,36462,3086624,0
PHONK BRASILEIRO FRESCO (Slowed + Reverb),PHONK BRASILEIRO FRESCO,DJ MOIGUS,2023-06-22,QZMEQ2306756,136,129,1378494,351,43395,34,1022331,22739,7702832,90289248,1272592848,98142716,28,5954,86,15,237120,17,12735768,7832,50550,0
"Sooseki (From ""Pushpa 2 The Rule"") [TELUGU]","Sooseki (From ""Pushpa 2 The Rule"") [TELUGU]",Shreya Ghoshal,2024-05-29,INS182401602,137,129,2827545,62,1433870,67,54330074,801621,182200,26534406,265917250,98142716,28,5954,86,15,237120,10,12735768,7832,5620,0
vampire,vampire,Olivia Rodrigo,2023-06-30,USUG12304091,138,129,998964097,90793,87801398,18,113450524,2108657,394640,152624014,1448207880,1111017294,173,161513,93,61,5239925,128,28318435,67590,4872257,1
Casca de Bala,A Cara das Vaquejadas 3.0,Thullio Milionï¿½ï¿,2024-03-01,BCAEW2400001,139,128,37157630,2052,30387641,74,63418833,427441,1600000,853176,8850449,149589609,11,190,86,32,8460458,11,12735768,7832,42895,0
Back,Back,LOLA,2022-08-03,UKQNV2100272,140,128,48428,92,15747,3,2123978358,5670850,111,102828,735317,98142716,28,46,86,15,237120,17,12735768,7832,854584,0
People,People - Single,Libianca,2022-12-05,QZTB52268087,141,128,631955547,121823,45030006,74,305998382,2647341,3168854,243797561,3233505931,704906130,145,122781,202,74,1217657,54,9017480,11289,6121126,1
Jedag Jedug Capcut 2024,Jedag Jedug Capcut 2024,Afrian Af,2024-01-05,ATR981312465,142,127,239850720,1,47,67,148269610,1257935,3528100,37591836,688302023,98142716,28,5954,86,15,237120,17,12735768,7832,854584,1
Lady Killers II (Christoph Andersson Remix),Lady Killers II (Christoph Andersson Remix),G-Eazy,2024-03-17,TCAIA2495220,143,127,94635338,10537,11716074,67,944314,17943,1300000,182937084,1542242100,98142716,13,5954,2,15,237120,8,684557,1079,1597467,1
I Don't Wanna Wait,I Don't Wanna Wait,David Guetta,2024-04-05,UKWLG2400013,144,127,114574238,10564,180987712,84,9134225,124326,299000,4419373,79796400,3117914,87,86814,159,128,35099280,133,4503872,442,854584,0
Abc,Abc,J Ross,2023-02-14,CLLU22300585,145,127,31867,5,5100,1,1538564650,2066653,182200,26534406,265917250,98142716,28,174,86,15,237120,17,12735768,7832,1178,0
La Bachata,La Bachata,Manuel Turizo,2022-05-26,QZDYA1800087,146,126,1721045197,156941,97122096,81,798827877,3379928,1614275,209367923,2596777974,420585933,142,152522,1161,97,8709032,133,47203290,19769,4817885,0
ýýýýýýýýýýýýýýýýýýýýý,ýýýýýýýýýýýýýýýýýýýýý,FLI:P,2023-04-07,FRX282306294,147,125,8028757,1972,488653,44,48533758,399664,8800000,256186613,3985974550,6879573,1,373,86,15,237120,17,12735768,7832,220198,0
Peaches (feat. Daniel Caesar & Giveon),Justice,Justin Bieber,2021-03-19,USUM72102636,148,125,1612286123,282719,97390961,74,1019256266,10280320,1404274,502778982,4702037810,2889452237,348,569287,789,342,2587713,90,92111798,90598,7848760,1
PROVENZA,PROVENZA,KAROL G,2022-04-22,USUM72205906,151,124,1185929926,103026,64847502,76,1229843060,5870729,1300337,251445963,2829294043,763687717,115,130158,688,75,7349218,90,92136339,29371,3397861,0
WAP (feat. Megan Thee Stallion),WAP (feat. Megan Thee Stallion),Cardi B,2020-08-07,USAT22005111,152,123,1325725696,171255,53040559,72,1329826741,15965491,8470921,1183499351,9539547626,181452145,222,91249,306,94,249116,50,184950173,397731,4618794,1
SPOT!,SPOT!,ZICO,2024-04-26,USA2P2421932,153,123,77757035,3407,35428519,81,100148771,2531168,99900,46645177,366905484,24981456,27,1861,51,2,151901,20,63300,98,173263,0
Family Matters,Family Matters,Drake,2024-05-03,USUG12402984,154,123,72335127,8696,36774031,86,41492122,1034563,182200,26534406,265917250,166330702,38,1488,86,16,1504365,60,3065493,2302,283217,1
Again,Missing,Kurochuu,2024-06-09,CA5KR2466577,155,122,136237285,2,2190,2,148269610,1257935,182200,26534406,265917250,98142716,28,5954,86,15,237120,17,12735768,7832,854584,0
Seven (feat. Latto) (Explicit Ver.),Seven (feat. Latto),Jung Kook,2023-07-14,USA2P2330093,156,122,1673557134,54950,91343768,80,397523735,10125293,341522,114990786,761760624,1800517153,86,23714,861,54,5286388,56,6442882,4352,2310409,1
Last Night,3 Songs At A Time Sampler,Morgan Wallen,2023-01-31,USUG12300802,157,122,922010059,107189,61174155,79,141852059,567295,285414,61112010,811685466,182412108,106,18364,1846,7,33712,38,307115852,200650,2665347,1
Too Sweet,Unreal Unearth: Unheard,Hozier,2024-03-22,IEACJ2300335,158,121,532012790,22396,130752527,85,13119247,218957,182200,26534406,265917250,98142716,235,6952,86,85,25307005,108,12735768,7832,2580089,0
QLONA,MAï¿½ï¿½ANA SERï¿½ï¿½ BONITO (BICHOTA,KAROL G,2023-08-10,USUG12305257,160,121,850810162,56104,79334561,82,258553384,1174349,1167300,58820722,717259721,590681204,72,39951,4,57,7146260,83,32210732,12492,1537093,1
Leave The Door Open,Leave The Door Open,Bruno Mars,2021-03-05,USAT22100906,161,120,1312168384,248793,50068571,75,993324548,9537455,1503567,369280607,3350704343,2421128623,308,557867,309,120,1553392,103,149304590,91366,10288388,0
ýýýýýýýýýýýýýýýýýý,ýýýýýýýýýýýýýýý 3ýýýýýý ýýýýýýýýýýýýýýý,ýýýýýýýýýýýýýýý(ýýýýýýýýýýýýýýý),2022-01-05,JPKI02118106,162,120,548408,130,20518,24,1356336,17701,18000000,334009036,7041708832,98142716,1,5954,86,15,237120,17,12735768,7832,69763,0
good 4 u,good 4 u,Olivia Rodrigo,2021-05-14,USUG12101245,163,118,2167768056,309421,72787213,79,773591065,11098007,1893481,1080682523,8186754429,2285796743,355,4835,1283,98,1610293,102,119030447,170032,854584,1
DESPECHï¿,DESPECHï¿,ROSALï¿½,2022-07-28,USSM12207207,166,117,1003487432,126402,88024543,73,621874255,2859234,2409247,476447290,6208638113,672233681,152,175614,1077,105,6388819,97,40988020,6129,3205234,1
ROCKSTAR (feat. Roddy Ricch),BLAME IT ON BABY,DaBaby,2020-04-17,USUM72007941,167,117,1638836101,272933,50425049,70,1170441361,13667470,5241838,364560431,3869815694,201859518,216,298661,62,98,1699879,47,245618280,272002,7646337,1
Eyes Closed,Eyes Closed (Piano Version),Ed Sheeran,2023-03-23,GBAHS2201304,168,117,372423476,44730,21933393,71,131308671,1074684,1102985,38959591,830123390,961201576,132,644972,287,32,1018314,68,40613139,6969,2886987,0
I Remember Everything (feat. Kacey Musgraves),I Remember Everything (feat. Kacey Musgraves),Zach Bryan,2023-08-24,USWB12304903,169,116,630373315,70400,105320547,84,50938569,246731,215433,70110809,586454750,207483261,95,83414,35,47,9094602,112,147144967,33058,1673932,0
EL AMOR DE SU VIDA,EL AMOR DE SU VIDA,Grupo Frontera,2023-08-03,DGA062382895,171,116,474590289,24891,25915889,78,577930708,1569516,136500,32754141,509287649,1484713132,27,15783,215,22,2762020,27,44676754,9094,1173817,0
About Damn Time,About Damn Time,Lizzo,2022-04-14,USAT22202139,172,116,847025688,104052,47808065,66,106024874,1080393,3030761,1522267606,15665483220,22274346,215,1024138,2826,143,1456203,4,12735768,7832,5445721,1
FLOWER,ME,JISOO,2023-03-31,KRA402300002,174,114,440364356,26107,15314737,70,525156884,10820829,3411209,550993898,6724997940,68869541,33,11830,92,6,26844,35,1335366,3263,1058579,0
PERRO NEGRO,nadie sabe lo que va a pasar maï¿½ï¿,Bad Bunny,2023-10-13,QMFME2364199,175,114,689181455,61138,90492257,83,183381482,738123,213300,49332435,487440417,546833520,67,32507,175,51,13729294,44,14039085,3684,930098,1
Rich Baby Daddy (feat. Sexyy Red & SZA),For All The Dogs,Drake,2023-10-06,USUG12306085,176,113,372248119,68037,44498005,67,86580734,1106306,77600,20713030,128182068,384403788,53,44112,31,13,481832,39,19029194,36347,2131059,1
LUNA,FERXXOCALIPSIS,Feid,2023-12-01,USUM72318216,178,113,606124553,40628,139802900,86,166363445,1019744,14519,5128004,29601244,476273095,80,51631,170,64,14011480,31,1550124,1179,1704574,0
I Like You (A Happier Song) (with Doja Cat),Twelve Carat Toothache,Post Malone,2022-06-03,USUM72208023,179,112,827950825,118965,64661540,73,299001099,2751490,172228,118133115,1359837461,3624466116,83,761996,2175,43,3276564,70,150508004,31988,3384275,1
Bones,Bones,Imagine Dragons,2022-03-11,USUM72201759,180,112,1227475431,180053,70861210,78,584854654,6691488,341199,191133207,2255843288,3064084870,94,305868,1789,47,1718874,67,124506820,66190,7031981,0
Segï¿½ï¿½n Qu,Segï¿½ï¿½n Qu,Maluma,2023-08-17,USSD12300400,182,112,571366508,32236,42828677,79,475200526,1369288,182200,26534406,265917250,1602673476,50,38691,423,60,10199675,29,35912217,8715,1703294,1
Selfish,Selfish,Justin Timberlake,2024-01-25,USRC12400001,181,112,92932220,8847,31258778,67,42581931,513055,182200,26534406,265917250,1607922581,73,232736,18,75,12673906,43,28794637,6080,1440935,0
golden hour,golden hour,JVKE,2022-07-15,GBKPL2204171,183,111,1126986320,200887,45885823,73,293553015,5388022,461623,313934124,2305840359,2451087344,77,148360,719,22,379311,35,32611885,64225,3897680,0
Get It Sexyy,Get It Sexyy,Sexyy Red,2024-03-15,QZSYP2454435,185,111,89362910,7377,70714216,84,37676729,525264,361700,71058620,476545000,126493852,52,52534,976,4,57534,58,10234988,14251,514293,1
"This Wish - From ""Wish""","This Wish (From ""Wish"")",Ariana DeBose,2023-10-18,USWD12328242,186,111,26674909,2673,8562091,19,7863539,84565,4304279,50776319,709276580,300010,36,214,86,4,81296,20,1639744,2942,87704,0
IDGAF (feat. Yeat),For All The Dogs,Drake,2023-10-06,USUG12306072,187,111,406875019,85930,45178662,67,39850191,427973,1225,2163852,22689637,11148894,29,4395,109,16,435466,29,1498994,6021,964984,1
Ojitos Lindos,Un Verano Sin Ti,Bad Bunny,2022-05-06,QM6MZ2214888,188,111,1421763497,152592,62313059,78,945857087,5587691,179400,14518451,225142753,171156518,91,72953,191,42,6938988,49,57148186,17651,3087489,0
Escapism.,Escapism. / The Thrill Is Gone.,RAYE,2022-10-12,QMDA62217995,190,110,804925777,128247,62532855,75,175393116,1729347,935169,362063344,3209982240,841611064,138,400246,65,65,8982560,66,21279325,11614,6548714,1
Stargazing,Stargazing,Myles Smith,2024-05-10,GBARL2400510,191,110,106599323,9406,164949597,87,10331471,167936,182200,279000,4700000,38232470,120,11172,14,93,14817504,109,3667355,548,854584,0
Jimmy Cooks (feat. 21 Savage),"Honestly, Nevermind",Drake,2022-06-17,USUG12204897,192,110,971473231,239671,77479207,78,198796965,2003253,803500,85725313,926300276,327806846,110,1041,641,18,314003,57,50899547,48037,3142892,1
What You Know Bout Love,Shoot For The Stars Aim For The Moon,Pop Smoke,2020-07-03,USUM72013339,193,110,1125681368,251023,32574699,72,306628096,3322075,5487112,345484397,2775640343,258709304,119,372838,744,21,94686,22,224742683,79225,3908069,1
Classy 101,Classy 101,Feid,2023-03-31,USUM72304895,195,109,872148396,90726,70485920,78,477047694,1887642,459540,102272836,1113541743,1850185458,94,46835,186,50,12249404,55,11049774,3399,1625704,1
Whatever,Whatever,Kygo,2024-01-19,USRC12302637,196,109,222354971,17551,159961203,83,45439562,522558,182200,26534406,265917250,1880782257,111,191358,278,171,32320584,109,10225886,568,1421900,0
Whatever She Wants,Whatever She Wants,Bryson Tiller,2024-02-13,USRC12400299,197,108,207093873,23181,114051028,87,19787472,254004,67400,22398663,298300000,320540886,61,5477,577,31,1483573,65,6895257,6101,854584,1
Vois sur ton chemin - Techno Mix,Vois sur ton chemin (Techno Mix),BENNETT,2023-08-04,DEA622301801,198,108,361517395,119783,95312340,80,37192341,491577,13334,1804060,35999853,3117914,56,56118,86,52,4459149,23,12735768,7832,4372188,0
"yes, and?","yes, and?",Ariana Grande,2024-01-12,USUM72400048,199,108,416813996,22468,101875097,67,115105080,2893111,77900,5912130,10072539,2382932899,106,79382,114,87,6747701,92,3441709,3255,1028262,1
meet the grahams,meet the grahams,Kendrick Lamar,2024-05-03,USUG12400909,201,107,65520394,8933,15896982,67,36834647,1700363,182200,1542400,7700000,127419599,13,275,86,7,397856,22,1062564,2314,185009,1
First Person Shooter (feat. J. Cole),For All The Dogs,Drake,2023-10-06,USUG12306071,202,107,328526298,72252,68612350,67,61769035,1228629,859,267545,2571188,1488182707,54,99793,16,19,2797550,49,28093871,6623,1198582,1
Rush,Rush,Ayra Starr,2022-09-16,NGA3B2216004,205,106,371886608,98009,19411516,67,361174452,1904397,3035139,98505939,1454848289,269311214,162,85871,230,47,2772886,67,10681624,3972,8870769,0
abcdefu,abcdefu,GAYLE,2021-08-13,USAT22103652,206,106,1128273165,193857,61311826,70,499895662,6801671,2167302,1127247971,12414681151,3366280433,209,470778,1509,79,4946332,45,154675499,105068,7565502,1
Buga,Buga,Kizz Daniel,2022-05-03,USUYG1425645,208,106,86516910,30835,3440925,57,266679537,1536035,10289181,119876546,1872751535,29657775,51,13698,86,9,580760,19,7380862,2596,3876226,0
Bad Habit,Bad Habit,Steve Lacy,2022-06-29,USRC12201440,207,106,1087938471,220515,63054597,73,147472695,2050299,902163,360938850,2783442788,2111662944,132,2962,1461,69,3999785,58,13639179,45788,4118983,1
MONEY,LALISA,LISA,2021-09-10,KRA402100099,210,106,1189335848,103236,33637835,73,1323718887,20328622,3707867,1292738947,12516703531,1203702704,54,29685,461,29,484446,25,4765438,18921,3720737,1
Columbia,Columbia,Quevedo,2023-07-07,BK4DA2310533,209,106,721002940,84161,56226278,79,266411536,1343262,372100,71411756,752868970,535715103,47,51158,44,39,1537049,64,260176,1269,1148958,0
LADY GAGA,LADY GAGA,Peso Pluma,2023-06-22,QM7282306246,212,105,684204777,48370,25130304,78,362779953,1617493,777100,112400175,1207597707,297822969,51,4811,27,22,13901598,32,21933646,13520,1567605,1
Woman,Planet Her,Doja Cat,2021-06-25,USRC12101532,211,105,1606950381,217443,95985096,78,641326002,7454749,2148350,795146493,5944657895,3148985028,217,414829,1849,84,3363038,42,64368314,44396,5907933,1
CUFF IT,RENAISSANCE,Beyoncï¿,2022-07-29,USSM12206232,213,105,795960535,100204,68659216,73,176996169,1606296,2762888,945005125,11215597325,251341543,182,481547,818,108,3025424,142,41249326,32516,3861203,1
KING KONG,KING KONG,TREASURE,2024-05-28,KRA402400030,214,104,8078265,207,12311489,68,44927750,931230,182200,26534406,265917250,98142716,10,70,86,5,572,25,6554,4,12404,0
How You Like That,How You Like That,BLACKPINK,2020-06-25,KRA402000111,215,104,1033109188,82170,21177170,68,1584676582,29210301,10007464,628046798,7988463856,328047537,96,36043,37,34,130559,46,8108765,42199,3461123,0
Milf Song,Milf Song,The Puddleducks,2022-08-19,QZMEP2285895,216,104,1165982,1176,23110,28,1704936540,3631067,1865,1476436,7758599,1318392,28,1,86,15,237120,17,12735768,7832,1261,0
Nasty,Nasty,Tinashe,2024-04-12,USLD91757578,217,104,31612906,3887,106475497,76,6277949,171470,535464,171691158,1051026401,480,38,1638,13,3,153459,69,154795,1095,336779,0
Superhero (Heroes & Villains),HEROES & VILLAINS,Metro Boomin,2022-12-02,USUG12208783,218,104,706356280,166277,62975073,77,172653099,1750863,32432,14181961,108461504,205280243,56,72856,331,13,1040628,41,27896080,16722,2363066,1
Push Ups,Push Ups,Drake,2024-04-19,USUG12402283,220,104,107762230,14601,74447627,67,14792036,301396,182200,26534406,265917250,26026257,42,157,6,12,1162053,54,5661793,2749,432776,1
Tattoo,Tattoo,Loreen,2023-02-25,SEUM72201638,221,104,518846340,83033,48268736,77,348331280,3205077,236349,68936229,718955243,800667085,113,216701,86,66,2861624,54,334813,3599,7777679,0
Kiss Me More (feat. SZA),Kiss Me More (feat. SZA),Doja Cat,2021-04-09,USRC12100543,222,103,1823871908,262313,116916147,76,307855103,2540592,2074944,1053759171,8035914098,2053577,470,551084,650,129,1850223,98,100039259,54999,9556378,1
What It Is (Block Boy) (with Kodak Black),What It Is (Versions),Doechii,2023-03-17,USUG12301757,223,103,102772879,29487,4775168,61,65934972,760669,3308739,92626234,847338969,2863864,29,364224,125,7,265913,32,16502733,8732,4072292,1
Gata Only,Gata Only - Single,FloyyMenor,2023-12-21,QZNN22329474,224,103,4674619,1841,61398,67,108313521,990782,2200000,35324159,391444977,1286981,28,1,86,15,237120,17,12735768,7832,854584,0
Illusion,Illusion,Dua Lipa,2024-04-11,GBAHT2400114,225,103,108501771,7430,117576704,12,3947610,60459,3584,4057,38200,165475383,113,90842,66,74,4720248,75,5866019,522,437667,1
drivers license,drivers license,Olivia Rodrigo,2021-01-08,USUG12004749,226,103,2184754018,250778,70173770,79,984811734,18682671,1365848,617386471,3781894216,642666612,347,4173,272,214,1182092,72,77733001,230402,11006064,1
Used To Be Young,Endless Summer Vacation,Miley Cyrus,2023-08-18,USSM12306461,227,102,205468104,30639,39407660,69,61624959,1364492,67350,33519594,503074793,1819751244,97,419595,266,64,1571733,62,55443800,10442,1999859,0
Cupid - Twin Ver.,The Beginning: Cupid - Single,FIFTY FIFTY,2023-02-24,KSA012239181,229,102,861388470,103040,37365896,48,15219067,176594,2107181,407118298,4388576830,98142716,110,152024,624,34,336049,77,21156145,21450,5114752,0
How Sweet,How Sweet,NewJeans,2024-05-24,USA2P2414843,228,102,33595707,1940,36883184,79,40327759,965652,182200,26534406,265917250,164750613,58,734,2,8,835757,62,63815,100,44878,0
Players,Players,Coi Leray,2022-11-30,USUM72222387,230,102,465588517,91658,60607887,67,109781672,1706148,1456347,477814190,4784803362,383354491,110,453212,7098,42,843815,63,37137946,16871,5620077,1
Lil Somethin Somethin,Lil Somethin Somethin,Vayah,2023-03-11,QZDA72340256,232,102,11648,6,2392,67,1175875850,1505556,182200,26534406,265917250,1318392,28,26,86,15,237120,17,12735768,7832,16,1
Here With Me,Here With Me,d4vd,2022-07-20,QZMEM2209263,234,101,1042311849,154178,58833842,80,256736243,2649848,2321933,467461517,3656967030,313752369,79,18211,111,48,636981,41,4556490,10111,3315939,0
Favorite Song,Favorite Song,Toosii,2023-02-17,USUM72301797,235,101,186579651,45668,6252506,62,231699320,1670867,249537,11127302,117325107,533205544,43,200850,717,4,290227,9,111316408,71027,2561322,0
Si No Quieres No,Si No Quieres No - Single,Luis R Conriquez,2024-03-09,US3DF2417042,233,101,158131138,5423,71590238,85,135893150,889014,142300,14500,147200,134369232,34,8,3,8,2319237,15,5439215,3601,833928,0
Mele Kalikimaka,"Essential Classics, Vol. 166: Bing Crosby",Bing Crosby,2024-06-05,ES31E2401197,237,101,186123398,52,50069,67,148269610,1257935,182200,26534406,265917250,98142716,28,5954,86,15,237120,17,12735768,7832,854584,0
MONTERO (Call Me By Your Name),MONTERO (Call Me By Your Name),Lil Nas X,2021-03-26,USSM12100531,238,101,1902241314,316054,50751390,70,274582854,3603644,2297386,864049980,7655286423,3417613,310,262285,2026,112,2516760,80,72087250,72155,10553717,1
Voz Emplumada del Monte,Voz Emplumada - EP,Biomigrant,2023-03-03,QZ5FN2369288,239,100,42761,80,1636,16,1138846819,2113492,182200,26534406,265917250,98142716,28,5,86,15,237120,17,12735768,7832,449,0
Is It Over Now? (Taylor's Version) (From The Vault),1989 (Taylor's Version),Taylor Swift,2023-10-26,USUG12306691,240,100,406821432,20404,26073555,67,23505530,266969,80218,12641848,113073762,1569274837,38,337262,20,27,740249,38,18715607,6762,1551811,0
Si No Estï¿½,Si No Estï¿½ï¿½s - Si,iï¿½ï¿½igo quin,2022-09-22,TCAGM2208561,241,100,665716137,97057,33252792,80,358206246,2896698,2900087,216927444,2653383273,862779648,33,77764,119,51,27583086,60,202795,1067,5502998,0
Glimpse of Us,Glimpse of Us,Joji,2022-06-10,USWB12201789,242,100,1262308912,234936,83890841,74,66246839,2067331,865354,1031153514,8988453878,4898615770,97,116337,620,40,2380981,45,9562991,17436,4350230,0
Corazï¿½ï¿½n de Pi,Corazï¿½ï¿½n de Piedra - Si,Xavi,2024-03-23,USA2P2414894,244,99,172164034,5517,48983734,82,117450205,1103003,182200,26534406,265917250,135952492,11,1879,86,7,2124457,16,9152713,1759,418366,0
Praise Jah In The Moonlight,Praise Jah In the Moonlight - Single,YG Marley,2023-12-27,CH7811111177,245,98,298853393,50137,43508958,70,112961806,2336117,182200,64504808,928812348,366430788,63,4,6,43,5691935,43,2135934,8861,854584,1
WHERE SHE GOES,WHERE SHE GOES,Bad Bunny,2023-05-18,QM6P42334528,246,98,717849037,98440,37797217,72,217687654,1929598,308670,85402638,808518802,47337825,126,57673,125,35,1416698,41,12735768,7832,2076698,1
Yandel 150,Yandel 150,Yandel,2022-12-20,QMFMF2215173,247,98,837576264,102545,38825844,70,472335529,1511715,632917,43022167,631781362,443395467,60,65694,29,39,5582630,63,26717443,8054,2660197,1
THATS WHAT I WANT,MONTERO,Lil Nas X,2021-09-17,USSM12105732,248,98,1062095453,165197,75503476,72,194928107,3281325,1174669,331324816,3501946982,3618055498,156,830038,2344,83,2949606,46,54997089,27977,5957065,1
Todo De Ti,Todo De Ti,Rauw Alejandro,2021-05-20,USSD12100202,249,98,1339352060,188874,76063128,75,873449363,6108611,3247015,488004183,4445597088,1866730745,208,102968,295,68,4468373,79,58740730,23062,5640680,1
Chemical,Chemical,Post Malone,2023-04-14,USUM72305205,250,98,503574147,79679,43648353,75,90349145,902237,20078,8878995,134469226,476594485,94,369794,678,35,564291,45,41533233,7841,2334089,1
Shooting Star,Kep1going On,Kep1er,2024-06-03,KRA492400678,253,97,1534062,193,3187862,67,28023956,185464,182200,26534406,265917250,98142716,5,45,86,15,237120,18,669,2,8916,0
Dog's Plan,Thoughts Feelings,David Jackson,2023-03-02,USZXT2350766,255,97,239850720,44,1243,3,1131058312,2367298,182200,26534406,265917250,98142716,28,2,86,15,237120,17,12735768,7832,854584,0
Late Night Talking,Harry's House,Harry Styles,2022-05-20,USSM12200610,258,96,959639297,108806,62563751,76,151113156,2809492,101923,64491271,580526441,3350044035,153,837037,2290,96,9426291,50,68783337,10636,4053289,0
Miss You,Miss You,Oliver Tree,2022-08-05,USAT22211992,261,96,631378937,165883,38563849,51,32628348,615240,1905732,363515584,5776425361,13558530,75,152103,1,49,893762,19,12735768,7832,7602822,1
girls like me don't cry,Girls Like Me Don't Cry,thï¿½ï,2022-10-06,QZLBC2200766,260,96,69931412,13220,8876286,61,63786141,759332,9009769,496871104,6778569349,147879,4,4180,29,15,237120,15,71269,228,195627,0
Yummy Fruits and Vegetables,Yummy Fruits and Vegetables,D Billions,2020-10-20,AEA0D2036458,259,96,2300838,543,19016,35,3060919074,6319360,1690,50237,4527607,98142716,28,5954,86,15,237120,17,12735768,7832,16965,0
Calling My Phone,Calling My Phone,Lil Tjay,2021-02-12,USSM12100388,263,96,777064903,213153,29437172,71,482028631,5431785,1378861,181697356,1411545704,326289844,118,147120,117,33,263058,33,105932632,53956,4012749,1
Pink Venom,Pink Venom,BLACKPINK,2022-08-19,KRA402200017,266,96,736469450,48251,22817940,68,868589823,16834955,1833169,587311863,5828265172,3169887749,43,47080,406,20,202141,40,6401599,10275,1547563,0
I Can Do It With a Broken Heart,THE TORTURED POETS DEPARTMENT,Taylor Swift,2024-04-18,USUG12401040,267,95,250430303,7079,134357870,84,16747466,251549,148000,52156902,411722900,45283900,72,6243,2,37,8927842,76,5771611,11920,188022,1
Too Many Nights (feat. Don Toliver & with Future),HEROES & VILLAINS,Metro Boomin,2022-12-02,USUG12208784,269,94,682837690,155771,28629209,80,191823612,1853827,41044,23532424,185584934,201674659,56,2067,48,4,5523,12,2323771,3396,3246804,1
MELTDOWN (feat. Drake),MELTDOWN (feat. Drake),Travis Scott,2023-07-27,USSM12305021,270,94,347647880,106908,29964622,74,30685665,405870,19100,6796886,53065653,174680696,57,53527,13,23,327684,49,12478966,3216,861189,1
California Gurls,Girl Power 2023,Katy Perry,2023-09-19,USCA21001182,271,94,239850720,32312,13259481,67,4534591,47967,182200,26534406,265917250,98142716,28,69675,86,15,237120,17,316633718,283271,854584,0
Moscow Mule,Un Verano Sin Ti,Bad Bunny,2022-05-06,QM6MZ2214875,272,94,1108031580,121256,44739826,77,765780154,4700638,222100,106783326,940630746,719730500,104,74052,113,30,7198424,58,41077827,11906,1644044,1
Moonlight,Moonlight,Kali Uchis,2023-02-24,USUM72219486,275,93,701558859,110539,46729655,74,209195939,2284142,594413,173483893,1114531877,31989285,67,15726,126,43,1632541,44,3448723,9386,3204314,0
Savage Love (Laxed - Siren Beat),Savage Love (Laxed - Siren Beat),Jawsh 685,2020-06-11,USSM12003798,276,93,1118038333,142905,27025973,67,481447573,3636839,10104238,420225179,4530095073,98142716,198,394564,200,209,2246210,10,12735768,7832,11067994,1
Bidi Bidi Bom Bom (Remasterizado 2024/30th Anniversary),Amor Prohibido (Remasterizado 2024/30th Anniversary),Selena,2024-03-22,USUM72402910,277,93,58157068,30,171325,67,148269610,1257935,182200,26534406,265917250,98142716,1,5954,86,15,237120,17,95804398,106600,854584,0
Sunroof,Sunroof,Nicky Youre,2021-11-26,QM24S2107064,279,92,879708559,44652,23104189,12,74610328,807333,11172130,1672193890,22086963233,98142716,2,5954,1073,1,11899,17,12735768,7832,854584,0
La Vï¿½ï¿½c,La Vï¿½ï¿½c,Xavi,2023-08-19,USA2P2339944,280,92,521116293,24734,22828160,81,427625497,2560068,33444,11882123,107781205,1392579416,18,3852,82,20,14503583,22,10154861,13336,988007,1
MY EYES,UTOPIA,Travis Scott,2023-07-28,USSM12305007,281,92,403132906,103255,13549357,78,42319491,564712,8436,16565594,139973656,2150,37,417,86,12,403386,6,517355,3385,1911147,1
WORK,GOLDEN HOUR : Part.1,ATEEZ,2024-05-31,KRD442400011,282,92,10135326,678,14542753,31,29271837,586888,182200,26534406,265917250,30784,13,158,86,7,18929,41,102486,119,25958,0
Ghost,Justice,Justin Bieber,2021-03-19,USUM72102635,283,92,1586830204,151923,73574395,80,476319277,4622504,797409,122390348,1180485094,2976186938,119,844492,3180,114,303462,49,129493114,54497,4413143,0
New Baby Shark,Pinkfong & Baby Shark's Space Adventure Songs,Pinkfong,2022-09-30,QMDA62210237,286,91,720822868,13,164,17,148269610,1257935,182200,26534406,265917250,98142716,28,5954,86,15,237120,17,86397101,2234762,854584,0
Breakeven,Breakeven (Official 4K Video),The Script,2024-04-25,GB1102400418,287,91,858979483,1,14,67,148269610,1257935,182200,26534406,265917250,98142716,28,5954,86,15,237120,17,12735768,7832,854584,0
Una Noche en Medellï¿½,Una Noche en Medellï¿½,Cris Mj,2022-01-21,QM4TW2218961,288,91,839405565,107431,27444811,75,662287768,4695932,3874773,422978919,4817726878,438066241,41,29848,601,19,1780823,46,8328637,7361,2351019,1
Primera Cita,La Primera Cita - Single,Carin Leon,2023-04-20,QZQMB2104890,290,90,598006591,35842,34735524,80,415255950,1480134,916093,96228889,1108602382,384774756,32,26180,172,25,9487462,25,26478187,16200,2336296,0
Efecto,Un Verano Sin Ti,Bad Bunny,2022-05-06,QM6MZ2214884,292,90,1293773697,115332,51081689,77,501908214,2730759,2482560,549037519,6046489956,179322656,50,33285,48,16,2258927,51,43667676,13112,1927360,1
Bï¿½ï¿½nï¿½ï¿½ï¿½ï¿½os Que Nï¿½ï¿½o Tï¿½ï¿½m Fim (Co,Bï¿½ï¿½nï¿½ï¿½ï¿½ï¿½os Que Nï¿½ï¿½o Tï¿½ï¿½m Fim (Co,Isadora Pompeo,2023-11-09,BRSME2301957,293,90,95536146,8900,9760374,67,143810663,1507763,1800000,44077311,711024077,890790802,16,88,86,51,7385831,7,12735768,7832,229561,0
Slow It Down,Slow It Down,Benson Boone,2024-03-22,USWB12400913,294,89,202667139,11945,116623933,85,25188125,291189,182200,349400,3500000,126501922,56,36922,326,37,6074638,74,16853510,3223,518777,0
Yonaguni,Yonaguni,Bad Bunny,2021-06-04,QM6P42169803,295,89,1398634184,177082,44848091,71,1084871745,7894095,884793,298126879,2877719483,314632224,145,54669,145,40,381403,48,62939872,19535,2211960,1
Whoopty,Whoopty,CJ,2020-08-20,USA2P2031043,297,89,775664145,213464,28998615,61,810607861,8889460,2403279,506491179,4864435271,144018344,158,1644,533,31,74337,15,60410875,41096,6422051,1
Super Shy,NewJeans 'Super Shy',NewJeans,2023-07-07,USA2P2330068,298,88,547471596,48103,22977059,77,202977396,2705714,1201620,210186679,1998080214,776229988,56,23381,258,22,671053,58,1428951,6871,528849,0
HARLEY QUINN,HARLEY QUINN - Single,Fuerza Regida,2023-10-18,QZ9QQ2300781,301,88,462284590,31617,36745154,84,110545167,325395,911100,169601790,1947539058,184602581,41,13786,721,46,7896597,39,14745087,13732,1075943,1
Baby Don't Hurt Me,Baby Don't Hurt Me - Single,David Guetta,2023-04-07,UKWLG2300016,300,88,509231024,69486,142546135,79,40223001,328421,182200,42,312,298775920,145,396880,425,121,3802321,91,29557806,1437,3375037,0
Butter,Butter,BTS,2021-05-21,QM6MZ2156864,302,88,1257974135,90160,40533320,70,1175755478,27744989,2098050,1059257365,8120632702,3244619218,221,181961,545,43,1426798,68,23569614,50520,4173408,0
Cinderella,WE DON'T TRUST YOU,Future,2024-03-22,USSM12402037,304,87,124945674,21581,41881780,67,11346227,139956,182200,26534406,265917250,421455,24,298,86,14,291310,4,4388108,1644,369853,1
Romantic Homicide,Romantic Homicide,d4vd,2022-07-20,QZMEM2232831,308,87,1136504636,152157,60605828,81,154143867,2307573,515601,215294962,1306972284,89389771,65,8306,43,25,426502,15,8674577,16784,1892741,0
Pink Skies,Pink Skies,Zach Bryan,2024-05-24,USWB12401947,309,87,60240739,4611,98570633,84,3322959,65840,182200,107100,843600,235974273,82,734,1,26,5164376,79,5006041,2349,156886,0
Danza Kuduro - Cover,A collection of Western music that will get you excited,MUSIC LAB JPN,2023-11-15,TCJPX2396779,355,87,1627429837,12,163,67,148269610,1257935,182200,26534406,265917250,98142716,28,5954,86,15,237120,17,12735768,7832,854584,1
Cool,JnD Mix,Unknown,2024-05-25,QZNWQ2410638,311,86,239850720,32312,13259481,67,148269610,1257935,182200,26534406,265917250,98142716,28,5954,86,15,237120,17,12735768,7832,8624577,0
Rich Men North of Richmond,Rich Men North of Richmond - Single,Oliver Anthony Music,2023-08-11,QZPLS2305267,312,86,214598468,66613,6363839,74,145094088,2568642,8397,1367633,35469076,733344471,21,5633,86,2,164805,12,93004856,63249,736604,1
BESO,RR,ROSALï¿½,2023-03-24,USSM12301258,313,86,647201484,81393,46208549,74,186060248,1524559,946380,131649631,1792090770,28857204,117,106591,277,80,4935799,65,20360773,4829,1589528,0
MTG QUEM Nï¿½ï¿½O QUER SO,MTG QUEM Nï¿½ï¿½O QUER SOU EU - Si,DJ TOPO,2024-05-10,BXIV82456543,315,86,51198446,3022,40425173,80,14990394,244589,245300,26534406,265917250,98142716,8,48,86,29,9552072,20,12735768,7832,128880,0
Que Vuelvas,Que Vuelvas - Single,Carin Leon,2022-12-09,QZWT32210000,314,86,684853927,42893,25716699,73,547937715,1638787,1100030,91969060,1162186778,4235395,45,14160,358,20,2332617,18,100368438,17421,1654594,1
Pretty Green Eyes (Sunset Ibiza Mix),Pretty Green Eyes (Sunset Ibiza Mix),KETTAMA,2024-06-14,CBEFB2400006,316,86,239850720,5,3277306,67,148269610,1257935,182200,26534406,265917250,98142716,1,2,86,1,87002,10,12735768,7832,854584,0
Just Wanna Rock,Just Wanna Rock,Lil Uzi Vert,2022-10-17,USAT22219211,318,86,665519026,152193,67322941,68,187947945,2379515,1016531,606205784,5516142056,169512700,73,4066,5729,20,707505,93,30928677,53530,3245670,1
Mood Swings (feat. Lil Tjay),Shoot For The Stars Aim For The Moon,Pop Smoke,2020-07-03,USUM72013632,317,86,785016247,210669,32702397,70,654629596,5578060,1826673,141952709,976662212,56134858,100,41,25,8,33088,4,140629473,71183,3516050,1
Rich Flex,Her Loss,Drake,2022-11-04,USUG12208598,320,86,812274757,185579,57165405,73,86053276,651228,317033,223409952,1834709832,41553113,116,644,128,27,1296204,54,61423121,33488,2300268,1
Standing Next to You,GOLDEN,Jung Kook,2023-11-03,USA2P2348391,321,86,675865902,23181,58344509,85,130563278,4183405,308567,111187858,628043802,2554205866,37,62294,25,49,6851022,24,3073921,1442,1220942,0
Do It To It,Do It To It,ACRAZE,2021-08-20,QZFPL2100100,324,85,805019111,238887,94531613,73,117678524,1540284,2600179,673283810,10369065597,116322631,192,217739,2822,105,1784254,40,51038784,9188,9653748,0
For The Night (feat. Lil Baby & DaBaby),Shoot For The Stars Aim For The Moon,Pop Smoke,2020-07-03,USUM72013355,325,85,1119350842,272485,46626350,71,767399825,6283245,1312576,203661245,1505078331,68109096,206,243703,234,33,158712,24,218042360,64927,4546156,1
Good Good,Good Good,USHER,2023-08-04,QZS7J2331813,326,85,53825007,14742,9204769,59,83224436,607267,88131,6358930,89022964,250252884,22,343553,33,7,543853,34,58537921,22294,1896814,1
Austin,Austin - Single,Dasha,2023-11-17,QZTB92360479,327,85,273023490,17900,169190514,87,28916868,303426,744600,187163600,2850135008,448423212,99,83189,449,48,1283979,130,22107065,4925,1521087,1
Search & Rescue,Search & Rescue,Drake,2023-04-07,USUG12301601,329,85,337858357,96709,21646810,69,40938953,336819,106645,21329637,192701225,235007162,89,119741,162,15,535329,13,44542627,18653,1383076,1
TULUM,TULUM,Peso Pluma,2023-06-28,QM7282325573,328,85,390182196,36912,13688250,74,253468644,1103093,1096644,84875226,1391833232,51539597,44,20963,71,16,2197720,38,23438854,7268,964306,1
Coup du marteau,Coup du marteau,Tam Sir,2023-12-08,DGA0Q2357844,331,84,24933240,4241,2378348,67,79219504,463646,1800000,44679343,687729852,641603777,10,2264,86,6,165572,1,12735768,7832,1245247,0
Adderall (Corvette Corvette),Adderall (Corvette Corvette),Popp Hunna,2020-10-14,USA2P2036916,332,84,90383224,24868,4716437,45,29836991,627377,16892400,462872272,4082175492,1067,20,470,423,6,22115,3,6283417,26512,759001,1
Full Senyum Sayang,Full Senyum Sayang,Evan Loss,2022-04-28,SGB502213458,333,84,18296870,1967,400655,67,108892433,699306,9893499,340731924,6334463728,15197,1,295,86,15,237120,17,12735768,7832,24326,0
Sunroof,Sunroof,Nicky Youre,2021-12-03,USQX92202129,334,84,890752779,104690,38444734,79,169046580,1678946,621,47472,5807175,2854434834,149,849471,491,65,1743336,9,110963977,82293,2488830,0
Watching Yourself Being Born,Neuroscape,Blush Response,2023-04-04,QZFZ72309552,335,84,239850720,13,191,67,918283411,1480549,182200,26534406,265917250,98142716,28,3,86,15,237120,17,12735768,7832,854584,0
Los del Espacio,Los del Espacio - Single,LIT killah,2023-06-01,USWL12300725,336,83,373898429,53671,24287193,72,314467618,1775081,782114,148537760,1715842070,670200525,42,29417,3,27,645947,28,79804,197,776352,0
MAMIII,MAMIII,Becky G,2022-02-10,USRC12200425,337,83,911797058,80109,53928265,74,628307968,4924401,1741513,267846050,3410691967,36403252,125,165243,430,59,3772475,83,112920660,34289,3561445,1
Until I Found You,Until I Found You,Stephen Sanchez,2021-09-01,USUG12103651,339,83,1020452066,169696,52678003,73,385820349,4710732,796783,391999548,3320885451,3540186470,75,269792,1886,30,897931,42,38544039,26435,11693340,0
exes,exes,Tate McRae,2023-11-17,USRC12302756,340,83,323100055,27272,33467589,67,33501338,405965,319600,56188128,730969180,1646779233,67,131125,811,56,1010439,57,24536746,8494,697530,1
Stick Season,Stick Season,Noah Kahan,2022-07-08,USUM72212470,342,83,965865213,113676,169323128,86,89431811,659870,82855,29406696,275016537,315685769,148,319240,577,85,16767304,103,18405146,38276,3365903,0
Need To Know,Need To Know,Doja Cat,2021-06-11,USRC12101120,344,82,1178076856,164743,42269625,71,507790705,6169368,734932,365523934,2422643413,2099921417,195,439065,1451,38,870717,28,90615307,51300,5746726,1
kompa pasiï¿½,kompa pasiï¿½,ýýýýýýýýýý,2024-04-12,USUS12400227,345,82,29458027,2602,6588032,78,8529869,225779,439200,8820761,87680200,154517,9,132,86,6,73462,17,12735768,7832,2085595,0
Quï¿½ï¿½ Ago,Pa' Luego Es Tarde,Yuridia,2022-10-20,MXF012200200,343,82,394381902,22919,12262540,73,805683907,2076505,998663,48461089,847830213,14566260,24,25712,1169,18,2340656,15,14271775,11420,1353588,0
Last Last,Last Last,Burna Boy,2022-05-12,USAT22204901,346,82,410722289,130203,16877163,68,332556651,1906835,260214,93902403,1049244970,306416991,203,214958,2031,30,258278,94,15787293,18736,4840000,0
Ngopi Maszeh,Ngopi Maszeh,Happy Asmara,2023-01-29,SGB502314277,347,82,8034198,756,174523,67,32806412,130043,6698664,76927003,1953589891,98142716,28,27,86,15,237120,17,12735768,7832,854584,0
500lbs,500lbs,Lil Tecca,2023-07-21,USUM72309854,349,82,350584176,79228,26972646,68,32342535,452857,638,1056379,11627298,277256864,19,1239,1452,5,31145,19,2538334,6256,776386,1
Knife Talk (with 21 Savage ft. Project Pat),Certified Lover Boy,Drake,2021-09-03,USUG12104409,348,82,732652170,217189,35225322,72,247680355,2184804,264300,95344150,711702658,379789269,67,3965,443,10,74228,26,96181566,75646,2095961,1
BILLIE EILISH.,BILLIE EILISH.,Armani White,2022-05-19,SGB502248062,350,82,359416593,91114,29730236,64,116400996,2127918,4530098,885538360,10488403602,74794888,40,169548,7064,18,137293,52,29260633,18576,3310069,1
ýýýýýýýýýýýý,ýýýýýýýýýýýý,YOASOBI,2023-04-12,JPP302300157,351,82,356559943,47785,12078942,69,490408465,4295510,504800,162429655,1871819472,1227624888,59,1883,86,7,44834,12,540614,419,804248,0
Lï¿½ï¿½ï¿½AMOUR DE ,HIT ME HARD AND SOFT,Billie Eilish,2024-05-17,USUM72401990,352,82,84575291,5186,51449432,85,11080040,346121,137,26534406,265917250,3541236,95,271,1,19,2682503,18,183562,231,214747,0
Thinkinï¿½ï¿½ï¿½ B,One Thing At A Time,Morgan Wallen,2023-03-03,USUG12300821,353,82,406319778,42283,16439412,80,84066193,368256,117408,7626726,99492470,606650627,50,262596,145,2,2456,19,181953005,27501,1185776,0
Madonna,Madonna - Single,Natanael Cano,2024-03-08,QZ9QQ2400185,354,81,272838329,7265,54631978,85,105675950,806116,182200,150848,2099500,126527485,23,572,86,10,2210844,8,1544866,966,572478,1
deja vu,deja vu,Olivia Rodrigo,2021-04-01,USUG12101240,355,81,1606975517,172376,64346126,80,638102695,7847239,1210842,534102475,3758269019,2265662637,206,279408,332,27,76887,49,62922329,74501,3545397,1
6. A.M.,Motion is Emotion,Azul,2022-10-07,ES40B2200055,356,81,1186,5,30,67,1231300374,3158558,182200,26534406,265917250,248653921,28,1,86,15,237120,17,12735768,7832,854584,0
CONTIGO (with Tiï¿½ï¿½,CONTIGO (with Tiï¿½ï¿½,KAROL G,2024-02-15,USUG12400966,357,81,162165853,10306,87901542,85,93106341,1394962,182200,26534406,265917250,1916097608,66,46348,53,45,4652694,69,11091776,1611,775583,0
Sequï¿½ï¿½ncia da,Sequï¿½ï¿½ncia da,TRASHXRL,2023-05-08,SGB502370315,358,81,148630357,22962,19586200,33,61652249,723007,3757654,145382546,2299851479,1136738,3,1,86,15,237120,5,42656,7832,423570,1
WILDFLOWER,HIT ME HARD AND SOFT,Billie Eilish,2024-05-17,USUM72401993,359,81,100838516,5188,50795354,87,6390843,134606,253,26534406,265917250,934654,76,181,5,16,4083154,39,294656,163,124583,0
Doja,Doja,Central Cee,2022-07-21,ZZOPM2237319,360,80,676519766,192241,57503569,74,201326163,3061387,492679,411670410,3919404141,279634941,66,58802,2699,31,877441,42,1285099,3136,2415167,1
Lan,Lan - Single,Zeynep Bastï¿½,2024-03-08,TRAUR2400004,362,80,81246715,4073,6852706,72,146249969,590112,182200,26534406,265917250,88179577,11,5899,86,5,1585206,17,12735768,7832,444123,0
"Good Luck, Babe!","Good Luck, Babe!",Chappell Roan,2024-04-05,USUG12401967,363,80,176290078,13470,157502211,87,6018651,140562,61889,45660069,263955300,17447092,99,16680,86,65,10743893,122,572090,1327,485935,0
Hey Mor,Hey Mor,Ozuna,2022-10-06,QMDA62203322,364,80,986132265,97956,68983561,76,383748675,1303919,793798,154969251,2145975300,45000407,79,65798,79,41,3780470,78,27759302,3605,1428200,0
Ferrari,Ferrari,James Hype,2022-03-15,GB3CE2200004,366,80,626010147,185422,78359363,74,202193289,1277287,88909,20233025,368044894,877635000,132,253244,332,76,1468578,44,2598595,2953,6257313,0
positions,positions,Ariana Grande,2020-10-23,USUM72019412,368,80,1432830108,139215,53934095,74,778340255,10401273,1268910,254276140,1984520688,1958337600,283,599336,639,43,242610,50,90015866,39920,3299253,1
Where Are You Now,Where Are You Now,Lost Frequencies,2021-07-30,BEHP42100067,370,80,1223329465,211823,114773091,74,214359669,1467163,308286,25459624,413908070,1857452555,256,391895,308,158,4728637,51,80579628,6731,8462590,0
Amor Prohibido - Remasterizado 2024/30th Anniversary,Amor Prohibido (Remasterizado 2024/30th Anniversary),Selena,2024-03-22,USUM72402905,369,80,302177116,34,224573,67,148269610,1257935,182200,26534406,265917250,98142716,6,5954,86,1,239,15,92486209,42531,854584,0
Happier Than Ever,Happier Than Ever,Billie Eilish,2021-07-30,USUM72105936,372,80,1321878145,189487,51228803,78,530778926,8470860,570442,358879639,2295813182,1152917073,199,82181,275,51,547449,50,9900535,29358,4647622,1
I Had Some Help (feat. Morgan Wallen),I Had Some Help,Post Malone,2024-05-10,USUM72404993,377,79,250080413,2711,4839848,67,148269610,1257935,182200,26534406,265917250,98142716,137,19724,86,6,44739,19,12735768,7832,854584,0
Smart,EASY,LE SSERAFIM,2024-02-19,USA2P2402103,379,79,159256689,6829,20291074,74,130698280,1872592,170200,234770546,2059824051,495137217,13,915,16,3,20293,17,264369,676,234077,0
Commando,Commando - Single,Mavokali,2022-09-28,QZTVM2210964,380,79,21667023,9105,1266295,67,48246851,435329,7444200,251304348,5361829317,98142716,2,1544,86,2,33249,17,5089,7832,1561153,0
The Business,The Business,Tiï¿½ï¿,2020-09-16,CYA112000624,381,78,1191635193,255697,78272032,70,539885283,4027102,777092,73955191,1435552956,462516169,362,277419,484,216,3941324,41,108360279,53852,9642311,0
Mwaki,SURRENDER,Zerb,2023-09-27,NLRD52339318,383,78,121234000,36468,76765385,42,78160610,806269,118600,20204903,395342206,303381336,48,90542,163,51,19833933,34,1553861,760,4890793,0
BICHOTA,BICHOTA,KAROL G,2020-10-23,USUM72019324,385,78,868091483,86379,31261057,64,1591945481,7916193,1586770,101362709,1153849236,172943996,133,36028,239,38,1594172,33,70065986,48232,1740278,1
Renklensin,Renklensin - Single,Reynmen,2024-04-19,FRX282477628,384,78,54940563,2630,6589111,75,77507185,547375,182200,26534406,265917250,11444478,9,3016,86,5,1585603,17,12735768,7832,197952,0
Bad idea,Missing,Kurochuu,2024-06-09,CA5KR2466578,387,78,86203995,2,2190,1,148269610,1257935,182200,26534406,265917250,98142716,28,5954,86,15,237120,17,12735768,7832,854584,0
writhe,writhe,daine,2023-02-21,AUWA02201495,386,78,239850720,163,6893,15,915870602,2980959,12,8960,91112,26629501,1,20,86,1,14566,17,81,7832,854584,0
Seven (feat. Latto) (Clean Ver.),Seven (feat. Latto),Jung Kook,2023-07-14,USA2P2330092,389,77,1673557134,15863,14237841,72,148269610,1257935,1500000,104700560,1092175292,98142716,57,112184,86,5,2931,20,12735768,7832,854584,0
SKINNY,HIT ME HARD AND SOFT,Billie Eilish,2024-05-17,USUM72401995,390,77,77212437,4083,13850203,84,7658766,246884,472,301528,1423956,934654,52,238,2,12,1198375,32,226853,318,39163,0
The Girl From Ipanema,Instrumental Bossa Nova,Stan Getz,2024-06-06,QZQAY2414774,391,77,239850720,32312,13259481,67,148269610,1257935,182200,26534406,265917250,98142716,28,5954,86,15,237120,17,12735768,7832,1772770,0
Te Felicito,Te Felicito,Shakira,2022-04-21,USQX92201764,392,77,719593291,74269,37254627,67,719244041,4424400,826261,159735614,2594106000,455293047,98,124848,455,53,3243848,69,25538867,8165,2583205,0
Que Onda,Que Onda - Single,Calle 24,2023-08-30,USDXS2303230,393,77,642548537,36781,21579429,81,227994801,335112,205583,41258724,499670882,92125885,34,1124,45,23,8060357,34,20174633,7393,854584,1
Stumblin' In,Stumblin' In,CYRIL,2023-11-10,NLZ542301810,394,77,180784576,22208,150873146,83,29260192,247757,91700,2012224,61731912,320584411,91,111796,86,117,31191745,55,241739,270,4657449,0
A Bar Song (Tipsy),A Bar Song (Tipsy),Shaboozey,2024-04-12,USUYG1543926,395,77,311928522,1668,4447700,23,148269610,1257935,182200,26534406,265917250,98142716,118,60470,86,15,237120,6,12735768,7832,854584,0
STAR WALKIN' (League of Legends Worlds Anthem),STAR WALKIN' (League of Legends Worlds Anthem) - Single,Lil Nas X,2022-09-22,USSM12208809,396,77,428164381,80340,18339674,68,138760138,1465825,61144,40889470,419346148,99649191,69,469798,534,41,1075897,42,35931504,11075,5323336,1
Desesperados,VICE VERSA,Rauw Alejandro,2021-12-10,USSD12100779,397,77,1021480638,119558,50631491,78,722946861,3591807,793105,186008455,2153526389,815766418,75,55181,92,42,3476743,53,61269232,6584,2591948,1
"Young Miko: Bzrp Music Sessions, Vol. 58","Young Miko: Bzrp Music Sessions, Vol. 58",Bizarrap,2024-01-10,UYB282401001,398,77,224033701,20266,25455662,67,138348246,2036793,182200,1407028,22394778,1429170590,23,18177,104,25,12600216,39,1216700,340,432783,0
I DONï¿½ï¿½ï¿½T WANNA DO THIS A,King of the Dead,Juliï¿½ï¿½n Kh,2024-03-18,QZLL92480334,454,76,564444844,5,20,67,148269610,1257935,182200,26534406,265917250,98142716,28,5954,86,15,237120,17,12735768,7832,854584,1
Igual Que Un ï¿½ï¿½ngel (with Peso Pl,ORQUï¿½ï¿½,Kali Uchis,2024-01-12,USUM72315072,400,76,263568994,17285,38697311,67,113081188,1249785,182200,1411800,11612300,1344542728,46,22110,6,58,16438835,57,2451926,3216,1017370,0
"Jhoome Jo Pathaan (From ""Pathaan"") [Arabic Version]","Jhoome Jo Pathaan (From ""Pathaan"") [Arabic Version] - Single",Abd El Fattah Grini,2023-01-14,INY092300003,402,76,1993244,245,79264,28,944088313,6351302,182200,26534406,265917250,1464736,28,368,86,15,237120,17,12735768,7832,28908,0
Envolver,Envolver - Single,Anitta,2021-11-11,USWL12100576,401,76,635241142,77669,44546385,65,836072339,4909216,2101465,699278513,9427647770,1434107266,102,86127,402,72,1135788,86,19183846,6406,2534489,0
Oublie-moi,Oublie-moi,Emkal,2022-09-16,FRDDV2200780,405,76,17992999,11288,327900,42,58383075,502081,7146060,118925740,2858109417,34801360,1,1309,86,1,8606,1,12735768,7832,1860955,1
Malohat,Malohat,Xamdam Sobirov,2024-04-20,RUA1D2459522,406,76,75486,13,3242,67,95889492,442331,182200,26534406,265917250,98142716,1,5954,86,15,237120,17,12735768,7832,129586,0
MAESTRO,SEVENTEEN BEST ALBUM '17 IS RIGHT HERE',SEVENTEEN,2024-04-29,USA2P2415975,407,76,35244286,1629,14912783,75,70452629,1873655,182200,18636812,90497430,5822984,15,632,86,5,176790,40,93561,118,85957,0
NUEVA VIDA,Gï¿½ï¿½N,Peso Pluma,2023-06-22,QM7282306253,408,76,253464894,22779,10733622,76,191499043,634671,1755500,61572969,708437568,534279807,6,115,86,4,1599559,10,22214240,5494,781164,1
you broke me first,you broke me first,Tate McRae,2020-04-17,USRC12000832,409,76,1439465700,169076,47204234,77,706284693,7820244,880567,188771287,1383885042,947613259,238,395572,776,65,1097172,38,175068272,92428,5808069,1
Faint,Papercuts,Linkin Park,2024-04-12,USWB12401896,412,75,670009914,3,81,67,148269610,1257935,182200,26534406,265917250,98142716,28,5954,86,15,237120,17,12735768,7832,1847397,0
Pretty - Sped Up,Pretty,MEYY,2023-06-07,FRD9M2300690,411,75,1867282,498,521031,40,485422,12137,4300000,99212673,1267424672,98142716,28,1,86,15,237120,1,3897,21,15462,0
Hawï¿½,Hawï¿½,Maluma,2020-07-29,USSD12000190,415,75,1289186767,123303,48973048,73,1464055196,7754280,729784,9309533,131926571,371508169,201,80055,98,86,5370315,99,105490212,45106,2387272,0
LA FALDA,LA FALDA - Single,Myke Towers,2023-11-22,USWL12302952,416,75,367399860,29235,106808249,82,104584293,726526,182200,1146,14800,1109634551,57,42471,593,54,6789731,30,2176876,1851,1040348,1
act ii: date @ 8,act ii: date @ 8,4batz,2023-12-07,QZS7J2359132,414,75,153364964,29300,15208678,67,32239845,576013,534000,88331091,749015170,34306328,33,48625,994,7,935612,1,884939,1670,1458037,1
Angel Numbers / Ten Toes,11:11,Chris Brown,2023-11-10,USRC12302900,419,75,179565178,40225,15526253,75,41976731,479163,273400,36593416,451763725,514925755,54,5615,86,25,454601,9,3470078,3794,2788317,1
Never Lose Me,Never Lose Me - Single,Flo Milli,2023-11-30,USRC12303379,420,75,278132516,23580,70573006,67,11587186,210504,1200000,201891712,1434396157,381728,39,59,1491,46,1639978,12,3317074,2619,1075138,1
Reggaeton Champagne,Kittyponeo,Bellakath,2023-10-05,BK4DA2319233,421,75,224429894,17159,11316048,67,250897173,2121068,545900,64561650,456323777,911150246,8,1966,499,13,597691,28,708120,3499,921762,1
MASHA ULTRAFUNK,MASHA ULTRAFUNK,HISTED,2024-03-08,QZES82406061,422,75,32435333,2141,18509359,76,57665106,1285063,550000,83742600,1059880600,5353152,1,5954,86,15,237120,8,28942,53,264296,0
Life Goes On,"Ugly is Beautiful: Shorter, Thicker & Uglier (Deluxe)",Oliver Tree,2020-07-17,USAT22007153,424,75,568230113,142225,16247309,68,531872316,9887683,8041280,1122403923,11938256726,2159219012,46,48336,774,19,356456,16,13530275,21169,4910428,0
Si Una Vez (Remasterizado 2024/30th Anniversary),Amor Prohibido (Remasterizado 2024/30th Anniversary),Selena,2024-03-22,USUM72402913,425,75,212272036,13,76963,67,148269610,1257935,182200,26534406,265917250,98142716,1,5954,86,1,19628,3,110583041,29082,854584,0
BATTER UP,BABYMONSTER Debut Digital Single [BATTER UP],BABYMONSTER,2023-11-27,KRA402300048,426,74,121497542,6748,14377499,80,307571207,3994160,182200,16093695,136260517,2556572213,12,1559,8,3,212538,17,172783,439,252875,0
SI NO ES CONTIGO,SI NO ES CONTIGO,Cris Mj,2024-05-23,QM6N22466972,427,74,45287928,2099,98932469,81,17850177,358428,182200,26534406,265917250,145759995,21,5,86,9,2032136,9,181048,89,268642,1
Trance (with Travis Scott & Young Thug),HEROES & VILLAINS,Metro Boomin,2022-12-02,USUG12208787,429,74,637325281,142076,31958929,79,25776208,246133,12122,7811781,58477615,145379,35,2,86,9,948806,10,2184964,4214,3359877,1
Rock and A Hard Place,Rock and A Hard Place,Bailey Zimmerman,2022-06-10,USWB12201797,430,74,412845771,59749,11166198,73,215094924,1522549,203904,80427947,777869891,506206031,37,325922,84,4,2647,16,260646662,39816,1315179,0
obsessed,GUTS (spilled),Olivia Rodrigo,2024-03-22,USUG12305564,428,74,129968407,6621,69045774,67,16165402,604952,182200,26534406,265917250,156978440,48,75882,164,35,10634673,70,1952449,3850,854584,1
Eyes Closed,Eyes Closed,Imagine Dragons,2024-04-03,USUM72402448,431,74,51224852,5159,33795310,67,30060301,670497,182200,26534406,265917250,209984783,43,47932,23,41,18000216,82,8536936,1263,576192,0
Wanna Be,Wanna Be (Alternate Versions),GloRilla,2024-04-03,USUM72403374,433,74,66836198,4228,57383746,77,43174948,552134,182200,26534406,265917250,130569102,37,6174,249,5,1421437,22,16660021,5363,269767,1
telepatï¿½,Sin Miedo (del Amor y Otros Demonios) ï¿½,Kali Uchis,2020-11-18,GBUM72005748,435,74,1151629030,201783,55679157,77,456651608,6111089,1448920,467181048,3401301248,244384379,164,173512,1303,63,488896,60,53202036,41954,6239619,0
Overdrive (feat. Norma Jean Martine),Overdrive (feat. Norma Jean Martine),Ofenbach,2023-10-06,FR9W12347222,437,74,232417498,20983,96389865,80,59799293,367721,38115,1152032,61820477,1975097262,60,191891,77,83,27260772,40,3871,26,3273690,0
Chulo pt.2,Chulopt2,Bad Gyal,2023-06-22,USUM72305143,438,74,318567928,42351,29908589,69,313180496,1792729,263600,102425830,797526303,511333068,43,16430,17,28,608263,45,2065718,1938,857885,1
Push Up - Main Edit,Push Up - Single,Creeds,2023-03-31,DEE862300564,441,73,274229438,81319,88956153,77,22545691,353908,2001804,84624881,1182280724,98142716,31,7748,33,66,1432651,26,471372,925,986887,0
UNAVAILABLE (feat. Musa Keys),Timeless,Davido,2023-03-30,GBARL2300322,444,73,155390490,51032,16505336,68,135400007,1021624,1871311,80258156,1043240094,42080992,99,40272,339,33,903393,60,4099754,1865,2290047,1
Million Dollar Baby (Vhs),Million Dollar Baby - Single,Tommy Richman,2024-04-26,QM24S2402634,445,73,48720820,5049,856394,2,148269610,1257935,182200,26534406,265917250,98142716,62,10894,86,15,237120,17,12735768,7832,854584,0
"Chaleya (From ""Jawan"")","Chaleya (From ""Jawan"")",Anirudh Ravichander,2023-08-14,INS182302348,447,73,334578317,18958,16311735,70,396928355,3264045,182200,26534406,265917250,936001433,29,1613,86,15,237120,24,12735768,7832,411911,0
Dreamers [Music from the FIFA World Cup Qatar 2022 Official Soundtrack],Dreamers [Music from the FIFA World Cup Qatar 2022 Official Soundtrack],Jung Kook,2022-11-20,QZNMY2232113,448,73,419016792,24878,16888060,42,299024405,6706233,3400000,417635777,5766443841,130833442,13,15581,42,5,48194,16,1971463,929,1878044,0
ADIVINO,ADIVINO - Single,Myke Towers,2024-04-25,USWL12401327,449,73,118631919,11425,115304111,84,6595595,105964,182200,26534406,265917250,5565254,75,3903,11,39,3931309,37,1787057,310,407768,1
THE BOX MEDLEY FUNK 2,THE BOX MEDLEY FUNK 2,THE BOX,2024-04-18,BKF5C2400003,450,73,51390127,3010,33303786,78,72074397,726118,182200,26534406,265917250,98142716,18,5954,86,31,9657358,22,12735768,7832,174720,0
No Me Queda Mï¿½ï¿½s (Remasterizado 2024/30th Annivers,Amor Prohibido (Remasterizado 2024/30th Anniversary),Selena,2024-03-22,USUM72402906,452,73,171242868,15,78253,67,148269610,1257935,182200,26534406,265917250,98142716,2,4,86,1,19628,3,109170088,29055,854584,0
Breathe,2093,Yeat,2024-02-16,USUM72401623,453,73,131100973,16735,42444393,67,4756180,146148,182200,26534406,265917250,1563442,10,1403,107,14,903632,22,359758,1958,307226,1
EASY,EASY,LE SSERAFIM,2024-02-19,USA2P2402101,455,72,141803939,7192,20908017,78,139498636,1771124,182200,12990521,80625682,1978716840,20,2733,46,4,169894,18,306385,286,190784,0
"Peso Pluma: Bzrp Music Sessions, Vol. 55","Peso Pluma: Bzrp Music Sessions, Vol. 55 - Single",Bizarrap,2023-05-31,UYB282301034,456,72,434019386,47202,14298402,70,350630590,4153653,182200,26534406,265917250,1145717172,48,7265,122,7,79313,33,19034872,5506,647350,1
Lose My Breath (Feat. Charlie Puth),Lose My Breath,Stray Kids,2024-05-10,US5TA2400074,457,72,29994527,1665,25533535,57,39678645,1520092,38704,1533045,5347400,35590514,12,1664,12,7,477416,45,277540,314,69265,0
Move,Move - Single,Adam Port,2024-06-07,DEEC33501508,459,72,5917083,1348,19711644,67,1541922,39879,21800,4700915,53279473,98142716,45,12,3,14,669637,22,28895,16,196937,0
Forget Me,Forget Me,Lewis Capaldi,2022-09-09,DEUM72204717,465,71,343556188,53783,14916823,69,78559130,611379,30806,18533179,268283723,350881548,76,641638,220,25,1291476,39,36438448,3704,3723951,0
Sabka Malik Ek,Sabka Malik Ek,Dada Black Sheep,2022-08-12,FR9W12228852,467,71,2754,22,441,67,1197426502,1257935,182200,26534406,265917250,98142716,28,50,86,15,237120,17,12735768,7832,854584,0
Scared To Start,Scared To Start,Michael Marcagi,2024-01-12,USWB12400001,469,71,284119669,23417,101687677,84,14777855,145459,182200,509611,18832300,290887958,71,33810,327,59,8912821,67,25145649,3122,857426,0
Super Freaky Girl,Super Freaky Girl,Nicki Minaj,2022-08-12,USUM72215262,468,71,549382975,88241,44497733,64,128432797,2507944,777200,583041946,5107877505,1132042114,93,331869,3028,32,1112754,82,47944657,27729,2630957,1
Miracle (with Ellie Goulding),Miracle (with Ellie Goulding),Calvin Harris,2023-03-10,GBARL2300300,470,71,425999315,91229,100955340,74,81238584,760116,144223,20190291,342295893,741916635,183,21709,40,132,4296671,79,12735768,7832,4349283,0
Something in the Orange,Something in the Orange,Zach Bryan,2022-04-22,USWB12201213,478,70,891578597,134151,56220971,82,121756122,612540,428919,61522352,536850823,545454569,78,8,86,37,4894376,69,94783587,127557,1548284,0
AMARGURA,MAï¿½ï¿½ANA SERï¿½ï¿,KAROL G,2023-02-24,USUM72222552,477,70,629102459,31206,51913972,81,317295184,924600,969500,28700787,404330162,814335857,45,46179,387,30,3549738,23,38480759,8821,1252595,1
I Wanna Party,I Wanna Party - Single,Unknown,2024-05-31,QZYFZ2445017,482,70,239850720,32312,13259481,67,148269610,1257935,182200,26534406,265917250,98142716,28,5954,86,15,237120,17,12735768,7832,854584,0
Bailando Bachata,Bailando Bachata - Single,Chayanne,2023-05-25,USSD12201328,479,70,136724343,15391,18104979,72,252644706,1115099,1500000,24961548,525208493,1343661668,18,39119,4,25,1739239,25,15483578,5649,1152569,0
La Bebe (Remix) [Apple Music Live],Apple Music Live: Peso Pluma,Peso Pluma,2023-12-06,QMFMF2394976,480,70,239850720,32312,13259481,67,148269610,1257935,2303000,191592684,2172310968,98142716,28,5954,33,15,237120,17,12735768,7832,3940,0
Feliz Cumpleaï¿½ï¿½os Fe,Feliz Cumpleaï¿½ï¿½os Fe,Feid,2022-08-19,USUM72215366,483,70,944833760,84300,40737356,78,442672273,1382190,712759,110146879,1137735925,656176233,58,35382,847,29,4232864,38,5607959,2694,1105660,0
Fall Back,Fall Back / Selfish Game - Single,Lithe,2024-03-21,AUMEV2435468,485,70,78227549,10811,34967691,81,18048583,346316,1827,366700,5400000,10740206,59,604,86,7,10139201,36,350778,1442,1712744,0
2055,2055,Sleepy Hallow,2021-04-14,USRC12100442,488,70,811700245,195603,31185690,77,168936854,1450642,321061,90460360,752325431,214637799,39,5018,232,18,217873,8,7644784,21061,925014,1
Bandit,Bandit - Single,Don Toliver,2024-02-01,USAT22400561,490,70,152597421,19834,64067368,12,6556571,181948,182200,5037290,98100600,578162886,27,40104,1312,17,1282315,37,2807438,1824,397211,1
Yimmy Yimmy,Yimmy Yimmy (feat. Jacqueline Fernandez) - Single,Tayc,2024-03-08,USA2P2410436,491,70,28543791,1305,5420569,74,148165738,1392549,182200,2333587,37252006,44349246,6,5954,86,3,452659,10,4285,8,291383,0
"This Is The Thanks I Get?! - From ""Wish""","This Is The Thanks I Get?! (From ""Wish"")",Chris Pine,2023-10-25,USWD12328244,492,69,15090071,1405,7665573,67,6176518,49281,2600000,15257747,182005109,297428,16,11,86,1,18,7,572150,1913,25335,0
We Don't Talk About Bruno,Encanto (Original Motion Picture Soundtrack),Carolina Gaitï¿½ï¿½n - La G,2021-11-19,USWD12112915,493,69,502781351,57858,20151204,68,749366767,5566798,601478,415546697,3341780836,65811641,88,22082,86,8,183506,34,66651535,277556,828770,0
You Proof,You Proof,Morgan Wallen,2022-05-13,USUG12203266,494,69,644437397,64367,18795673,79,141964689,814824,128357,28267176,327463451,437506457,49,340292,301,7,100845,29,272571584,45356,899954,0
Enemy (with JID) - from the series Arcane League of Legends,Mercury - Act 1,Imagine Dragons,2021-09-03,USUM72119916,495,69,1502382072,240419,57503380,75,148269610,1257935,913200,449105708,4053240923,98142716,118,137391,86,55,2576050,65,36985295,73848,854584,0
Shut Down,BORN PINK,BLACKPINK,2022-09-16,KRA402200020,497,69,654818451,39852,17682503,67,633781726,11421404,844032,374048198,3365539262,383386318,34,18744,201,15,202016,29,2834793,6453,909449,0
Regalo De Dios,PRESENTE,Juliï¿½ï¿½n ï¿½ï¿½lvarez y su Norteï,2023-11-17,QZ7HP2300092,498,69,205050873,6236,32107085,81,242715015,1024215,182200,1660,20904,1291400606,7,2838,86,8,2174143,8,7709559,5232,750457,0
Never Let Go,Never Let Go - Single,Jung Kook,2024-06-07,USA2P2431076,499,69,26891849,722,63940453,81,5611228,686901,182200,26534406,265917250,98142716,57,279,86,25,2485160,49,483333,20,32683,0
Toyour ï¿½ï¿½ï¿,Amrat ï¿½ï¿½ï¿½ï,Rasha Nahas,2023-01-20,QMEU32211578,500,69,11360,26,3294,6,854850866,6612,182200,26534406,265917250,98142716,28,16,86,15,237120,17,12735768,7832,264,0
Chill Vibes,Chill Vibes,Tollan Kim,2022-03-31,SGB502214297,501,69,1212312,560,367540,32,668067,10341,9268296,888782233,14162352713,98142716,28,1,86,1,6,17,29241,1149,46761,0
MIENTRAS ME CURO DEL CORA,MAï¿½ï¿½ANA SERï¿½ï¿,KAROL G,2023-02-24,USUM72300862,506,69,426341106,29511,24418991,76,304538874,2238586,1577292,68382766,871654140,172894442,22,31573,131,18,2850884,57,18389679,4957,587533,0
Down Bad,THE TORTURED POETS DEPARTMENT,Taylor Swift,2024-04-18,USUG12401031,504,69,210385853,5179,38317286,80,18713330,225439,46800,9697319,65541536,934654,92,3721,86,6,2177148,80,6242005,4341,84774,1
La llama que Baila,La llama que Baila,El Reino Infantil,2022-06-10,ARF062200275,508,68,665611,145,25771,22,1209387613,3358774,182200,26534406,265917250,98142716,2,1,86,15,237120,17,12735768,7832,854584,0
Ain't No Love In Oklahoma (From Twisters: The Album),Ain't No Love In Oklahoma (From Twisters: The Album),Luke Combs,2024-05-16,USAT22402805,507,68,33661899,3565,32881291,79,3729783,62696,182200,201600,1441200,180045931,8,14021,1,5,6338,47,5036410,1867,109089,0
Vegas (From the Original Motion Picture Soundtrack ELVIS),Vegas (From the Original Motion Picture Soundtrack ELVIS),Doja Cat,2022-05-06,USRC12201441,509,68,553783547,83450,40562156,68,238368386,2671201,481825,313806405,2994040421,62996039,57,355757,1832,25,274193,51,80033346,22268,3470453,1
El Merengue,El Merengue - Single,Marshmello,2023-03-03,USSD12300040,510,68,528420867,59791,80570021,75,211317309,842146,252314,28930444,451806178,317407332,84,103743,117,70,3574930,97,13770084,2950,3007373,0
Made For Me,Made For Me,Muni Long,2023-09-15,USUG12307428,513,68,142945230,13253,40716529,76,66893881,833116,887,2044007,17122064,714859998,59,181747,401,41,9215342,50,32652221,30096,2466891,0
Let's Go 4,Let's Go 4,Mc IG,2023-09-11,BXG6R2300792,511,68,269785626,27317,24472348,67,286261279,1999463,182200,26534406,265917250,1110835700,11,5954,86,38,9909048,19,12735768,7832,417614,1
TELEKINESIS,UTOPIA,Travis Scott,2023-07-28,USSM12305019,512,68,313693195,92838,14575457,75,31625039,372407,7369,3576724,32670713,1382,17,232,86,8,61212,10,655691,3601,809119,1
Daqui pra Sempre,Daqui pra Sempre,Manu,2023-09-22,QZTPX2351515,514,68,181784966,12794,30495153,76,340975288,1553160,182200,6,179,1293752603,17,3290,86,42,8789193,19,12735768,7832,329363,0
Martin & Gina,THE GOAT,Polo G,2020-05-15,USQX92002595,516,68,885756212,212406,24064966,76,226717718,2205890,340101,27626217,200329006,3481432,46,12382,51,9,33343,17,56515925,46630,1642067,1
TRUSTFALL,TRUSTFALL,P!nk,2023-01-27,USRC12204190,520,68,255898884,35610,35412821,65,95799266,746279,63475,9770601,112935118,391385059,80,420110,74,38,2641584,73,43499109,6473,3282634,0
PRC,PRC,Peso Pluma,2023-01-24,QM4TW2315684,522,67,668103212,52040,23580184,69,417352534,2399654,182200,63,1213,143646060,52,834,3,4,1056738,8,50081670,10114,889406,1
Lemonade,Lemonade,Internet Money,2020-08-14,QZJ842000368,523,67,1320495311,280937,43396860,12,446997037,4911417,1028504,178619501,1355578291,232205977,191,1353,147,67,1457645,3,100566058,32236,4854882,1
WITHOUT YOU,F*CK LOVE (SAVAGE),The Kid LAROI,2020-11-06,USSM12006586,524,67,927908363,192182,29317288,69,201781716,2768029,1806340,276254807,2189403368,106102604,179,534728,803,41,391181,22,78876080,52624,854584,1
Sensational (feat. Davido & Lojay),Sensational (feat. Davido & Lojay) - Single,Chris Brown,2023-10-20,USRC12302777,527,67,70652012,20841,15882127,67,74067917,702482,182200,1361002,13499846,518987600,47,145261,16,23,351301,38,14468521,5744,1275094,1
LET GO,LET GO,Central Cee,2022-12-15,US39N2203950,526,67,415699405,131562,25729246,70,120716253,1505981,71800,43271885,459919455,39958162,37,59291,271,24,581393,41,3691271,1120,1781022,1
Blister In The Sun,Violent Femmes (Deluxe Edition),Violent Femmes,2023-12-01,USC4R2338087,525,67,250321751,34,302,67,148269610,1257935,182200,26534406,265917250,98142716,8,5954,86,15,237120,17,204482906,105310,854584,0
Savage (feat. Beyoncï¿½ï¿½) - R,Savage (feat. Beyoncï¿½ï¿½) [Re,Megan Thee Stallion,2020-04-29,QMCE32000145,528,67,428986855,49403,19102863,57,179237329,1934526,11268723,807114884,7823796917,15380362,151,162045,82,60,136408,8,86651635,74696,2104217,1
Tï¿½ï¿½ ,Dolido Pero No Arrepentido - EP,Fuerza Regida,2024-02-09,QZ9QQ2400125,531,67,188154454,6068,47264152,82,124152999,632963,182200,2121100,27500000,528622354,32,18,86,13,1810337,6,6288446,4696,445052,0
Cari Mama Muda (Senorita Joven) - Original Mix,Cari Mama Muda (Senorita Joven),Carella,2021-02-13,ITH642025474,532,67,149072,53,14039,7,148269610,1257935,13600432,29203710,339961056,98142716,28,5954,86,15,237120,17,12735768,7832,857,0
Need A Favor,NEED A FAVOR,Jelly Roll,2022-12-09,QMRSZ2203220,533,66,166866092,26335,16587886,73,49337131,600551,56261,9453847,133788711,98142716,28,484892,115,15,237120,17,127959443,29847,1174949,0
Heeriye (feat. Arijit Singh),Heeriye (feat. Arijit Singh),Jasleen Royal,2023-07-25,INW262317690,534,66,296399608,19549,12641512,74,387713750,3452796,182200,2047685,38736854,97316722,28,604,86,1,1097,19,12735768,7832,854584,0
Anabella,Anabella,Khaid,2023-07-14,US23A1566792,536,66,14645123,2424,586834,52,28065515,194782,3325481,18297800,222489625,55637507,6,1101,86,15,237120,17,57777,7832,982458,1
Cuando Te Amï¿,Cuando Te Amï¿½ï¿½ - Si,Cupula Roja,2024-06-08,UKXN22459926,537,66,239850720,32312,13259481,67,97907,436,182200,26534406,265917250,98142716,28,5954,86,15,237120,17,12735768,7832,837439,0
Bam Bam (feat. Ed Sheeran),#NAME?,Camila Cabello,2021-10-29,USSM12200047,539,66,907821800,106835,71070491,68,242506280,2540594,165069,54851263,702113761,4973499360,152,478141,1115,98,2702560,79,47200073,18000,7126240,0
The Motto,The Motto,Tiï¿½ï¿,2021-11-04,CYA112001070,540,66,818199643,147373,98477761,70,300558745,1923570,121422,28637203,591641859,2987052499,223,219365,1085,129,3090312,73,99191606,14575,4987597,0
Single Soon,Single Soon,Selena Gomez,2023-08-25,USUM72310919,538,66,205555865,18831,38391532,70,62487981,1546366,68600,22643113,237154932,1218609754,71,240483,504,42,8773245,71,25564674,4700,1178404,0
Close,Close - Single,Kush & TJ,2023-09-14,QZTAX2379776,543,66,239850720,32312,13259481,67,148269610,1257935,182200,26534406,265917250,98142716,28,5954,86,15,237120,17,12735768,7832,33097904,0
Wasted On You,Dangerous: The Double Album,Morgan Wallen,2021-01-08,USUG12004194,545,66,717226454,73851,11500647,79,404363419,2296639,55649,7599044,86145458,350781335,41,391795,273,3,5348,7,431750490,127122,2061209,0
BREAK MY SOUL,BREAK MY SOUL,Beyoncï¿,2022-06-21,USSM12206234,544,66,443564590,80121,43604917,64,122345818,1753026,247082,93051722,1231848412,4088928383,210,436049,1089,73,1986611,115,24808925,23163,2682867,0
Nimbu Kharbuja Bhail 2,Nimbu Kharbuja Bhail 2,Khesari Lal Yadav,2023-12-11,ING642308945,546,66,9396018,139,195881,67,286293095,1983672,182200,26534406,265917250,898221577,28,5954,86,15,237120,17,12735768,7832,12438,0
Murder In My Mind,Murder In My Mind,Kordhell,2022-01-21,QM4TW2218315,547,66,668285368,120095,62454609,74,135561359,1695128,1103489,258958538,2877613437,98142716,21,508,338,7,127461,10,5328696,7896,2597736,1
traitor,SOUR,Olivia Rodrigo,2021-05-21,USUG12101243,550,66,1564979439,150597,73290053,80,500794182,7451635,453412,392179677,2639611818,2578474407,147,93825,182,29,150235,25,64240084,79459,3156314,0
DIME QUE,DIME QUE,Ian G.,2021-07-16,QZS632157305,559,65,239850720,32312,13259481,67,148269610,1257935,182200,26534406,265917250,98142716,28,5954,86,15,237120,17,12735768,7832,5,0
Quï¿½ï¿½ Mï¿½ï¿,Quï¿½ï¿½ Mï¿½ï¿,J Balvin,2021-05-28,QZM5U2100064,552,65,811810737,117049,31186381,67,874107993,4127669,914703,200383930,1748578220,176466990,108,43750,105,34,1198593,72,23369752,4765,1744699,0
Hrs and Hrs,Public Displays of Affection,Muni Long,2021-11-19,QZAKB2136210,551,65,241632869,58384,11312967,67,179211319,1646854,2843662,390407298,3549690741,106620435,38,211697,550,7,462675,36,147650715,84029,2325531,1
Broccoli,Broccoli - Single,ati2x06,2024-01-17,ES64E2455101,626,65,846435891,1,42,67,148269610,1257935,182200,26534406,265917250,98142716,28,5954,86,15,237120,17,12735768,7832,854584,0
Angel Baby,Angel Baby,Troye Sivan,2021-09-09,AUUM72100371,554,65,533416336,51383,15263459,68,293168763,2744278,6384142,410346965,4418855338,1548038923,49,31921,23,15,12354,25,1140347,2750,1409744,0
Way 2 Sexy (with Future & Young Thug),Certified Lover Boy,Drake,2021-09-03,USUG12104403,555,65,559759920,159492,30567448,67,190901062,2026532,763500,263361535,2410691959,190621640,102,3271,750,27,359622,45,72871746,170628,2092908,1
Bhauji Lenge Lenge,Bhauji Lenge Lenge,Khesari Lal Yadav,2024-04-05,ING642402634,556,65,1319711,27,200816,67,105682742,819009,182200,26534406,265917250,98142716,28,5954,86,15,237120,17,12735768,7832,2690,0
SORRY 4 THAT MUCH,SORRY 4 THAT MUCH,Feid,2024-06-07,USUM72406641,557,64,8757910,1184,87529320,71,3466744,141011,9478,3201272,25443365,973900,51,220,86,21,3488226,31,126541,36,57091,1
I WANNA BE YOUR SLAVE,Teatro d'ira - Vol. I,Mï¿½ï¿½ne,2021-03-19,ITB002100115,558,64,1053626902,240281,35343056,77,286243073,5394802,415619,226005917,1755214047,275474626,117,53353,185,50,1407171,44,18935940,25775,6698043,1
PUFFIN ON ZOOTIEZ,I NEVER LIKED YOU,Future,2022-04-29,USSM12203787,560,64,395167576,135307,21175776,71,117364602,803990,31391,6266752,66661123,325170705,31,1129,135,6,83735,4,14036841,8254,1076988,1
3D (feat. Jack Harlow),3D (feat. Jack Harlow),Jung Kook,2023-09-29,USA2P2346470,559,64,573249007,27154,33077841,74,166687005,4539515,30142,9786252,66859275,1859365360,19,5954,25,30,1569004,49,2506963,1609,1379108,1
Lift Me Up - From Black Panther: Wakanda Forever - Music From and Inspired By,Lift Me Up (From Black Panther: Wakanda Forever - Music From and Inspired By),Rihanna,2022-10-28,QMJMT2204481,563,64,378282960,66018,36625617,65,44883383,477531,676437,120792885,1367774822,98142716,109,244607,4,56,951077,79,70799533,27709,5877217,0
Desire (with Sam Smith),Desire (with Sam Smith),Calvin Harris,2023-07-28,GBARL2300798,561,64,226519256,43558,87204848,75,51312470,504978,1946,80070,2439093,524372800,89,133567,35,98,1777050,31,3204383,408,2178835,0
Cute,Cute,Aurel Surya Lie,2022-08-29,SGB502236207,564,64,142732,90,4986,21,195295,5143,6975800,319088576,5316677737,98142716,28,5954,86,15,237120,17,12735768,7832,21634,0
ýýýýýý (HEYA),IVE SWITCH,IVE,2024-04-29,QM4TX2478220,568,64,32189908,1646,17870918,60,56484359,869830,182200,2558230,19697730,98142716,26,642,86,8,159862,20,52017,28,58570,0
"Besharam Rang (From ""Pathaan"")","Besharam Rang (From ""Pathaan"")",Vishal-Shekhar,2022-12-12,INY092200126,574,64,218291402,10974,8344652,66,687030830,4823376,473000,26417464,568124616,1434494,27,2038,86,1,1097,11,733552,292,267470,0
MR. TAKE YA B*TCH (FEAT. CHRISEANROCK),MR. TAKE YA B*TCH (FEAT. CHRISEANROCK),Lil Mabu,2023-10-17,QZVEM2364808,575,63,64754747,15452,1964606,67,45962989,688170,1419200,159289734,1354562740,266843018,2,152,78,15,237120,12,2014641,6101,375743,1
Cheques,Still Rollin,Shubh,2023-05-19,QM6P42332212,576,63,276505971,18698,9458603,73,356244269,3597189,546123,13229231,193157167,596803,20,5954,86,15,237120,22,54106,66,509690,0
Friday (feat. Mufasa & Hypeman) - Dopamine Re-Edit,Friday (feat. Mufasa & Hypeman) [Dopamine Re-Edit],Riton,2021-01-15,GBCEN2000163,577,63,979440925,257132,93789915,72,43045405,285558,419400,21243042,269812694,88241,286,238633,86,159,4203809,46,21699241,18631,8389740,0
VAGABUNDO,VAGABUNDO,Sebastian Yatra,2023-05-12,USUM72305982,578,63,337650898,44292,44021764,75,226249916,862952,241103,34797656,505139679,186376381,59,66673,67,47,2145616,65,5524025,774,1434689,0
On My Mama,On My Mama,Victoria Monï¿½,2023-06-16,USRC12204025,582,63,119798692,16874,43909927,65,57621851,673949,52478,14376748,138101105,286698611,55,306628,382,39,8198464,78,17556177,11350,1507722,1
Wishing Well,Legends Never Die,Juice WRLD,2020-07-10,USUG12001905,583,63,901486450,157381,25837638,71,419337114,4349040,491431,53221207,482804184,19920776,30,22361,23,36,101369,15,58369856,96691,1303125,1
Jale 2 (feat. Vinay Yadav & Neha Shukla),Jale 2 (feat. Vinay Yadav & Neha Shukla),Shiva Choudhary,2023-10-26,ZA41S2304411,581,63,239850720,3,710,67,355029539,2185177,182200,26534406,265917250,880969649,28,5954,86,15,237120,17,12735768,7832,16,0
SPECIALZ,SPECIALZ,King Gnu,2023-09-01,JPU902303303,585,63,178413226,22972,6194085,78,270988549,1664863,174300,88806278,729015072,514087095,20,600,86,5,29367,8,12735768,7832,854584,0
Ta Ta Ta,Bayanni,Bayanni,2022-08-24,NGA3B2219002,586,63,85207310,31737,2778661,62,59927668,420475,4914172,92105584,1493815667,4900911,18,5714,8,7,248283,17,826750,641,2121596,1
Un Finde | CROSSOVER #2,Un Finde | CROSSOVER #2,Big One,2023-04-04,ARP7V2300002,588,63,361219290,34991,12554230,72,319150330,1101883,710900,63611915,947077415,329133682,13,17927,86,21,5312674,13,12735768,7832,654350,0
Gulabi Sadi,Gulabi Sadi,Sanju Rathod,2024-02-06,FR2X42446102,587,63,34996527,983,2100536,69,170115238,1923890,2046,5503,87900,152304022,1,5954,86,15,237120,17,12735768,7832,170779,0
The 5th Letter,Underhanded,Hollywood Dots The Oncelor,2022-10-28,QZANY1700215,591,62,239850720,32312,13259481,67,928039252,1154421,182200,26534406,265917250,98142716,28,2,86,15,237120,17,12735768,7832,854584,1
Belong Together,Belong Together - Single,Mark Ambor,2024-02-16,QM24S2400638,592,62,233969547,19001,153692182,87,15918146,259139,182200,569975,7383118,71148977,84,5954,292,59,30602918,76,2985129,2037,1139490,0
LOVELY BASTARDS,LOVELY BASTARDS,ZWE1HVNDXR,2023-08-25,QZPLS2390181,594,62,224798632,37906,25613376,67,96276929,1777074,781267,222202542,2266242364,21726048,3,1,86,15,237120,8,685072,3203,1340592,1
La Curiosidad,Platonicos,Jay Wheeler,2020-06-12,USUYG1313832,595,62,1099019265,107383,57705968,78,1230683305,4830196,632899,113529720,973281040,123499549,104,31013,38,23,1915136,35,63698595,14450,1948311,0
EL MAKINON,EL MAKINON,KAROL G,2021-03-24,USUM72023904,596,62,574357002,69491,28426363,69,1180418876,5566219,487000,56713955,627030538,594246368,91,32815,32,41,2363366,40,56426614,11335,1161001,0
In The Stars,In The Stars,Benson Boone,2022-04-29,USWB12201574,597,62,725214939,107667,48040727,74,204956968,2396003,626129,233812388,2046007902,2723304479,48,98191,47,19,576576,14,10018684,12905,3629083,0
Shirt,Shirt,SZA,2022-10-28,USRC12203632,598,62,469322271,68997,24096906,73,77831118,981474,50996,44266733,419727783,61197280,64,278696,1150,26,787665,43,52365635,13823,1516065,1
Tiryakinim,Tiryakinim,Bayhan,2024-04-18,QZK6N2415960,599,62,34304595,1805,4615455,71,65487083,469277,182200,26534406,265917250,2606582,6,523,86,1,1566667,17,12735768,7832,163672,0
We Don't Trust You,WE DON'T TRUST YOU,Future,2024-03-22,USSM12402040,600,62,68542565,13345,6655318,67,17365209,248471,182200,26534406,265917250,381728,12,608,86,13,190012,17,1266024,1564,194097,1
Tï¿½ï¿,Tï¿½ï¿,DENNIS,2023-05-04,BRSME2300692,601,62,333339751,41237,24980357,69,164941550,1130932,1253933,124997599,1585272275,158095067,44,6589,135,67,3132886,11,183192,334,1174062,0
Cï¿½ï¿½ï¿½t ï¿½ï¿½ï¿½ï¿,Cï¿½ï¿½ï¿½t ï¿½ï¿½ï¿½ï¿,Tï¿½ï¿½ng Duy ,2023-09-28,QZYHM2362070,602,62,6921900,1554,91085,67,119888947,390939,1800000,18029920,497979360,2119803,1,5,86,15,237120,17,12735768,7832,33933,0
THE GREATEST,HIT ME HARD AND SOFT,Billie Eilish,2024-05-17,USUM72401992,606,62,74533081,4192,13299713,84,4455957,101176,166,26534406,265917250,934654,60,408,1,8,208876,17,183715,381,62349,0
Saami Saami,"Saami Saami (From ""Pushpa - The Rise Part - 01"") - Single",Mounika Yadav,2021-10-28,INA092117769,608,61,43286859,3192,1364915,49,1427016787,19325402,182200,26534406,265917250,68869266,4,1275,86,15,237120,7,12735768,7832,69519,0
BON,No.O -ring-,Number_i,2024-05-27,JPY932300068,613,61,7269751,133,4401335,70,27108087,190541,182200,26534406,265917250,98142716,13,136,86,15,237120,4,12735768,7832,24786,0
SAD GIRLZ LUV MONEY Remix (feat. Kali Uchis and Moliy),SAD GIRLZ LUV MONEY Remix (feat. Kali Uchis and Moliy),Amaarae,2021-09-16,US23A1540104,610,61,428189728,95507,22395876,67,84966187,868089,5406735,1021159104,11653604916,98142716,100,22558,122,24,101103,33,6960206,6180,5024951,1
Young Metro,WE DON'T TRUST YOU,Future,2024-03-22,USSM12402034,612,61,69705399,13782,24255616,67,11537917,283398,182200,26534406,265917250,1656679,7,188,86,3,55789,17,3222983,780,189143,1
You Raise Me Up,Closer (20th Anniversary Deluxe Edition),Josh Groban,2023-11-17,USRE12300484,618,61,124486631,18,152,67,148269610,1257935,182200,26534406,265917250,98142716,28,5954,86,15,237120,17,125334138,192980,854584,0
Queencard,I feel,(G)I-DLE,2023-05-15,KRA392300001,616,61,289304213,25925,7047731,72,336281559,3407011,404600,257833478,1992738757,572838570,33,4473,86,5,25127,38,786642,3077,689921,0
"Maroon Color Sadiya (From ""Fasal"")","Maroon Color Sadiya (From ""Fasal"") - Single",Kalpana,2024-03-12,INW132418021,617,61,10371919,142,221118,67,130361314,1078319,182200,26534406,265917250,98142716,28,5954,86,15,237120,17,12735768,7832,15509,0
RAPSTAR,RAPSTAR,Polo G,2021-04-09,USSM12101640,615,61,923823292,218155,31818910,72,300905049,3235053,147432,71450602,619442138,275110787,143,128393,554,28,283344,49,51760583,51356,2180167,1
Say Yes To Heaven,Say Yes To Heaven (sim0ne & Melo Nada Remix),Lana Del Rey,2023-03-17,GBUM72304301,620,61,513353284,73253,71366345,80,91324061,1419414,42282,19858700,152008937,225040,70,30184,20,39,830621,41,22345351,3483,3754332,0
Building Blocks,Darkly,Falls,2022-07-15,QZN882241742,619,61,239850720,1,4,67,1067013260,2057980,182200,26534406,265917250,98142716,28,5954,86,15,237120,17,12735768,7832,854584,0
Maan Meri Jaan,Champagne Talk,King,2022-10-12,INW272200083,621,61,467454503,25221,7852722,71,627711778,7180269,622000,11756945,189880241,506446,18,921,86,1,1097,9,3330,7832,397715,0
Best Friend (feat. Doja Cat),Best Friend (feat. Doja Cat),Saweetie,2021-01-07,USWB12004547,622,61,571532926,95775,30817811,66,480128955,4921945,2150682,255722462,2362426981,36411816,143,202966,921,50,237821,48,145038061,82633,2977469,1
GATï¿½ï¿½,GATï¿½ï¿½,KAROL G,2022-08-26,USUM72216070,623,61,427247328,42444,22820163,66,547409394,3332851,333197,26378245,275273861,708455030,38,41880,104,24,6138492,41,51711477,9193,1177588,0
act ii: date @ 8 (remix),act ii: date @ 8 (feat. Drake) [remix],4batz,2024-03-08,USLD91756695,627,61,89787741,16536,54361056,67,148269610,1257935,182200,26534406,265917250,98142716,49,36850,86,34,1475723,44,6065308,1556,585899,1
Barbie World (with Aqua) [From Barbie The Album],Barbie World (with Aqua) [From Barbie The Album],Nicki Minaj,2023-06-23,USAT22306213,630,61,470659154,53386,35912569,71,143805714,2019310,307562,119653263,1220529181,581626428,68,4,1012,31,494407,35,12735768,7832,1637333,1
The Kind of Love We Make,The Kind of Love We Make,Luke Combs,2022-06-17,US6XF2200076,628,61,470340261,68177,14091711,75,123212252,623104,72219,39713127,395041727,513736581,45,321811,106,7,141841,25,175596345,25175,1452588,0
Europapa,Europapa,Joost,2024-02-29,NL4TG2400001,629,61,111170278,12493,25123151,81,50014053,797138,91200,3125018,34861500,4715872,27,9467,41,34,1098059,12,17776,114,178197,0
OMG,NewJeans 'OMG',NewJeans,2023-01-02,USA2P2251723,632,60,675591495,53019,18823180,75,296668872,3652203,566750,299538483,2441354214,228437645,43,13660,25,10,209526,45,1244038,2134,702234,0
Baila,Baila,Karl Wine,2020-07-31,TCAFA2047032,631,60,2947162,2732,204717,67,12422083,154802,14006256,151549836,1846083524,98142716,28,5954,86,15,237120,17,12735768,7832,1322093,0
PUNTO 40,PUNTO 40 - Single,Rauw Alejandro,2022-09-22,USSD12200965,635,60,396549329,56179,20926929,67,185441424,1023796,2400609,377165558,5233247603,19049338,43,36151,174,23,368136,46,20524547,4585,1071446,1
Shorty Party,Shorty Party,Cartel De Santa,2023-03-04,MX3602300010,633,60,323657766,28785,11052463,69,373726087,2491193,416201,53038445,623071891,304414240,9,2712,1,3,1108265,7,13592777,11376,2690874,1
Drama,Drama - The 4th Mini Album,aespa,2023-11-10,KRA302300350,634,60,198043685,11991,12559068,78,203832651,2922155,43265,64109374,442468610,1241723341,26,2805,7,6,573116,24,306346,786,261344,0
Head & Heart (feat. MNEK),Head & Heart (feat. MNEK),Joel Corry,2020-07-03,UK4ZF2000305,636,60,1196521179,190615,90132900,74,362915972,1650951,434330,24163311,269796885,181591757,383,411715,498,216,3455476,65,58649277,12515,8953467,0
How Do I Say Goodbye,How Do I Say Goodbye,Dean Lewis,2022-08-05,AUUM72200172,639,60,459712644,86820,35269550,69,116599191,1422757,189900,92382361,749847975,553126618,57,206210,428,21,85862,22,59479060,16184,2330861,0
One Step Closer,Papercuts,Linkin Park,2024-04-12,USWB11201316,640,60,687919107,91,485893,67,148269610,1257935,182200,26534406,265917250,98142716,28,5954,86,15,237120,1,12735768,7832,854584,0
ULTRA SOLO,ULTRA SOLO,Polimï¿½ï¿½ Westc,2022-02-14,CLPP22200004,642,60,360068693,58995,18998905,64,149041400,1103249,4984600,450591101,4865262796,98142716,35,18457,86,19,138088,19,55318,706,1212308,0
Hundred Miles (Sped Up Version),Hundred Miles (Sped Up Version) [feat. Gabriela Richardson] - Single,Yall,2023-02-03,ES7002364101,641,60,16264949,4532,1638498,48,2287199,35193,4771500,156817500,1820623806,98142716,2,5954,86,15,237120,17,26640,307,235920,0
SNAP,SNAP,Rosa Linn,2022-03-19,USSM12207342,643,60,1039482815,99333,60341587,79,14074005,277824,20083,254036,6824133,98142716,133,366151,661,75,2521874,39,12735768,7832,9224184,0
Lambiyan Raataan,Lambiyan Raataan - Single,Jubin Nautiyal,2021-08-27,QZ93L2125871,644,60,53437,4,16,67,1498796051,11372639,580,73176,950474,251850858,28,5954,86,15,237120,17,12735768,7832,854584,0
Laugh Now Cry Later (feat. Lil Durk),Laugh Now Cry Later (feat. Lil Durk),Drake,2020-08-14,USUG12001748,645,60,962634706,222576,40254416,69,645367972,5525087,59816,28688641,232612189,200715765,170,1830,49,71,208959,29,111165919,54849,2255595,1
Casanova,Casanova,Soolking,2023-07-06,FRPZ92324651,649,60,191488217,46669,12795882,72,205292316,1160425,182200,12365265,143392887,466939874,35,18155,86,40,6429562,32,12735768,7832,1457167,0
Holanda,Holanda,Jhayco,2023-07-28,USUM72310520,651,60,320174752,51073,31619869,73,104188558,465006,278104,136034375,1510621389,30755464,48,29430,9,22,534709,30,697732,897,597203,1
nï¿½ï¿½e,nï¿½ï¿½e,21 Savage,2024-01-10,USSM12309168,652,59,150203467,33551,52062674,67,15371828,236178,182200,26534406,265917250,121166226,24,18531,4,12,91130,25,3682246,903,467115,1
Cough,Cough,Kizz Daniel,2022-10-13,USUYG1448153,655,59,86103527,24888,4522560,62,211940922,1076420,3115217,71261169,1387044831,69365971,20,14428,4,6,438492,18,5049678,1949,3663496,1
Afraid To Feel,Afraid To Feel,LF SYSTEM,2022-05-02,GBAHT2200492,656,59,355203657,146218,60783514,74,46743730,381567,201874,142211766,1767047572,746547494,112,113950,369,55,1570302,35,69412,1389,3424307,0
Toxic,Faded,BoyWithUke,2021-09-10,TCAFS2101442,662,59,690010618,145080,16730668,69,366093721,7390377,643140,290455168,2787939961,1219791364,24,61430,151,27,541010,15,10399079,53016,5582299,0
Up,Up (Instrumental),Cardi B,2021-02-04,USAT22100061,664,59,646916214,97970,34102798,65,496850951,6266644,2776485,885852462,6912025468,66038736,173,15142,869,60,214629,40,147844649,104705,3173352,1
UN PREVIEW,UN PREVIEW,Bad Bunny,2023-09-25,QMFME2329236,660,59,253455087,45343,26714184,67,71940311,1117686,19800,9088147,96982970,9888742,32,23982,381,25,1747573,12,9433766,1943,554474,1
Prada Dem (feat. Offset),Prada Dem (feat. Offset),Gunna,2024-03-15,USAT22401724,669,59,57374288,10723,43670163,67,10657679,209937,56800,1100000,9200000,4228925,37,19728,366,4,1345101,21,4733077,529,241004,1
Don't Be Shy,Don't Be Shy - Single,Tiï¿½ï¿,2021-08-12,CYA112000981,670,59,686371118,95938,62300199,69,479721274,3066965,1500000,146674018,2298614237,1914236734,130,104810,945,87,604339,51,46151542,9577,4879555,1
Sabor Fresa,Sabor Fresa,Fuerza Regida,2023-06-22,QZ9QQ2300457,668,59,502536183,37578,22883474,77,151406654,886902,380400,77609922,866457165,38095038,40,2639,312,17,2206560,16,36328828,10092,591279,1
MON LOVE OHO,MON LOVE OHO,Liamsi,2023-04-07,QZMEV2363867,666,59,24215252,12008,950490,48,12381597,191468,3611019,229593251,3302969819,98142716,1,4445,86,1,839,2,12735768,7832,1389350,1
Surround Sound (feat. 21 Savage & Baby Tate),Surround Sound (feat. 21 Savage & Baby Tate),JID,2022-01-14,USUM72123571,667,59,548724288,170892,80727459,79,91605414,1539359,28794,90067000,813374956,476994273,53,1046,538,28,2732487,48,21017930,13817,5341857,1
Feather,emails i canï¿½ï¿½ï¿½t send fwd,Sabrina Carpenter,2023-03-17,USUM72301876,673,59,488979989,32825,79636817,84,88126911,1378287,170893,35176071,443060258,756672096,60,212739,400,72,5800066,37,14414933,5802,1261815,1
Super Gremlin,Sniper Gang Presents Syko Bob & Snapkatt: Nightmare Babies,Kodak Black,2021-10-30,USAT22107295,672,59,416955991,123862,25561593,63,174009595,1640732,255281,140081850,1163709610,32508,65,254615,350,20,126629,24,149887956,90700,2259867,1
La Triple M,La Triple M,Mawell,2023-06-02,QM6P42364524,671,59,44557662,9405,3224288,59,88674781,431451,2644100,87005227,1729443890,54141730,1,7638,86,1,210,17,336332,689,497340,1
"Fear Song (From ""Devara Part 1"") [Tamil]","Fear Song (From ""Devara Part 1"") [Tamil]",Anirudh Ravichander,2024-05-19,INS182401563,677,59,945093,63,944526,67,39278201,656672,182200,26534406,265917250,98142716,2,5954,86,15,237120,2,12735768,7832,6139,0
Papa,Papa,Lori,2022-11-24,CH6542286446,676,59,239850720,32312,13259481,67,829051158,2899554,182200,26534406,265917250,2908705,28,2,86,15,237120,17,12735768,7832,854584,0
Memory Reboot,Memory Reboot,Vï¿½,2023-01-13,QM4TW2307105,679,59,168087455,33442,16618553,71,139656144,2054412,2629100,156998611,1559678788,45767047,28,6,86,7,278942,17,12735768,7832,1425007,0
Last Night,3 Songs At A Time Sampler,Morgan Wallen,2023-01-31,USUG12300831,681,59,922010059,5520,576014,50,148269610,1257935,182200,26534406,265917250,98142716,49,546787,86,15,237120,4,12735768,7832,854584,0
Build a Bitch,Build a Bitch,Bella Poarch,2021-05-14,USWB12101016,682,58,452542081,81642,21651326,63,575228171,13396525,3130325,1030644218,10270227664,673325888,77,45289,119,25,64858,23,33608983,29714,2055722,1
"Natanael Cano: Bzrp Music Sessions, Vol. 59","Natanael Cano: Bzrp Music Sessions, Vol. 59",Bizarrap,2024-04-02,UYB282401007,683,58,126619484,6242,27462520,79,55418429,1848749,182200,54400,556900,9306598,10,568,86,11,2351766,34,434955,158,854584,1
400 Degreez,400 Degreez (Deluxe Edition),JUVENILE,2024-03-29,USCM52400062,687,58,11610247,2,2,67,148269610,1257935,182200,26534406,265917250,98142716,28,5954,86,15,237120,17,34195379,82220,854584,1
Y LLORO,$AD BOYZ 4 LIFE II,Junior H,2023-10-05,QZ9QQ2300724,685,58,363816146,16161,16393454,80,189158687,768324,64160,13838072,114779266,1011182862,24,843,32,13,6958217,22,5987571,4056,711146,1
How We Roll,How We Roll,Ciara,2023-08-04,QZS7J2357291,684,58,36007719,11757,1829300,53,66350451,833138,1454232,28142270,344537974,287866414,16,83924,41,4,66406,27,7222274,5483,790290,1
"Satranga (From ""Animal"")","Satranga (From ""Animal"") - Single",Arijit Singh,2023-10-28,INS182303075,690,58,214352397,9450,15024564,76,240762258,2003670,182200,50,190,1055897483,14,5954,86,15,237120,9,12735768,7832,239890,0
My Universe,My Universe,Coldplay,2021-09-24,GBAYE2100952,688,58,1269607301,124247,79296537,71,518912320,17373598,865359,292601736,1700398150,3568335434,28,101,545,15,237120,17,12735768,7832,854584,0
Peaches & Eggplants (feat. 21 Savage),Peaches & Eggplants (feat. 21 Savage),Young Nudy,2023-02-27,USRC12300570,689,58,157446814,54118,15660760,64,120010894,962140,44041,22685975,142468312,339341865,31,95078,145,16,1339752,20,10357719,19626,1447731,1
"Who Want Smoke?? (feat. G Herbo, Lil Durk & 21 Savage)","Who Want Smoke?? (feat. G Herbo, Lil Durk & 21 Savage)",Nardo Wick,2021-10-08,USRC12101071,691,58,248749251,103369,11693843,61,318002064,2874323,162900,33365117,142448123,208914276,44,6912,178,8,40089,17,36588286,25612,856723,1
O Me Voy O Te Vas,O Me Voy O Te Vas,Natanael Cano,2023-10-11,QZ9QQ2300812,692,58,226233020,14009,22457916,77,232513811,1040989,333,72367,588601,1118536356,10,5954,86,8,1427933,14,1963739,1229,345895,0
Punterï¿½,Punterï¿½,Shakira,2024-03-21,USQX92400523,697,58,44416140,3482,40692106,67,37587721,723249,182200,26534406,265917250,25602348,50,46382,316,62,2324709,69,3631361,545,457125,0
Slime You Out (feat. SZA),Slime You Out,Drake,2023-09-15,USUG12306064,696,58,202169670,54946,23594885,67,4800069,76129,3206,3251632,26954111,98142716,29,156,10,15,1651235,16,14611155,5724,791868,1
Therefore I Am,Therefore I Am,Billie Eilish,2020-11-12,USUM72021500,695,58,805133547,132298,34341587,67,357556016,9930750,1600298,283957601,2252801256,323940858,229,346007,1356,43,1347969,64,96649436,32412,3468671,0
Wish You The Best,Wish You The Best,Lewis Capaldi,2023-04-14,DEUM72206010,701,58,245513981,37111,22160670,71,99697837,1375852,7175,7047257,76397270,638266470,66,215278,97,25,2306379,32,28435231,2496,2064588,0
Back On 74,Back On 74,Jungle,2023-07-28,QM4TX2336316,702,58,212122034,61462,73347896,80,49794673,997193,117000,60212881,555529368,19357105,78,19909,183,52,1421707,108,1369652,5027,1510651,0
"Welcome To Rosas - From ""Wish""","Welcome To Rosas (From ""Wish"")",Ariana DeBose,2023-11-01,USWD12328240,699,58,12375503,1146,6969708,67,4496444,25217,2100000,3999594,68519117,299805,5,35,2,1,18,2,381323,897,13348,0
Por Mi Mexico (Remix),"Por Mi Mï¿½ï¿½xico (Remix) [feat. Dharius, C-Kan, MC Davo & Neto Peï¿½ï¿½a] ",Lefty Sm,2023-08-25,QM3DF2219446,703,58,98795736,8721,6921023,67,236734405,1554966,614600,25414356,319127773,295805823,8,31,86,3,146132,28,17670634,3877,312223,1
THIS YEAR (Blessings),THIS YEAR (Blessings) (feat. Ehis 'D' Greatest) - Single,Victor Thompson,2023-01-04,QZFYY2339108,705,58,134208327,45328,7606515,61,93787998,947363,2544105,156575242,2460084219,98142716,16,2578,29,7,49865,7,545726,1284,2334472,0
"Abrarï¿½ï¿½ï¿½s Entry | Jamal Kudu ""ANIMAL"")","Abrarï¿½ï¿½ï¿½s Entry | Jamal Kudu ""ANIMAL"")",Harshavardhan Rameshwar,2023-12-06,INS182303500,704,58,56885072,4639,1510883,67,221866727,3018127,182200,26534406,265917250,663300068,7,5954,86,15,237120,5,12735768,7832,1025493,0
Fair Trade (with Travis Scott),Certified Lover Boy,Drake,2021-09-03,USUG12104402,708,58,819136167,220374,42648915,75,173633158,1399290,66599,33795573,327393753,243761287,67,60,81,30,783511,8,44693468,12411,1942002,1
CHORRITO PA LAS ANIMAS,SIXDO,Feid,2022-12-02,USUM72222460,707,58,558560568,61360,26903567,75,228242847,852495,1015200,134483388,1339213086,10159357,44,25014,94,19,4059655,26,3253358,1094,815675,1
New Divide,Papercuts,Linkin Park,2024-04-12,USWB12400679,706,58,340239513,161,923021,67,148269610,1257935,182200,26534406,265917250,98142716,1,5954,86,15,237120,17,12735768,7832,2651682,0
White Horse,White Horse,Chris Stapleton,2023-07-21,USUG12300484,711,58,155443055,28835,15122339,68,38442511,291339,38400,3484143,47123023,387057207,29,156870,13,5,93564,48,62798148,19200,753888,0
Ojitos Rojos,Ojitos Rojos - Single,Grupo Frontera,2023-07-21,DGA062368509,712,58,221287566,20975,10461108,70,291073034,1012209,86600,7802910,131877555,329249522,7,9014,1,10,611553,21,3248335,999,465957,0
La Morocha,La Morocha,Luck Ra,2023-07-07,CLPP22300045,710,58,161280933,17882,11897449,66,289561672,967949,459808,20550339,348308009,230517294,6,7238,86,19,5276316,4,1482,31,214253,0
Who Is Your Guy?,Who Is Your Guy?,Spyro,2022-11-25,QZW9L2260049,714,57,21236593,6366,592410,52,173334286,660871,3801877,47756992,618545163,57815736,3,6764,1,5,42780,17,343018,499,1091071,0
You Right,You Right,Doja Cat,2021-06-24,USRC12100544,713,57,831648193,119953,44866271,72,379404120,3991416,67857,51756150,397005694,812074154,131,233009,665,33,564789,41,130728919,27906,4190926,1
AMG,AMG,Natanael Cano,2022-11-24,QZ9QQ2200105,715,57,674025091,51522,21663790,70,323942993,1575190,452800,108677892,1294755383,98142716,34,907,13,6,1183532,13,37825840,12306,967374,1
Bandido,Bandido,Myke Towers,2020-12-10,QMFME2047291,717,57,700122551,99936,23605544,68,1036334853,4939844,153600,29274105,363627962,139459495,81,32445,27,23,1510919,44,65588409,12642,2128888,0
Karma,Karma,JoJo Siwa,2024-04-05,USSM12401851,716,57,17310258,1840,5419557,67,43892777,368031,199600,134373320,1314113353,24645355,20,744,12,8,238742,18,197930,8389,77101,0
El Gordo Trae El Mando,El Gordo Trae El Mando,Chino Pacas,2023-01-27,FR10S2386363,720,57,545234876,38598,20258181,76,178469204,907782,1400000,127515608,1417345345,557624727,15,50,12,3,194738,5,32580707,6191,1226973,1
Ya No Tengo Tu Love,Origami,Sie7e,2023-12-06,QZHN22300206,718,57,4561175,1911,300718,67,5599363,109997,1700000,1172078,16150470,37151035,2,3160,86,1,64,17,6321,42,46729,0
52 Gaj Ka Daman,52 Gaj Ka Daman,Renuka Panwar,2020-10-02,INV772001001,719,57,48929060,4295,619647,52,1736697874,8477892,825678,10675705,163717881,28730147,1,5,86,15,237120,17,12735768,7832,148140,0
FTCU,Pink Friday 2,Nicki Minaj,2023-12-08,USUM72318679,722,57,167977668,24101,35583769,67,38901823,551972,53900,2203530,13158593,187979506,29,50200,740,17,307357,16,8607928,7135,819021,1
Go Crazy,Slime & B,Young Thug,2020-05-05,USRC12001468,721,57,699336080,126934,20887762,68,363333168,3159553,19574,3018147,42692526,217788137,177,578728,13,32,935466,22,242208093,80706,5747453,1
La Jumpa,La Jumpa,Arcï¿½ï¿½,2022-11-30,QMDA72252608,726,57,716829483,99063,53041655,68,131057530,1300009,46605,37630552,348775704,1184569,59,43702,11,20,879528,77,12867947,4374,1521416,1
I Don't Care,I Don't Care - Single,Boy Spyce,2024-02-23,NGA3B2318016,723,57,3475009,328,717595,67,3869518,43717,998000,4504,50840,15657422,7,244,86,1,44081,17,95539,18,286125,0
34+35,Positions,Ariana Grande,2020-10-30,USUM72020423,727,57,978617707,97191,40917688,70,722372895,11582120,254060,60197709,359903081,472873487,109,329936,514,29,259515,20,69822231,54449,1769544,1
Permission to Dance,Butter / Permission to Dance,BTS,2021-07-09,QMFME2102684,728,57,675763141,43682,27994315,68,881072427,29073682,1450747,511168140,3653167411,849311055,120,44988,82,14,202608,57,3883730,8899,1730648,0
Tell Ur Girlfriend,Tell Ur Girlfriend,Lay Bankz,2024-02-07,QZZ4J2400019,730,57,167431139,10335,116287670,90,28987197,443524,182200,16577348,235871001,148521798,26,14654,416,26,8022044,52,579514,5469,932674,1
SPIDER,SPIDER,GIMS,2024-05-10,FR8FB2407800,731,57,26972053,3364,11637634,76,18860058,231781,182200,26534406,265917250,2606582,22,2427,86,29,18421648,11,12735768,7832,396272,0
Guli Mata,Guli Mata,Saad Lamjarred,2023-07-12,USA2P2331239,734,57,75152048,8540,685520,62,386890237,4145747,969,82604,1152931,31295331,2,709,86,2,1211,8,12735768,7832,1154213,0
HOLA PERDIDA,HOLA PERDIDA,Luck Ra,2024-01-05,CLPP22300118,732,57,110573724,10663,17155186,69,143032680,568468,182200,641,6600,980054248,11,6287,86,29,508330,2,17295,37,135309,0
Substitution,Substitution,Purple Disco Machine,2023-03-30,DEE862300093,737,56,218035732,36861,48220875,72,87739719,494331,47655,2485202,61830611,458712418,74,247253,5,84,2315638,44,31259,76,3546222,0
Automotivo Bibi Fogosa,Automotivo Bibi Fogosa,Bibi Babydoll,2023-05-19,QZMZ92361338,739,56,267867000,47406,32423214,36,109440296,1722866,796000,207462897,1908916908,407,6,272,1,13,298723,7,12735768,7832,3212495,1
MERCHO,MERCHO,LiL CaKe,2022-12-16,ARF102200411,738,56,366462735,52345,27129754,67,184622271,842979,1617600,191086404,2944174250,5649989,29,23573,86,31,257981,27,12735768,7832,769452,0
Bandook,Bandook,Nirvair Pannu,2020-05-30,FR96X2024977,740,56,40178056,5825,638204,54,156528470,1410824,12558440,85606014,1349843169,62493,2,3,86,15,237120,17,12735768,7832,95575,0
Miï¿½ï¿½n,Miï¿½ï¿½n,TINI,2021-04-29,USHR12141512,742,56,723722454,79670,35967048,73,869498397,4948905,916770,122604577,1607695575,166684466,80,28464,170,29,394359,64,6768367,3258,1358270,0
METAMORPHOSIS,METAMORPHOSIS,INTERWORLD,2021-11-25,QZS642102633,746,56,624007138,88566,48503856,76,300340121,3913127,386544,202072663,2052187356,129187266,17,288,86,4,105339,9,2406709,5823,2577920,1
Botella Tras Botella,Botella Tras Botella,Gera MX,2021-04-23,MXUM62100001,747,56,647496971,72494,22027404,71,895962908,7617641,354200,41756321,396552302,20964348,63,17408,144,26,1707077,63,83951107,44360,2239738,0
"Steal The Show - From ""Elemental""","Steal The Show (From ""Elemental"")",Lauv,2023-06-02,USWD12326770,749,56,117717973,20157,12372416,68,198045947,1142920,1101758,32704079,409104776,45005060,56,3019,86,2,19049,15,1551964,6140,1696007,0
Lut Gaye,Lut Gaye,Jubin Nautiyal,2021-02-17,INS182100281,751,56,171856399,16697,3873550,56,1524735898,11671430,2736,167529,2560589,232645756,7,5954,86,15,237120,6,12735768,7832,826805,0
Piel,Piel,Tiago PZK,2024-02-01,USWL12400226,748,56,128833634,6815,48721232,79,114263622,572164,182200,2444806,31395017,886851471,10,5365,75,23,3206502,19,100637,199,307811,1
Pasoori,Pasoori,Shae Gill,2022-02-06,FR10S2289473,750,56,346971014,37940,6753521,65,928440031,9495255,627,225218,2638039,236473638,17,3701,86,1,1097,7,12735768,7832,673415,0
the boy is mine,eternal sunshine,Ariana Grande,2024-03-08,USUM72317268,752,56,175336290,8386,79812251,80,44458370,1448800,225,397044,3842071,297433202,46,4569,18,18,1000937,52,1253330,1313,209987,1
When We Were Young (The Logical Song),When We Were Young (The Logical Song),David Guetta,2023-11-10,UKWLG2300117,754,56,158952262,20712,61778572,3,31073689,328486,182200,26534406,265917250,1644370622,48,102033,363,73,3521094,52,2844763,121,1754057,0
Swalla (feat. Nicki Minaj & Ty Dolla $ign),Nu King,Jason Derulo,2024-02-16,USAT22400762,755,56,239850720,32312,13259481,67,148269610,1257935,182200,26534406,265917250,98142716,28,5954,86,15,237120,9,12735768,7832,10744906,0
Lay Low,Lay Low,Tiï¿½ï¿,2023-01-06,NLZ542202348,756,56,406141247,67235,95995595,70,91367578,707830,173461,21756073,588640576,335569922,93,142340,498,66,1547811,3,12735768,7832,3933085,0
Bounce When She Walk,Bounce When She Walk,Ohboyprince,2023-02-03,QZFZ72321643,753,56,18637452,6915,751599,45,6534668,116631,4038735,280985573,3179523129,98142716,2,1271,51,15,237120,17,203441,1633,1081839,1
"Apna Bana Le (From ""Bhediya"")","Apna Bana Le (From ""Bhediya"")",Arijit Singh,2022-11-05,INZ031411736,757,56,250599391,19757,12938935,66,642774625,4620243,182200,26534406,265917250,2903846,27,1266,86,1,1097,10,12735768,7832,476013,0
Hold My Hand,"Hold My Hand (Music From The Motion Picture ""Top Gun: Maverick"")",Lady Gaga,2022-05-03,USUM72206231,759,56,315680664,50632,13985305,69,317472115,2373170,129481,23093203,424398738,5867793586,48,266181,421,27,243087,42,45731400,18758,5802558,0
Big Energy,Big Energy - Single,Latto,2021-09-24,USRC12102454,758,56,324162855,53099,32807694,61,60970543,695638,247053,95081920,994551093,1214970,66,697459,3758,22,822207,42,104995029,62461,5969740,1
Italodisco,Italodisco,The Kolors,2023-05-05,ITQ002300342,762,55,142141861,22711,10786942,67,142319744,819805,946028,19085610,403681891,258305365,37,81612,86,10,3281500,13,32117,172,3570846,1
Perfect Night,Perfect Night,LE SSERAFIM,2023-10-27,USA2P2349660,763,55,279667395,23583,16220736,78,93707680,1139367,316771,152082704,1178951518,1201238468,29,4596,79,11,313525,28,493236,443,435036,0
Vida de Rico,Vida de Rico,Camilo,2020-09-21,USSD12000388,767,55,568823269,54968,26455856,64,1094129734,7637000,1913634,77602054,835046287,149145491,112,45003,73,24,135286,39,21813224,14722,1819660,0
Frï¿½ï¿½gil (feat. Grupo Front,Frï¿½ï¿½gil (feat. Grupo Front,Yahritza Y Su Esencia,2023-04-07,USQX92302369,765,55,432988420,32294,28454994,67,194658217,1261625,633280,45475847,750998497,9725361,35,22768,31,14,1229279,25,33073012,10830,1407776,0
You Broke My Heart,For All The Dogs Scary Hours Edition,Drake,2023-10-06,USUG12309646,764,55,123522254,26849,21166663,67,21213402,365281,2214,572150,3432405,1827340338,25,91995,20,6,159003,33,11677247,5338,814161,1
Zhurek,Zhurek,Adam,2023-10-06,DGA0M2333309,770,55,8893883,1745,385351,67,238585397,1478754,59100,107018,1640900,628241049,8,4579,86,15,237120,17,12735768,7832,3415610,0
Boyfriend,Boyfriend,Dove Cameron,2022-02-11,USQX92200693,774,55,637836235,96878,50739981,68,182917309,3547237,488047,311431134,1955825500,3121389798,54,241487,2099,38,346695,35,54288683,24559,2178227,1
Orquestra Maldita,Orquestra Maldita,TRASHXRL,2023-06-15,SGW502301764,773,55,119445482,16844,15941203,14,52878314,712327,2337660,235664103,3177714575,98142716,1,5954,86,15,237120,17,12735768,7832,854584,1
Pareja Del Aï¿½,Pareja Del Aï¿½,Sebastian Yatra,2021-04-16,USUM72104664,779,55,817933263,104636,31495621,70,658407296,4541248,877700,82923244,870762842,136526601,105,51363,244,36,1953756,46,41931285,7638,2894166,0
PAINTING PICTURES,5LBS OF PRESSURE,Superstar Pride,2022-10-20,QZNMX2257577,777,55,193109326,76047,4765141,8,64413388,1143541,238183,174951046,1526856459,210031126,17,40110,2704,4,479325,1,7692981,6306,2304354,1
GOOBA,GOOBA,6ix9ine,2020-05-08,QZA742002191,780,55,472027271,97766,8876147,2,1012949756,14257151,2295814,448572991,4846286370,155050116,22,120,57,10,24148,3,11693239,76976,2224515,1
vampire,vampire,Olivia Rodrigo,2023-06-30,USUG12305004,781,55,997536616,5268,1949130,1,148269610,1257935,182200,26534406,265917250,98142716,48,301028,86,2,18375,2,12735768,7832,854584,0
THE DINER,HIT ME HARD AND SOFT,Billie Eilish,2024-05-17,USUM72401989,790,55,66101468,3693,9878576,84,4252419,117031,180,1800000,11200000,934654,45,195,16,5,56919,9,184455,248,52008,0
6 In the Morning (feat. Nate Dogg),6 In the Morning (feat. Nate Dogg) - Single,Flex (UK),2024-05-17,GBARL2400669,785,55,4505404,1248,19427406,64,148269610,1257935,182200,26534406,265917250,98142716,2,25,86,2,34694,31,12735768,7832,24801,1
Light Switch,Light Switch (Instrumental),Charlie Puth,2022-01-19,USAT22107359,782,55,593554969,84288,17284885,67,284499511,3909648,506518,475880505,4729678365,3277338062,98,201936,866,30,685471,48,55256200,10657,2231820,0
"Pushpa Pushpa (From ""Pushpa 2 The Rule"") [HINDI]","Pushpa Pushpa (From ""Pushpa 2 The Rule"") [HINDI]",Mika Singh,2024-05-01,INS182401375,783,55,1852457,79,3399376,67,57254911,1254450,182200,26534406,265917250,98142716,28,91,86,15,237120,11,12735768,7832,4169,0
On Me,On Me,Lil Baby,2020-12-04,USUG12004399,788,55,368017246,105732,15129396,67,227182263,1554044,163221,22024839,198936453,37367982,57,178634,372,9,32400,6,141610948,45141,1728476,1
Party,Un Verano Sin Ti,Bad Bunny,2022-05-06,QM6MZ2214885,789,55,725076772,83311,29009374,72,296661885,2150658,705800,287983296,3014389754,22621115,51,39010,150,15,1934966,19,64496554,17065,1467014,0
Make You Mine,Make You Mine,Madison Beer,2024-02-09,USSM12400758,786,55,127909006,13354,49984859,67,26653465,788713,182200,12674158,295301300,191049109,78,31924,7,84,9231885,42,4474757,1113,1031888,0
Freaks,Freaks,Surf Curse,2021-05-15,USAT22102269,791,55,1089328286,200016,33498182,77,256738121,4601685,511,265535,2110692,4098036,25,10305,453,11,10105,25,15296063,15812,4341439,0
In Da Getto,In Da Getto,J Balvin,2021-07-02,QZM5U2100095,792,55,484375103,133279,27602101,61,218975838,3159820,1920220,452069335,6219918723,90132395,131,69511,795,43,354884,58,43024314,14600,7336982,0
Chale,Chale - Single,Eden Muï¿½ï,2022-02-18,MXB952200017,794,54,414104069,33044,18247093,67,665626745,2889082,968864,248485504,2953043191,28563266,18,17222,361,4,196022,43,40508092,7944,854584,0
Try That In A Small Town,Try That In A Small Town,Jason Aldean,2023-05-19,QMRSZ2300454,793,54,66418201,20547,1758957,37,59550101,1432480,182200,26534406,265917250,803299613,5,174811,46,1,79460,2,106455054,62007,264899,1
Tarot,Un Verano Sin Ti,Bad Bunny,2022-05-06,QM6MZ2214881,796,54,742515730,93128,28604664,73,275203830,1499544,940020,241093278,2486183983,22246842,39,10091,86,4,178868,7,36599355,3147,959597,1
Mas Existe um Lugar,Mas Existe um Lugar - Single,Kaio Viana,2023-03-23,SGB502340678,795,54,24963236,5624,1097527,48,96957064,1319260,3177849,39336848,670846125,6083511,2,5954,86,15,237120,1,12735768,7832,228158,1
TEXAS HOLD 'EM,TEXAS HOLD 'EM,Beyoncï¿,2024-02-09,USSM12401303,798,54,425058273,2563,11967164,67,46791219,643498,182200,26534406,265917250,987644203,63,5954,86,3,35655,17,13815433,36200,854584,0
Petit gï¿½ï¿,Petit gï¿½ï¿,Jungeli,2023-08-04,QMBZ92393247,797,54,159181956,29011,10943796,74,159092284,820029,12100,2709265,37717213,201180033,38,29970,86,46,20176323,46,12735768,7832,3454084,1
Bura Na Mano Holi Hai,Bura Na Mano Holi Hai,Shaan,2023-02-04,ING642301070,801,54,125047,6,44905,14,659724253,4199987,182200,26534406,265917250,4618100,28,2,86,15,237120,17,12735768,7832,262,0
ýýý,Show - Single,Ado,2023-09-06,JPPO02302806,800,54,114381380,15725,4390255,67,230252306,1606934,286300,41518862,613717046,548853137,33,507,86,1,1802,7,12735768,7832,270400,0
Breaking the Habit,Papercuts,Linkin Park,2024-04-12,USWB12401898,802,54,428629823,2,454,67,148269610,1257935,182200,26534406,265917250,98142716,28,5954,86,15,237120,17,12735768,7832,1649113,0
Normal,Normal,Feid,2022-07-08,USUM72211935,804,54,724772954,76821,31039211,76,395704504,1556356,86775,25803660,237386912,472550280,59,28567,239,22,4507712,32,9638456,2516,956990,1
LALALALA,ROCK-STAR,Stray Kids,2023-11-10,US5TA2300151,803,54,154592041,10814,10289612,67,161998287,2825345,184200,94512843,430312931,770557253,7,3470,11,6,249201,38,1737006,2335,279165,0
Good Days,Good Days,SZA,2020-12-25,USRC12004189,806,54,1105805922,164541,62561721,77,295872840,2947859,534634,157378144,920329965,42909616,231,62354,266,52,281696,54,71061814,56012,2548829,1
Leave Before You Love Me (with Jonas Brothers),Summer 2021,Marshmello,2021-04-28,USUG12102313,810,54,844630935,94185,54080564,74,269892715,2020373,71293,17326017,182430905,993825483,147,380249,940,21,620249,27,139703215,15853,7138195,0
Merayu Tuhan,Merayu Tuhan,Tri Suaka,2023-08-15,QZYFZ2347514,813,54,8517888,506,74157,43,71408616,296903,2200000,17612619,540360680,45212529,28,264,86,15,237120,17,12735768,7832,20886,0
If We Being Rï¿½ï,2093,Yeat,2024-02-16,USUM72401643,812,54,92517121,10195,13681051,80,4695846,79415,182200,26534406,265917250,98142716,19,584,86,10,1802148,3,167577,1061,1371705,1
Mariposita,Mariposita,La Vaca Lola,2021-03-04,QZDA62161038,820,54,239850720,32312,13259481,67,1562650492,3425982,7,26,747,98142716,28,21,86,15,237120,17,12735768,7832,854584,0
ELOVRGA,Elovrga - Single,Alex Favela,2023-08-18,QZNFJ2303104,819,54,333899135,24862,20963358,75,180084509,900128,152867,82946328,704890346,246991766,14,2919,86,11,1680860,4,1736093,1447,967858,1
Party Girl,Party Girl,StaySolidRocky,2020-04-21,USSM12002247,816,54,730440576,115574,16306099,67,199161217,2037639,6782670,391923611,3194124847,23072079,62,16774,90,15,43249,10,8510801,72500,1963555,0
Get In With Me,Get In With Me - Single,Bossman Dlow,2024-01-19,USQX92400087,818,54,39401314,7442,18628678,67,45484183,363079,182200,7309300,46178900,305726555,31,68432,2757,6,905095,34,10802316,10738,607813,1
Agua (with J Balvin),"Agua (with J Balvin) [Music From ""Sponge On The Run"" Movie]",Tainy,2020-07-09,USUM72013642,822,54,391856304,68311,11888692,58,1040938222,8443453,2490398,109826716,1423789944,329599890,73,23516,309,17,58326,36,9507064,15164,1570803,0
We Still Don't Trust You,WE STILL DON'T TRUST YOU,Future,2024-04-12,USSM12403111,823,53,64193671,9077,15569468,67,10688644,234397,182200,26534406,265917250,65527813,31,2523,86,28,1345845,17,695510,733,349821,1
snowfall,Snowfall - Single,ýýneheart,2022-01-14,QM3DF2191341,828,53,652949750,72344,19014919,79,46232838,980365,3889444,1232791337,10888392002,98142716,12,81,86,2,58283,17,764755,1548,1852974,0
First Love,First Love - Single,Oscar Maydon,2023-12-07,QZJJE2390614,825,53,230291754,11519,61076412,78,113183874,658962,182200,26534406,265917250,2342845627,8,2091,86,19,7394544,12,15400444,5339,1277194,0
La_Original.mp3,La_Original.mp3,Emilia,2023-11-02,USSD12300584,829,53,184441175,17845,26300966,73,109532952,635058,193100,40676589,529217516,483390087,55,34836,1320,52,631203,32,39845,57,400818,0
OA,OA,Anuel AA,2023-10-13,QZ7B82300076,827,53,178950943,29895,35946086,80,113884335,541097,182200,26534406,265917250,687327384,23,10388,86,16,1284111,17,1197289,312,595427,1
Pagodï¿½ï¿½o do Birimbola (Tchubirabi,Pagodï¿½ï¿½o do Birimbola (Tchubirabi,Os Quebradeiras,2022-11-11,BCO3K2200121,830,53,54513960,13089,4241209,52,183119,2667,4650900,503245598,6429494637,98142716,2,17,86,17,10926,5,12735768,7832,448872,0
Ice Cream (with Selena Gomez),Ice Cream (with Selena Gomez),BLACKPINK,2020-08-28,KRA402000131,826,53,574505748,47463,17801611,58,1037344011,21343581,2161485,204760050,1928057718,2185956346,87,50575,86,33,197629,45,17035475,44722,1430212,0
Deja Vu,minisode 3: TOMORROW,TOMORROW X TOGETHER,2024-04-01,USA2P2408081,832,53,75894056,2524,11857367,84,70842688,1388774,182200,14529171,59546295,48470843,9,290,52,5,295059,21,348004,177,113020,0
one of wun,One of Wun,Gunna,2024-05-10,USAT22403437,831,53,58469975,7073,108431155,82,4436805,59189,182200,26534406,265917250,381728,28,5954,41,15,237120,17,12735768,7832,854584,1
Thank You (Not So Bad),Thank You (Not So Bad),Dimitri Vegas & Like Mike,2023-12-01,GBARL2301712,838,53,200151839,32776,133835796,82,11597448,140956,182200,26534406,265917250,98142716,55,26872,86,99,10753176,39,1710983,370,1371435,0
Watch This - ARIZONATEARS Pluggnb Remix,Watch This (Lil Uzi Vert) [ARIZONATEARS Pluggnb Remix],Lil Uzi Vert,2023-02-05,USAT22301358,837,53,377174503,100095,41254482,71,148269610,1257935,182200,26534406,265917250,98142716,28,5954,86,10,1314061,8,196473,1346,854584,1
TO THE MOON,TO THE MOON,JNR CHOI,2021-11-05,QZNWW2131527,834,53,274647899,96137,14188085,60,64640927,776716,1905324,583572613,7062611890,2031792442,22,161374,2397,16,56440,8,139439113,21327,3786029,1
Fancy Like,Country Stuff,Walker Hayes,2021-06-04,USQX92101534,835,53,328697441,56746,6878594,66,174775864,1192058,796309,174360135,2074178281,774476433,53,289947,1089,15,237120,45,242860151,274465,2520013,0
The Color Violet,Alone At Prom,Tory Lanez,2021-12-10,QZTGW2100275,833,53,806918358,152298,19863721,79,105278538,1053733,40106,22514603,251896836,3583107,22,2409,86,2,22675,3,893116,8036,2322363,0
S91,S91,KAROL G,2023-07-14,USUG12305255,840,53,240161044,22270,15087485,64,164645464,1308408,503900,16972968,257922639,438911868,40,24578,572,19,2172067,4,19801440,3668,614971,0
LALISA,LALISA,LISA,2021-09-10,KRA402100098,839,53,502655066,33286,15876032,73,900358198,23155453,909216,188844723,1612602199,255397268,19,8719,134,13,16498,25,2844171,4038,1084041,0
RUBICON,Gï¿½ï¿½N,Peso Pluma,2023-06-22,QM7282306229,844,53,246224964,23436,13507680,73,147798315,492303,559400,20923219,278318607,37990067,22,1401,1,1,72,2,22544059,10243,585523,1
Gimme Love,Gimme Love,Sia,2023-09-13,USAT22307798,843,53,105947434,11648,11690122,6,27707323,325476,688,463074,12855128,1157866791,55,224009,172,40,23048308,21,1319886,112,1684376,0
Diz Aï¿½ï¿½ Qual ï¿½ï¿½ ,Diz Aï¿½ï¿½ Qual ï¿½ï¿½ ,Mc IG,2024-03-07,BRWMB2400220,842,53,71944011,5329,22615957,67,89527069,935574,182200,26534406,265917250,195273347,28,7,86,32,9834159,14,12735768,7832,854584,1
"Akhiyaan Gulaab (From ""Teri Baaton Mein Aisa Uljha Jiya"")","Akhiyaan Gulaab (From ""Teri Baaton Mein Aisa Uljha Jiya"")",Mitraz,2024-01-19,INS182400204,848,53,114992281,3618,12001774,75,144797885,1123962,182200,26534406,265917250,1197864632,19,555,86,15,237120,27,12735768,7832,286797,0
Arjan Vailly,"Arjan Vailly (From ""ANIMAL"")",Manan Bhardwaj,2023-11-18,INS182303269,849,53,123276250,8330,3632731,67,208302578,1903455,182200,26534406,265917250,336717167,6,286,86,15,237120,11,12735768,7832,146801,0
Spin Bout U,Her Loss,Drake,2022-11-04,USUG12208603,856,53,356685934,88034,16963292,71,56086730,430375,76706,32337952,229937284,258434,37,412,93,3,171037,37,48943722,16367,1574072,1
From The Start,From The Start - Single,Laufey,2023-05-11,QM6N22309399,855,53,368256958,53922,25450036,73,69276606,1394619,224617,128900059,772554264,9780,27,8642,319,13,766548,89,855743,7084,1011059,0
ZOOM,ZOOM,Jessi,2022-04-13,KRA382204517,850,53,166161044,22288,7774873,61,303569838,5827005,3903605,865870535,9393168416,146065235,5,5680,32,5,53217,8,12735768,7832,778299,0
Quï¿½ï¿½ Onda Per,Quï¿½ï¿½ Onda Per,Grupo Firme,2023-03-30,QZDQH2362804,852,53,213405904,17694,13723182,70,401470868,961314,182200,26534406,265917250,534052740,15,9254,86,10,1737734,4,7260620,8781,655854,0
POR EL CONTRARIO,ESQUINAS,Becky G,2023-09-28,USRC12302408,857,52,131938548,5913,9167049,75,118669957,649548,836833,46373944,589093596,353950794,10,7049,108,22,6520222,11,13424036,7230,684079,0
Danza Kuduro - Cover,DON'T STOP WORKOUT -DJMIX-,DJ MIX NON-STOP CHANNEL,2023-12-21,TCJPY2352543,859,52,1648192461,15,52,67,148269610,1257935,182200,26534406,265917250,98142716,28,5954,86,15,237120,17,12735768,7832,854584,1
Rara Vez,Rara Vez,Taiu,2023-02-08,ARUM72300004,860,52,544165928,58646,20499657,77,200445038,1806923,302386,150768049,1522432243,18292788,15,12021,281,16,403215,14,26771,204,943365,0
That That (prod. & feat. SUGA of BTS),PSY 9th,PSY,2022-04-29,QZEKE2084402,858,52,269491606,26075,16176936,66,746615342,15669340,304900,324925866,2432918911,300796672,12,11171,243,5,37462,16,2505495,1683,797357,0
Espresso,Espresso,Sabrina Carpenter,2024-04-11,USUM72404979,861,52,536986458,637,1907453,67,148269610,1257935,182200,26534406,265917250,98142716,29,5954,86,3,157807,1,12735768,7832,854584,0
Whoï¿½ï¿½ï¿½s Afraid of Little O,THE TORTURED POETS DEPARTMENT,Taylor Swift,2024-04-18,USUG12401037,862,52,166168092,5004,25607992,78,16423009,244859,182200,815500,7202700,49401469,38,366,54,4,2143866,43,2890486,4515,116673,0
THE LONELIEST,THE LONELIEST,Mï¿½ï¿½ne,2022-10-07,ITB002200745,865,52,330593989,54823,16021571,67,175561257,2216240,296115,22320319,270169817,224863549,53,176130,21,61,1631239,37,6555059,1735,4266103,0
Yeah Glo!,Yeah Glo! (Alternate Versions),GloRilla,2024-02-08,USUM72400409,864,52,89513100,8049,60410593,75,38613955,433335,182200,14000,52800,547710147,51,20,1471,9,1244194,42,20163317,8711,446156,1
MANIKIN (feat. Wifisfuneral),ItWasntEnough - EP,XXXTENTACION,2023-09-08,USQX92304814,868,52,4306793,4668,412676,67,148269610,1257935,182200,26534406,265917250,98142716,28,5954,86,15,237120,17,12735768,7832,38034,1
Thank God,Different Man,Kane Brown,2022-09-09,USRN12200041,866,52,157341967,20612,11359519,67,98239826,752054,213898,11321551,123462516,366164170,59,372512,127,15,398591,46,137496334,43041,1100920,0
TQM,TQM - Single,Fuerza Regida,2023-05-19,QZ9QQ2300371,869,52,497682165,40368,24948673,70,143949357,729741,236300,73808507,824220151,65010,48,1643,19,18,6780767,19,34606889,10877,616368,1
Massive,"Honestly, Nevermind",Drake,2022-06-17,USUG12204890,873,52,253114498,111173,20965015,65,42397563,402014,188128,77604432,887138394,49818215,57,67376,768,14,191109,28,15938883,134597,2091080,0
Tek Baï¿½ï¿½,Tek Baï¿½ï¿½ï¿½ï¿½ma ,Semicenk,2024-05-03,FRX452438249,875,52,21803486,1250,4918007,72,39172911,208885,182200,26534406,265917250,2606582,9,1655,86,3,1583000,17,12735768,7832,90134,0
BAND4BAND,BAND4BAND (Official Video),Central Cee,2024-06-06,USSM22401074,874,52,86144467,1,24,67,148269610,1257935,182200,26534406,265917250,98142716,28,5954,86,15,237120,17,12735768,7832,854584,1
WOKE UP,WOKE UP,XG,2024-05-21,JPB602401462,877,52,16684393,1247,25606219,74,19177238,873736,23413,26534406,265917250,98142716,18,582,86,2,338389,20,30995,102,63167,0
Toki,Toki,Casper Magico,2024-05-02,QM4TX2443609,878,52,13741023,2062,5740990,72,39658915,635184,182200,26534406,265917250,22620459,13,1109,86,2,7386,17,135590,93,80807,0
El Beneficio De La Duda,El Beneficio De La Duda,Grupo Firme,2024-05-28,USA2P2433586,880,51,15557247,446,37375496,73,16286691,216933,182200,26534406,265917250,98142716,9,48,86,5,2134351,11,489897,651,91868,0
ALV,"Sentimiento, Elegancia y Mï¿½ï¿½s Ma",Arcï¿½ï¿½,2023-11-17,QMFMF2330232,882,51,118490212,10053,10075643,72,158132299,835029,182200,26534406,265917250,1207256080,8,18438,86,11,1370299,1,3877792,2229,514683,0
In A Minute,In A Minute,Lil Baby,2022-04-07,USUG12200033,879,51,171118535,81407,13177118,57,238335324,1764954,75540,21092926,191118526,360805538,52,252456,727,4,1324033,31,47511512,12228,1695618,1
No Se Vale,un,Camilo,2024-02-07,USSD12400019,883,51,19388370,1341,7152408,67,19658783,136351,871174,22013623,441343495,110742872,1,1370,86,11,1544792,17,196350,63,42410,0
DENTRO DA HILUX,DENTRO DA HILUX - Single,Luan Pereira,2023-08-24,BCX5C2300025,888,51,178699480,14552,18055636,24,261753577,1458487,182200,339300,2800000,800291411,12,2130,86,25,1406166,7,757,7832,121733,0
Funk do Patinho,Funk do Patinho,Bento e Totï¿,2022-01-22,BX7CP2200001,887,51,16197748,1827,221916,55,967275295,1562052,31500,2460399,40465134,16,28,5954,86,15,237120,17,12735768,7832,16249,0
El Amor de Mi Vida,El Amor de Mi Vida,Los ï¿½ï¿½ngeles Az,2023-08-17,MX1722301696,886,51,130709283,12585,10844674,64,248099324,859237,682,462948,3169042,353234264,8,25990,86,12,476181,28,2831460,1113,555880,0
Jiggle Jiggle,Jiggle Jiggle,Duke & Jones,2022-05-13,GBARL2201151,891,51,121214716,37436,6111674,56,12801028,183570,4762920,1378075519,14693507776,1804738,13,4797,1168,2,2613,10,2538534,16457,1772963,0
En la Intimidad,En la Intimidad,Big One,2023-02-01,ARP7V2200017,890,51,210712407,24033,7343818,65,379884934,1091380,575300,54956649,793158034,18815238,8,6145,52,13,299787,9,12735768,7832,261474,0
Essence (feat. Tems),Essence (feat. Tems),Wizkid,2020-10-28,USRC12003059,893,51,242254880,85783,13563028,66,418190794,2892075,280027,66345848,617402549,82045151,216,404288,561,21,229656,42,59766393,32203,4536227,0
Get Into It (Yuh),Planet Her,Doja Cat,2021-06-25,USRC12101535,895,51,603196133,97704,24305145,68,265715680,3742969,1300477,823930204,7709942104,125603487,55,228888,4500,17,198575,8,53920294,27170,2436551,1
RAVE,RAVE,Dxrk ï¿½ï¿½ï¿½,2022-03-18,QM4TX2201027,894,51,415552038,104372,42500205,71,281772953,4299740,814700,474655469,5435575162,31543598,32,282,86,6,129549,2,3358648,7092,2994271,0
offline,att.,Young Miko,2024-04-05,QZXD92300025,900,51,109149345,8869,89312461,82,21230788,190160,182200,26534406,265917250,1050568,41,2232,56,23,3065065,34,575037,201,267702,1
TOPIA TWINS,UTOPIA,Travis Scott,2023-07-28,USSM12305013,898,51,196369387,70723,12274321,74,26280803,447983,47600,23423522,141407787,3855807,14,89,2,6,67395,1,638202,1463,310132,1
Janze,Janze,Xamdam Sobirov,2023-07-31,RUA1D2384226,899,51,344691,77,5871,30,334194426,866855,154161,4397504,144597808,62334320,1,5954,86,15,237120,17,12735768,7832,407695,0
Monotonï¿½,Monotonï¿½,Shakira,2022-10-19,USQX92204791,903,51,498744348,50326,35586221,67,306510173,4113572,182200,1230,38341,87435327,78,78919,86,49,782647,52,42356554,5230,913182,0
Aku Sayang Tapi Kau Tak Paham,Aku Sayang Tapi Kau Tak Paham,DJ Boneng,2023-11-15,GXBAV2345718,902,51,716453,22,36989,1,12045,174,1800000,2635212,100001777,98142716,28,5954,86,15,237120,17,12735768,7832,854584,0
Thought You Should Know,Thought You Should Know,Morgan Wallen,2022-05-06,USUG12202977,906,51,340227841,40523,6267614,73,137384524,667467,16626,4371872,28018314,196339404,18,263301,32,1,71,13,215914717,34298,857184,1
CAIRO,CAIRO,KAROL G,2022-11-13,USUM72220925,904,51,443093379,35995,21160001,72,273852759,1690512,625126,42735677,600184949,11558006,58,52189,125,26,2263487,36,24842372,3643,1174788,1
Cupido,Cupido,TINI,2023-02-14,USHR12245118,905,51,358240136,35751,23674275,70,216226939,844073,827378,189261300,2253379250,20052884,42,33335,317,33,444294,77,243118,294,556867,0
Raja Ji Ke Dilwa,Raja Ji Ke Dilwa,Pawan Singh,2023-12-19,INM1Q2326022,909,51,4283,1,3,67,224819919,1249285,182200,26534406,265917250,29757537,28,5954,86,15,237120,17,12735768,7832,854584,0
Out thï¿½ï¿½,Lyfï¿,Yeat,2022-09-09,USUM72217063,907,51,338097605,85480,16509403,73,54214841,680291,47215,15066093,117839587,18856089,14,63,37,1,58975,17,1750477,4925,664273,1
Winning Speech,Winning Speech,Karan Aujla,2024-05-16,AUBEC2438671,910,51,17917738,938,5754144,73,28606016,488260,182200,26534406,265917250,19904542,22,37,86,15,237120,14,12735768,7832,44138,0
Home,Home - Single,Good Neighbours,2024-01-17,GBUM72400322,911,51,205068203,19044,62137392,67,8916657,104172,182200,1489700,24837700,2476271,67,22019,535,36,876086,65,17230222,2283,606973,0
Sobrio,Sobrio,Maluma,2021-07-08,USSD12100322,908,51,600199930,66655,24281295,64,743954914,2817472,189200,19480120,254681143,484483790,95,45992,66,26,1933432,59,41992168,9863,1823474,0
"Am I Dreaming (Metro Boomin & A$AP Rocky, Roisee)",METRO BOOMIN PRESENTS SPIDER-MAN: ACROSS THE SPIDER-VERSE (SOUNDTRACK FROM AND INSPIRED BY THE MOTION PICTURE),Metro Boomin,2023-06-02,USUM72308540,913,50,247682011,67166,13150883,72,81060467,925753,13500,6210382,38882669,703035,51,3710,86,9,44406,5,665747,2700,1390039,0
Se Acabï¿½ï¿½ la Cuaren,Viva el Perreo,Jowell & Randy,2020-08-06,QM6P42086452,915,50,73468394,23284,4240574,51,73136867,889596,10152900,212959708,2985601079,996,11,4391,73,5,45642,17,12140646,6751,1057655,1
End of Beginning,DECIDE,Djo,2022-09-16,GBKPL2205058,918,50,710784872,64517,191969474,90,44322144,594352,129300,118218973,1027806256,58700775,149,94468,501,133,18315130,107,4025966,5291,3343993,0
K-POP,K-POP (Chopped & Screwed),Travis Scott,2023-07-18,USSM12305652,917,50,285481590,62715,24530922,68,40688228,817018,4427,3170160,129035232,331318025,46,15660,347,39,587945,37,4832444,3721,808863,1
favorite,favorite - EP,Isabel LaRosa,2024-03-29,USRC12400507,919,50,123802404,7364,40769771,82,21277734,440764,182200,2357131,20879200,126759586,43,1815,86,45,394030,44,333441,463,1040640,0
You & Me,JENNIE Special Single [You & Me],JENNIE,2023-10-06,KRA402300041,914,50,183134509,12210,12194109,67,164326447,3483743,319200,56468580,518880479,1663397140,15,6316,35,12,265865,29,710467,737,345892,0
LA RANGER (feat. Myke Towers),The Academy: Segunda Misiï¿½,The Academy: Segunda Misiï¿½,2024-03-28,USWL12400690,920,50,79786203,8939,75931694,76,32616728,216834,182200,26534406,265917250,13323878,29,4514,9,25,1896889,18,545735,194,236268,1
I Fck Up,I Fck Up - Single,Prince Ayaya,2023-10-28,QZTBB2395775,924,50,239850720,44,223,67,92839,1676,1900000,35297892,454838946,98142716,2,5954,86,15,237120,17,12735768,7832,238732,1
Upside Down,Upside Down,JVKE,2020-08-18,QM24S2008283,925,50,121391098,28044,6194695,54,19099476,465493,10318700,164374946,1710758827,517,24,1790,122,5,12865,2,2403391,3205,1184072,0
Crawling,Papercuts,Linkin Park,2024-04-12,USWB11201319,927,50,570290910,174,525584,67,148269610,1257935,182200,26534406,265917250,98142716,28,5954,86,15,237120,17,12735768,7832,854584,0
Nosso Quadro,AgroPlay Verï¿½ï¿½o V,AgroPlay,2023-02-02,BCA6L2300010,926,50,423018422,23872,16779061,63,361813279,1727192,288613,21077364,277692228,841498728,21,17320,86,31,6708107,12,12735768,7832,609133,0
APAGA EL CEL,APAGA EL CEL - Single,FloyyMenor,2024-05-17,QZMWW2484259,929,50,33245898,2343,69471936,78,15755338,203277,182200,26534406,265917250,33968779,8,48,86,3,821777,17,18555,27,171732,1
Espresso,Espresso,Sabrina Carpenter,2024-04-12,USUV72401318,933,50,536986458,1,2,67,148269610,1257935,182200,26534406,265917250,98142716,28,5954,86,15,237120,17,12735768,7832,854584,1
Pretty Little Poison,Pretty Little Poison - Single,Warren Zeiders,2023-03-17,USWB12300190,932,50,142512477,23828,9380794,72,56277759,436896,100195,10946988,109014578,727842762,14,202432,7,4,177002,18,71730881,10200,549127,0
Corazï¿½ï¿½n Roto - R,Corazï¿½ï¿½n Roto (Re,Brray,2023-04-07,USUM72305202,931,50,203212015,36459,13719365,67,178302256,677453,827700,24190123,359964365,362205003,27,12434,86,12,1842000,3,127732,684,836117,1
Wild Ones (feat. Jelly Roll),Wild Ones (feat. Jelly Roll),Jessie Murph,2023-10-06,USQX92304180,936,50,165347464,21942,13799115,67,43792907,313018,15847,603997,7395640,446100137,18,81,314,19,7719621,47,83726741,27712,354116,1
Softly,Making Memories,Karan Aujla,2023-08-18,CAW112300244,941,50,150073848,12340,8409772,71,232389376,1637844,70200,8387797,169068391,185360520,17,455,4,1,9696,20,46920,240,270472,0
Tacones Rojos,Tacones Rojos,Sebastian Yatra,2021-10-22,USUM72119612,940,50,641756842,80542,23090494,68,558812868,2887216,328394,77295943,855230861,387792262,78,438,875,40,686168,85,9553399,8482,2934783,0
Ride the Vibe,Ride the Vibe,NEXZ,2024-05-20,US5TA2400118,942,50,899456,147,2784044,46,31419384,139393,182200,26534406,265917250,127867,2,31,86,1,5401,8,1012,2,8204,0
family ties,family ties - Single,Baby Keem,2021-08-27,USSM12105949,945,50,786298066,204148,57623622,77,63403993,557514,55168,80647899,532021210,764790,62,21505,354,20,174320,38,6412824,10269,1938598,1
"Perdonarte, ï¿½ï¿½Para Q","Perdonarte, ï¿½ï¿½Para Q",Los ï¿½ï¿½ngeles Az,2024-05-23,MX1722401778,943,50,19514243,1329,42180412,75,17545232,195611,182200,26534406,265917250,16582955,16,1344,86,16,378750,10,181212,14,48790,0
POP!,IM NAYEON,NAYEON,2022-06-24,US5TA2200041,946,49,296828933,25748,12535016,69,407776018,8669558,1937239,548973446,5178604164,240970840,18,3491,83,3,17624,26,1106839,2484,445036,0
Into the Unknown,New Horizons,ALPHA 9,2023-01-13,GBEWA2206731,948,49,78985,67,5674,9,621561070,3598710,182200,26534406,265917250,45996393,28,15,86,15,237120,17,13012,7832,854584,0
Lonely At The Top,Work Of Art,Asake,2023-06-15,USUYG1490059,947,49,84655991,13107,7678884,69,75076449,510479,1513241,16795588,382487197,72422815,36,11861,89,6,164069,26,779288,650,2361169,0
ecstacy (slowed),ecstacy (slowed),SUICIDAL-IDOL,2023-06-06,QZK6F2330686,949,49,242661037,43999,9893510,74,51722759,783780,499500,69556599,646143014,460974,5,5954,948,1,9696,1,496607,1659,2552266,1
Holy (feat. Chance The Rapper),Holy,Justin Bieber,2020-09-18,USUM72017013,950,49,787546548,110389,44478175,63,396861382,6241346,193594,69149295,561056269,1394478465,178,399515,339,51,257512,54,85450020,45037,3589419,0
Rain On Me (with Ariana Grande),Rain On Me (with Ariana Grande),Lady Gaga,2020-05-22,USUM72004304,951,49,1060378159,104647,55948663,68,514581598,6465409,442243,80912710,538854965,382160207,320,354978,438,143,2320730,105,62220803,71438,3888061,0
"Baddadan (feat. IRAH, Flowdan, Trigga & Takura)","Baddadan (feat. IRAH, Flowdan, Trigga & Takura)",Chase & Status,2023-07-27,GBUM72306881,953,49,118804209,57036,35240391,71,16072797,207183,182200,26534406,265917250,125042,29,6016,86,14,2609137,34,154435,495,908754,0
10:35,10:35,Tiï¿½ï¿,2022-11-03,CYA112001130,958,49,539802784,82093,99413749,74,94379586,652780,11473,5762615,119710596,487764676,187,60512,265,80,1747753,64,43487605,7144,2064142,0
One Right Now (with The Weeknd),One Right Now,Post Malone,2021-11-05,USUM72120404,963,49,631789333,99512,27179361,65,182180447,1908939,30141,12902227,181078488,954672882,89,255213,1005,25,858001,34,103350630,11558,2041348,1
I Hate U,I Hate U - Single,SZA,2021-12-03,USRC12103605,956,49,456871037,71261,34724014,66,142820854,1393679,877769,211488170,1676387442,85726782,105,136784,1324,29,699151,19,92133806,29242,1854776,1
Pobre Corazï¿½,Pobre Corazï¿½ï¿½n (En Vivo) [feat. Onda Sabanera] - Si,Ke Personajes,2023-03-02,QZN882353309,965,49,187127704,18938,5235073,65,425484500,857540,8176,2607049,30085568,188119455,8,5686,86,5,349806,7,12735768,7832,432240,0
"Tere Vaaste (From ""Zara Hatke Zara Bachke"")","Tere Vaaste (From ""Zara Hatke Zara Bachke"")",Varun Jain,2023-05-22,INH102307782,961,49,203379355,14067,8370027,63,361600873,2581315,182200,26534406,265917250,110775514,16,1319,86,15,237120,12,12735768,7832,376272,0
Mi Kryptonita,Talento De Vida,Doble ONE Flow Letal,2023-10-11,QZTB72322595,967,49,140356426,9363,5604254,67,87822276,963707,849600,119963984,1057039331,261296658,4,4,86,6,5463321,17,131941,873,961258,0
Ram Pam Pam,Ram Pam Pam,NATTI NATASHA,2021-04-20,USB272100106,968,49,257167813,38896,13810240,55,794011391,4280865,1887815,202617114,2167134347,350033186,69,28737,176,20,116868,35,24761052,5667,1621368,1
"Milo J: Bzrp Music Sessions, Vol. 57",en dormir sin Madrid,Bizarrap,2023-10-03,UYB282301041,970,49,181516735,25092,10823656,67,155509942,2922165,182200,26534406,265917250,53784475,7,1849,86,9,401523,15,62580,76,194645,0
Stuck In The Middle,BABYMONSTER Pre-Release Single [Stuck In The Middle],BABYMONSTER,2024-02-01,KRA402400004,972,49,21167612,1285,2035557,67,147951356,1755973,16500,8382900,70103300,80502081,5,284,86,15,237120,8,12735768,7832,47782,0
No Se Va,No Se Va (En Vivo) - EP,Grupo Frontera,2022-04-28,QZHN72212529,973,49,582023797,48881,17367502,70,293059162,1383526,1100596,64787440,805988782,40039,26,18750,222,6,53465,16,84722896,25730,1946266,0
get him back!,GUTS,Olivia Rodrigo,2023-09-08,USUG12304099,971,49,287724574,25460,15517447,67,54771296,818500,485830,47532963,469327093,1298782751,47,56,34,29,1998239,43,6371213,20559,770996,1
LA PEOPLE II,LA PEOPLE II,Peso Pluma,2024-03-21,QM4TX2458976,978,49,123243341,5069,34480158,79,53762979,472820,182200,171600,3100000,98142716,13,8,86,4,1081795,14,2185039,1024,121403,1
"Valerie - Live At BBC Radio 1 Live Lounge, London / 2007",Back To Black: Songs From The Original Motion Picture,Amy Winehouse,2024-04-12,GBCAD2000628,974,49,562814594,17,25810,67,148269610,1257935,182200,26534406,265917250,98142716,28,5954,86,1,530,17,12735768,7832,854584,0
The Tortured Poets Department,THE TORTURED POETS DEPARTMENT,Taylor Swift,2024-04-18,USUG12401029,975,49,150693008,3273,15710281,67,15389385,261652,182200,4822,39100,98142716,29,450,86,4,53098,52,3131451,12957,49802,1
Your Love (9PM),Your Love (9PM),ATB,2021-01-15,DECE72003523,976,49,721002104,146298,62920572,71,118729044,952700,25400,5772644,81735548,153714110,201,361427,220,115,2519598,27,24235804,2394,7799522,0
One Side,One Side,Iyanya,2022-09-15,ZA41S2225757,977,49,23823099,10859,859682,53,75987807,365743,4024066,59428340,1004679876,42569293,3,2518,86,15,237120,17,12735768,7832,854584,0
HEAT STICK,HEAT STICK,Shoreline Mafia,2024-05-10,USAT22402903,979,49,20538101,3675,33607850,74,3575151,101311,182200,20600,108700,381728,23,370,5,5,38916,7,1637484,359,75399,1
Virginia Beach,For All The Dogs,Drake,2023-10-06,USUG12306066,981,49,165204421,38562,6636362,67,16599214,126612,182200,26534406,265917250,35874,5,1751,86,2,1924,8,5063703,5731,349915,1
Great Gatsby,Nostalgia,Rod Wave,2023-09-15,USQX92305201,982,49,66813186,11024,4487030,67,75881981,409473,4842,4543062,34091093,359281223,11,1245,29,3,21417,16,18521097,26354,395093,1
Ateï¿½ï¿½e Dï¿½ï,Ateï¿½ï¿½e Dï¿½ï,Mert Demir,2023-09-22,USA2P2346453,984,49,98395711,14727,3591657,67,198114786,880794,182200,3300292,84398578,107323281,10,11952,86,2,1567756,17,12735768,7832,1134279,0
Until I Found You (with Em Beihold) - Em Beihold Version,Until I Found You (Em Beihold Version),Stephen Sanchez,2022-04-22,USUG12202266,986,49,1020452066,108274,75934462,79,114404861,1372385,228100,129184868,1013000586,995903,45,74239,86,27,250765,5,1435373,6073,854584,0
Wants and Needs (feat. Lil Baby),Scary Hours 2,Drake,2021-03-05,USUG12101042,985,49,793287638,225513,37094631,71,104966782,872923,36542,45722496,319496635,783169,130,18714,82,21,693216,18,57284328,23173,2221501,1
Jiwa Yang Bersedih,Jiwa Yang Bersedih - Single,Ghea Indrawari,2023-05-18,FRX452328816,987,48,229120157,11931,7972917,69,136914720,1023397,1589944,378055132,5604886674,45212529,6,3334,86,15,237120,17,12735768,7832,154129,0
Coco Chanel,3MEN2 KBRN,Eladio Carrion,2023-03-17,QM4TX2344391,988,48,459282058,67717,32043186,72,100210832,673502,49000,17997404,147682062,1805292,46,24347,102,13,242670,17,9497644,3142,742228,1
Calm Down Baby,Calm Down Baby - Single,DJ Laxman,2024-01-12,FR10S2458617,989,48,1389772733,1,1,67,148269610,1257935,182200,26534406,265917250,98142716,2,5954,86,15,237120,17,12735768,7832,854584,0
At My Worst,The Prelude,Pink Sweat$,2020-07-17,USAT22003823,991,48,670245273,83819,24550707,64,537033479,4862491,3893052,155783189,1736930175,10765679,58,32924,388,17,104909,8,1187501,3010,2977114,0
TOO MUCH,TOO MUCH,The Kid LAROI,2023-10-19,USSM12307154,990,48,137894955,20037,20683852,67,45533851,1730466,4402,2179277,13108162,1665204683,37,99290,31,37,404042,39,2640092,369,601987,1
Go Down Deh (feat. Shaggy and Sean Paul),Go Down Deh (feat. Shaggy and Sean Paul),Spice,2021-04-30,USVPR2100046,993,48,218431985,56998,7122424,61,336505073,3901948,3595260,338445934,4731467896,11491467,24,20192,98,10,193061,14,12362903,6285,6024636,0
Cake By The Ocean - Cover,NEW TIK&TOK - BUZZ BEST -,MUSIC LAB JPN,2023-06-07,TCJPV2340543,"1,103",48,1611084670,32312,13259481,67,148269610,1257935,182200,26534406,265917250,98142716,28,5954,86,15,237120,17,12735768,7832,854584,1
Miles On It,Miles on It,Marshmello,2024-05-03,QZZVQ2400059,992,48,41924126,3794,124369916,79,4219901,103922,182200,26534406,265917250,237146592,87,4032,33,51,8224597,91,9227545,2729,189286,0
El Caballito,El Caballito - Single,FARIANA,2024-06-07,QM6N22408548,994,48,184278,74,5010610,42,148269610,1257935,63000,14587439,205181975,98142716,4,8,86,15,237120,12,387,7832,2840,1
PICK UP THE PHONE (feat. Nate Dogg),PICK UP THE PHONE (feat. Nate Dogg),PAWSA,2024-05-31,GBCEN2400112,995,48,2284977,1425,11819359,22,186215,4951,182200,26534406,265917250,98142716,13,243,86,16,206878,24,12735768,7832,44984,1
Tomorrow 2 (with Cardi B),Tomorrow 2 (with Cardi B),GloRilla,2022-09-23,USUM72217666,996,48,157806193,27840,14490602,64,216925153,1357039,264839,77376260,507673872,175345907,41,221878,172,6,22426,60,54650583,33003,1089768,1
Leï¿½,Leï¿½ï¿½o - Si,Marï¿½ï¿½lia Mendo,2022-12-08,BRWNV2200185,999,48,415752953,20588,32327663,66,423072409,2136310,318300,58453253,754580262,1139343976,26,8809,86,55,7373693,13,14151,29,280389,0
"What Jhumka ? (From ""Rocky Aur Rani Kii Prem Kahaani"")","What Jhumka ? (From ""Rocky Aur Rani Kii Prem Kahaani"")",Pritam,2023-07-12,INH102309955,"1,005",48,159909273,7624,11285253,64,329088407,1435514,182200,26534406,265917250,92792948,12,1145,86,1,1097,21,12735768,7832,109794,0
HOTEL LOBBY (Unc & Phew),HOTEL LOBBY (Unc and Phew),Quavo,2022-05-20,USUG12202512,"1,002",48,399707517,131547,25873871,69,44839108,449678,1332,101238,1130861,2803361,66,36742,836,12,1000634,36,81514413,12561,2145146,1
"Choli Ke Peeche (From ""Crew"")","Choli Ke Peeche (From ""Crew"") - Single",Diljit Dosanjh,2024-03-20,INT102400983,"1,006",48,16264473,552,6584623,67,93523633,390514,182200,26534406,265917250,98142716,1,487,86,15,237120,11,12735768,7832,35056,0
April Rain in August Weather,April Rain in August Weather - Single,Baba Blakes,2023-03-24,FR96X2351551,"1,004",48,408449,38,1747,12,524571173,1510602,23,20,385,98142716,28,25,86,15,237120,17,12735768,7832,75,0
LEATHER,LEATHER,MAKAELA,2023-01-27,QZJG52355895,"1,000",48,1696,32312,13259481,67,604258394,1611760,182200,26534406,265917250,98142716,28,6,86,15,237120,17,12735768,7832,854584,1
She Had Me At Heads Carolina,Stereotype,Cole Swindell,2022-04-08,USWB12200181,"1,007",48,244709550,33533,14159174,69,92809269,501049,53799,11305059,140118719,466327206,31,418626,159,4,96022,28,154772045,37582,911477,0
"So Long, London",THE TORTURED POETS DEPARTMENT,Taylor Swift,2024-04-18,USUG12401032,"1,008",48,175613480,4454,20883678,84,15237337,222750,182200,247100,1510800,24074850,29,774,86,6,284806,27,2107786,2086,67886,0
good 4 u,good 4 u,Olivia Rodrigo,2021-05-14,USUG12101253,"1,009",48,2167768056,12805,3065794,54,148269610,1257935,182200,26534406,265917250,98142716,93,819886,86,6,192922,2,12735768,7832,7171230,0
bad idea right?,bad idea right?,Olivia Rodrigo,2023-08-11,USUG12304094,"1,012",48,433515672,37313,23894665,12,37971085,871048,236657,92857729,839351640,1213115245,73,12873,495,38,8664321,37,10949173,15146,706445,1
"Ay, DiOs Mï¿½ï","Ay, DiOs Mï¿½ï",KAROL G,2020-07-10,USUM72013593,"1,016",48,599215039,57051,16707832,61,834762162,5130805,2265527,71390703,779241131,38462285,111,26349,168,25,244418,33,54177152,13881,1362793,0
happier,SOUR,Olivia Rodrigo,2021-05-21,USUG12101247,"1,015",48,1133535049,116055,29173011,79,352845171,3883946,722581,472933333,3266081830,326868389,56,20348,86,11,193230,11,34992093,44126,1970544,1
ONE MORE TIME,ONE MORE TIME / MORE THAN YOU KNOW,blink-182,2023-09-21,USSM12306395,"1,011",48,62097485,16027,7986146,67,36646460,717689,5436,2500510,39957104,40665968,23,159385,44,18,291819,61,3622597,4137,1145608,0
ýýýýýýýýýýýýýýýýýýýýý,ýýýýýýýýýýýýýýýýýýýýý,HoneyWorks,2022-11-21,JPX402200183,"1,014",48,23191929,5912,438018,51,128703160,1112327,3400886,499324989,6284732144,80772548,3,80,86,15,237120,6,46380,60,188814,0
Tubarï¿½ï¿½o Te,Tubarï¿½ï¿½o Te,Dj LK da Escï¿½ï¿,2022-09-28,BC91N2200001,"1,013",48,150177750,30142,13282269,59,153683754,1673637,2700000,1300234701,15253039012,6064515,9,151,281,28,89832,10,64326,340,1072415,1
Chichiquetere,Chichiquetere,HCTM,2022-08-06,SGB502231965,"1,017",48,1858478,581,37113,28,163462,3981,5101153,88338099,1420793896,98142716,28,23,86,15,237120,17,12735768,7832,49225,0
After Hours,After Hours,Kehlani,2024-04-04,USAT22401034,"1,019",48,34629239,3962,55053444,14,2560026,50310,182200,477400,4592500,14602910,49,36465,7,17,215137,32,4067131,1027,349619,1
II MOST WANTED,COWBOY CARTER,Beyoncï¿,2024-03-27,USSM12402717,"1,022",48,76870736,5252,32501444,67,6424033,126715,182200,26534406,265917250,200314697,76,35701,23,83,6321279,64,4488447,1755,286217,0
Mmhmm,Mmhmm,BigXthaPlug,2023-10-06,QZNMX2391413,"1,020",48,155648648,28131,46683719,82,27758776,286628,44222,881868,7609548,105397484,20,23720,203,1,1924,10,7238417,2385,479173,1
Husn,Husn,Anuv Jain,2023-12-01,INUM72303081,"1,023",48,181457783,12424,10746664,74,130834495,1816271,182200,26534406,265917250,1014573386,9,104,86,1,1097,6,12735768,1,355361,0
Kahani Suno 2.0,Kahani Suno 2.0,Kaifi Khalil,2022-05-31,QZK6Q2278612,"1,027",47,296648613,21479,6678540,68,510727740,6497078,1200000,27052606,410960127,98142716,2,5954,86,1,1097,17,12735768,7832,422144,0
No_se_ve.mp3,No_se_ve.mp3 - Single,Emilia,2023-05-03,QM6N22333334,"1,025",47,218340846,30667,18842918,64,223159269,879627,225600,67337219,876147905,290956426,20,23591,12,30,766172,54,13860,7832,744536,1
Ya Te Olvide,Ya Te Olvide,Natanael Cano,2024-05-15,QZ9QQ2400324,"1,032",47,38139811,1763,29137587,79,19437867,412418,182200,26534406,265917250,98142716,9,4,86,2,1229099,15,938522,120,114816,0
FE!N (feat. Playboi Carti),FE!N (feat. Playboi Carti),Travis Scott,2024-03-30,USSM22301824,"1,033",47,656618110,3,82,67,148269610,1257935,182200,26534406,265917250,98142716,28,5954,86,15,237120,17,12735768,7832,854584,1
Bad Memories (feat. Elley Duhï¿½ï¿½ & FAST ,Bad Memories (feat. Elley Duhï¿½ï¿½ & FAST ,MEDUZA,2022-07-22,GBUM72203666,"1,035",47,460973352,87026,76037102,69,21938855,220610,46341,11711694,202563112,98142716,93,200995,171,59,1721803,22,4963625,1266,3373945,0
ETA,NewJeans 2nd EP 'Get Up',NewJeans,2023-07-21,USA2P2330071,"1,038",47,234215735,20419,7910753,74,189170317,1734442,98128,38199952,297802502,537474239,24,2619,21,2,18940,4,696801,973,248138,0
Jordan,Jordan,Ryan Castro,2021-04-30,FR96X2111994,"1,037",47,535847791,57454,22561916,73,602969531,3455570,2054500,440899222,5134093462,126173423,23,16697,394,9,55353,29,1005285,1583,1079602,0
Take You Dancing,Take You Dancing,Jason Derulo,2020-07-22,USAT22004479,"1,039",47,716319941,98905,32882211,65,460154791,3442896,522107,149900995,1506051452,176273148,145,392495,115,91,3010119,31,111888753,21214,854584,0
BUBALU,BUBALU,Feid,2023-09-22,USUM72312321,"1,043",47,152487756,26763,34486818,67,91266986,531703,22360,672615,7708938,140740472,33,45802,34,44,11519450,27,1037674,651,783303,0
Jalebi Baby,Jalebi Baby,Tesher,2020-11-13,QZNWQ2070741,"1,041",47,164137928,47324,4827888,58,569438267,9098356,3568275,609856643,8443743856,8067537,43,20053,26,3,1874,3,1536646,4239,6489242,0
Endless Summer,Endless Summer,Alan Walker,2023-07-13,NOG842305010,"1,040",47,28340672,7147,9900066,55,6667293,144046,2207992,16323044,395590915,13897403,8,16735,86,10,108472,8,297266,120,150561,1
Belly Dancer,Belly Dancer,Imanbek,2022-02-18,NLZ542200165,"1,047",47,547114702,110008,103107258,75,152539885,1025216,81866,45025550,367187204,675951120,85,125928,86,73,1992797,42,12735768,7832,3826486,0
Who Told You (feat. Drake),Who Told You (feat. Drake) - Single,J Hus,2023-06-08,GBARL2300716,"1,046",47,142574143,72496,16207605,62,16368063,168658,80897,28314723,264112132,511758,90,25565,45,36,503882,49,434491,7832,845300,1
NIGHT DANCER,NIGHT DANCER - Single,imase,2022-08-19,JPPO02202918,"1,045",47,239149370,46984,6134615,67,281173184,3281196,1132387,226568824,2285171989,80772548,32,2272,86,3,10100,2,304322,906,1864998,0
Yoksun,Yoksun - Single,Ebru Yaï¿½ï,2024-02-02,FR2X42424385,"1,048",47,33174286,1658,1193973,67,119795906,342242,182200,26534406,265917250,1145002460,9,5456,86,2,1581911,17,12735768,7832,499594,0
DON'T YOU WORRY,Don't You Worry,Black Eyed Peas,2022-06-16,USSM12202555,"1,044",47,302939117,48916,26723190,62,236850911,1744818,86202,6704531,74013480,5024734774,57,232177,654,51,1215691,32,1954271,2652,4456945,0
"Rowdy Baby (From ""Maari 2"")",U1 For Life,Dhanush,2020-08-26,IND291823075,"1,057",47,58283353,12,2710,67,1558088734,6652026,182200,26534406,265917250,169255135,28,5954,86,15,237120,5,344,98,139710,0
Pickup Man (feat. Post Malone),HIXTAPE Vol. 3: DIFFTAPE (Small Batch),HARDY,2023-11-09,USUG12305726,"1,055",47,27891947,11898,5352704,67,148269610,1257935,182200,26534406,265917250,98142716,8,8698,86,1,1,20,156941809,31924,96725,0
Volando (Remix),Volando (Remix),Mora,2021-07-08,QMFME2105596,"1,052",47,701919939,105247,22304375,68,560364244,2647485,26200,9024221,74137126,45891350,85,14824,15,21,301957,22,14229625,2125,1404755,1
Moth To A Flame (with The Weeknd),The Highlights (Deluxe),Swedish House Mafia,2021-02-05,USUG12105524,"1,056",47,861100951,153435,41139591,74,95899960,848696,35151,18345722,184453448,2623975,122,245294,305,64,3075152,47,20927702,4078,5566537,0
WORTH IT (feat. Don Toliver),WORTH IT (feat. Don Toliver),Offset,2023-10-12,USUM72313166,"1,050",47,48339964,24760,10056008,67,9010442,103229,182200,1020812,10073870,1861090,21,115298,406,3,905920,10,17202812,2526,889320,1
Canï¿½ï¿½ï¿½t Catch Me Now - from The Hunger Games: The Ballad of Songbirds & ,Canï¿½ï¿½ï¿½t Catch Me Now (from The Hunger Games: The Ballad of Songbirds & S,Olivia Rodrigo,2023-11-03,USUG12307028,"1,053",47,259807712,30605,33315037,67,9545403,163045,73845,85733614,538186129,98142716,41,12664,86,40,592661,29,6040638,5126,1027616,0
Solteiro Forï¿½ï¿½ado - (Boiadeira Internacio,Solteiro Forï¿½ï¿½ado (Boiadeira Internacio,Ana Castela,2023-07-07,BX3022300019,"1,051",47,210195998,10723,12965116,65,291263121,1409361,33900,3996634,55226429,1201657034,6,6009,86,22,7921538,9,1736,7832,137611,0
"Naina (From ""Crew"")","Naina (From ""Crew"") - Single",Diljit Dosanjh,2024-03-05,INT102400827,"1,049",47,65661355,2351,12360484,76,89220257,546476,182200,26534406,265917250,44670108,16,617,86,2,1606,20,12735768,7832,127403,0
Bel Bont El3areedh,Haflet Al'ahramat 2022 - Egypt,Hussain Aljassmi,2022-12-19,AEA142213346,"1,059",47,16119,5,411,6,634519417,4362725,182200,26534406,265917250,2105270,28,5954,86,15,237120,17,12735768,7832,854584,0
"Naa Ready (From ""Leo"")","Naa Ready (From ""Leo"")",Anirudh Ravichander,2023-06-22,INS172307161,"1,058",47,142430643,6611,5093444,64,347065741,4171813,182200,663,18800,153732169,8,46,86,15,237120,18,2762,7832,101174,0
Feel the POP,You had me at HELLO,ZEROBASEONE,2024-05-13,KRA492400588,"1,060",47,8699917,533,10481435,58,31498812,685645,182200,131400,329800,98142716,5,101,9,4,34481,25,1443,16,11352,0
Fuera del mercado,@dannocean,Danny Ocean,2022-02-17,USWL12200098,"1,064",46,535013440,57772,25048190,71,162236183,1010851,2681307,387587032,4479627831,339251328,54,28857,327,32,910491,28,1646419,1389,1371874,1
Poor People We,Poor People We,Harp and a monkey,2022-11-28,UKXN22273282,"1,062",46,1071,6,1694,67,654777639,1257935,182200,26534406,265917250,176,28,2,86,15,237120,17,12735768,7832,23,0
El Cielo,El Cielo - Single,Sky Rompiendo,2023-06-02,USSD12300241,"1,068",46,354097795,53606,50446311,74,89166241,599270,26367,10289035,107126101,9653765,64,18198,53,37,398533,19,5226972,391,542456,1
ALL MY FELLAS,ALL MY FELLAS,Frizk,2023-09-19,QZTAZ2359846,"1,070",46,56978899,19534,2505224,67,31575700,824524,1095900,77314395,641905367,86472968,3,13,49,15,237120,17,345036,3980,460827,1
Bebefinn Song,Bebefinn Song - Single,Pinkfong,2024-05-03,KRE672300203,"1,069",46,38895,8,611,67,50007108,65432,182200,26534406,265917250,98142716,1,5954,86,15,237120,17,12735768,7832,854584,0
BITTERSUITE,HIT ME HARD AND SOFT,Billie Eilish,2024-05-17,USUM72401987,"1,066",46,58810212,3394,9510078,87,148269610,1257935,97,26534406,265917250,98142716,31,146,86,5,159005,9,161908,138,104093,0
Me Fui de Vacaciones,Un Verano Sin Ti,Bad Bunny,2022-05-06,QM6MZ2214894,"1,067",46,366872354,61014,15444758,68,146768761,1402279,2232600,180281548,1794129686,20198310,14,8167,86,8,482273,7,10647882,2818,768036,0
Rompe La Dompe,Rompe La Dompe,Peso Pluma,2023-12-28,QMFMG2368181,"1,071",46,164219485,11966,20373836,67,101560741,564659,182200,26534406,265917250,414178081,15,643,86,16,13007504,11,3424638,1070,184898,1
greedy sped up,greedy,Tate McRae,2023-09-14,USRC12302740,"1,074",46,21648841,2778,2506076,67,148269610,1257935,1992300,242655468,3067524132,98142716,2,4,400,1,878,8,608904,447,854584,1
Reloj,Reloj,Rauw Alejandro,2020-10-22,USSD12000471,"1,072",46,579749218,90725,22415388,65,645701697,3354975,1567493,149903879,1294351127,154245751,89,16280,13,22,291938,23,47558473,9485,1542421,1
ýýýýýýýýýýýýýýýýýýýýýýýýýýý,ýýýýýýýýýýýýýýýýýýýýýýýýýýý - Single,ýýýýýýýýýýýý ýýýýýýýýýýýýýýýýýýýýýýýýýýý,2024-03-22,THSOH2402582,"1,073",46,2730458,257,128196,67,89974882,536584,182200,26534406,265917250,98142716,1,5954,86,15,237120,17,12735768,7832,15042,0
Youï¿½ï¿½ï¿½re Mines Still (feat. ,Youï¿½ï¿½ï¿½re Mines Still (feat. ,Yung Bleu,2020-10-15,USWB12004394,"1,075",46,233139871,77694,13955396,63,425539008,2824144,98082,15980144,111422826,42967196,53,194040,57,5,638,5,155675259,46530,523078,1
BADGYAL,SAKURA,SAIKO,2024-04-26,QM4TX2482887,"1,076",46,56282981,5849,51387051,80,13102384,110873,182200,26534406,265917250,5411568,25,982,86,11,2671234,5,3698,9,279219,1
Sorry 4 The Wait,Sorry 4 The Wait,Lil Wayne,2022-01-14,USUG12106458,"1,079",46,24285898,8422,1181602,54,9750600,41196,917,97854,1029336,2034,1,104,86,1,23919,17,16796873,965499,211234,1
DILUVIO,PLAYA SATURNO,Rauw Alejandro,2023-07-07,USSD12300302,"1,078",46,310562790,33458,54918981,79,113130284,482647,148600,42427834,372688472,784575181,55,8643,50,42,3054645,43,9966566,2768,841414,1
"Kesariya (From ""Brahmastra"")","Kesariya (From ""Brahmastra"") - Single",Pritam,2022-07-17,INS172203702,"1,084",46,516740949,30584,13659510,67,548697509,6082861,182200,26534406,265917250,174637093,35,2050,86,1,1097,13,896892,661,372802,0
The Craving (single version),The Craving (single version) - Single,Twenty One Pilots,2024-05-22,USAT22403454,"1,083",46,9084595,1087,26826278,67,11912619,302647,182200,26534406,265917250,59828100,33,7678,15,20,476040,78,1346719,92,35315,0
Peaches,The Super Mario Bros. Movie (Original Motion Picture Soundtrack),Jack Black,2023-04-07,USQ4E2204040,"1,077",46,144252786,35929,3276465,64,68229038,1462629,822942,255693787,3002241315,17180346,17,5954,817,3,146493,10,17629603,82070,292159,0
Take My Breath - Single Version,Take My Breath,The Weeknd,2021-08-05,USUG12102076,"1,085",46,465348362,89586,17062402,57,218889957,2186587,42395,17828688,224955330,2420528253,151,373541,489,46,2548365,44,78039281,7207,854584,0
Lavender Haze,Midnights,Taylor Swift,2022-10-21,USUG12205734,"1,090",46,711138043,42535,28394531,73,26695871,411132,90029,35207211,302181012,98142716,66,249917,1936,11,844207,54,54466202,20497,900372,1
KU LO SA - A COLORS SHOW,KU LO SA - A COLORS SHOW,Oxlade,2022-06-10,QMEU32209358,"1,089",46,331419634,92569,17049738,68,90820063,924838,582831,42516541,534189550,51539371,116,64413,86,47,729868,41,6105145,2592,4816359,0
Toca o Trompete,Cadï¿½ï¿½ o After? P,Felipe Amorim,2023-07-21,BCOOP2300013,"1,087",46,166784328,15122,14569377,66,196927226,943630,482200,79195177,1222155154,385123282,10,98,86,19,541722,9,12735768,7832,173558,1
Nobody Gets Me,SOS,SZA,2022-12-09,USRC12204598,"1,091",46,561645790,58561,39587642,82,79127644,867545,61070,32412474,220878489,325461284,64,61047,293,40,235219,23,20725484,11445,1208187,1
Sleep Well,Sleep Well - Single,CG5,2024-02-16,USA2P2406901,"1,086",46,19236234,1602,962658,67,114064058,1339987,182200,26534406,265917250,1352193313,28,5954,86,15,237120,17,516534,3014,71078,0
Hei Apa Apa / Tik Tak Tik Tik,Nuansa Angkot 2023 - Vol. 1,Donny Fernanda,2023-02-14,FR59R2347368,"1,092",46,12415,1,2,67,148269610,1257935,3817700,148462808,2586057582,98142716,28,5954,86,15,237120,17,12735768,7832,854584,0
Glock In My Lap,SAVAGE MODE II,21 Savage,2020-10-02,USSM12006061,"1,088",46,614603953,164722,24902576,78,164711656,1799801,45186,22453063,162296330,40458162,25,940,86,18,196078,3,18427460,10054,2194666,1
overseas,overseas,Ken Carson,2024-04-12,USUM72403587,"1,095",46,35980441,7297,7809196,79,1080994,55353,182200,26534406,265917250,381728,6,5954,191,15,237120,3,107128,302,82029,1
CORAZï¿½ï¿½N VA,CORAZï¿½ï¿½N VA,Maria Becerra,2023-06-22,USWL12301086,"1,094",46,251442618,19913,23463750,71,209201810,958198,249263,61634866,541965678,650020478,23,16628,354,20,635145,53,188360,75,209753,0
PUNTO G,Punto G,Quevedo,2022-11-04,BK4DA2202913,"1,096",46,600073400,73593,22371448,71,171936153,975795,181760,42088473,450971538,1034742,24,15719,50,13,194411,29,272917,288,529802,0
Ditto,Ditto,NewJeans,2022-12-19,USA2P2254487,"1,098",46,614497357,47586,17245496,74,202069442,2934641,396808,179997019,1587051148,226112613,44,13257,20,2,34632,42,1082714,1542,714871,0
"Katchi Sera - From ""Think Indie""","Katchi Sera (From ""Think Indie"")",Sai Abhyankkar,2024-01-22,INT202404272,"1,099",46,61447714,2592,5382316,67,128967148,1382506,182200,26534406,265917250,1062214305,5,75,86,15,237120,11,12735768,7832,311293,0
Danza Kuduro - Cover,BEST CLUB 2023 TREND MIX,MUSIC LAB JPN,2023-11-24,TCJPX2397668,"1,097",46,1642258500,11,127,67,148269610,1257935,182200,26534406,265917250,98142716,28,5954,86,15,237120,17,12735768,7832,854584,1
Bubble Gum,How Sweet,NewJeans,2024-05-24,USA2P2414844,"1,101",46,20630900,1536,9077425,76,14185984,119016,182200,26534406,265917250,98142716,21,3,5,2,4710,10,48314,41,33194,0
Abejita Chiquitita,Las Canciones de Plim Plim Vol. 8,El Payaso Plim Plim,2023-09-08,ARLIB2220027,"1,102",46,5741262,275,33239,67,272927101,395965,47200,343,11056,98142716,28,14,86,1,16453,1,12735768,7832,6795,0
Love wins all,Love wins all,IU,2024-01-24,KRA382400642,"1,100",46,60903416,4743,2755053,67,122003102,4890890,182200,102500,712700,749176444,15,5954,86,1,4688,17,66751,159,120507,0
PRINCESITA DE ...,ýýNFASIS,Jere Klein,2023-12-01,QMFMF2334329,"1,103",46,106290197,11766,9230911,70,139655492,229044,182200,7,245,1565966519,4,388,86,3,122602,17,85692,48,195908,1
Lo Siento BB:/ (with Bad Bunny & Julieta Venegas),Lo Siento BB:/ (with Bad Bunny & Julieta Venegas),Tainy,2021-10-05,USA2P2135437,"1,104",45,912709169,94302,33979642,67,410395727,3097097,75146,30651870,303742856,265630925,69,36857,265,18,995698,35,26070209,7871,1218835,1
BABY HELLO,BABY HELLO - Single,Rauw Alejandro,2023-06-23,USSD12300274,"1,105",45,268383799,47936,46787442,68,69047745,591951,23400,9362518,103169265,21328855,61,39321,6,37,817012,36,3542840,631,933823,1
ONE CALL,ONE CALL,Rich Amiri,2023-11-03,QZJ842004052,"1,106",45,271566931,33970,50694559,80,24725245,376377,182200,1459319,8704294,9242912,15,824,75,14,1420429,25,259065,1200,817705,1
Pehle Bhi Main,ANIMAL,Vishal Mishra,2023-11-24,INS182303389,"1,111",45,235472222,10873,14151452,77,134079122,998592,182200,26534406,265917250,299391668,14,480,86,15,237120,17,12735768,7832,300188,0
Kill Bill,Kill Bill - Single,pasa michaelson,2023-08-26,GB8KE2318565,"1,156",45,1842758768,1,1,67,148269610,1257935,182200,26534406,265917250,98142716,28,5954,86,15,237120,17,12735768,7832,854584,1
2/Catorce,2/Catorce,Rauw Alejandro,2021-02-14,USSD12100059,"1,107",45,534981600,92466,17067105,64,607206864,3535828,833539,233010597,2285726710,149174449,74,9184,86,13,245959,32,41372873,8091,1847960,1
Rush,Rush,Troye Sivan,2023-07-13,AUUM72300170,"1,109",45,299291405,45754,35127971,28,59684881,1156874,37300,31430262,341762321,635932163,106,22607,649,65,1709032,66,741956,1616,1347624,1
Open Arms (feat. Travis Scott),SOS,SZA,2022-12-08,USRC12204602,"1,114",45,418181065,67858,17377077,76,87097570,675742,79800,21397764,155757311,3034510,14,374,86,17,190364,2,4424141,8503,1272704,0
edamame (feat. Rich Brian),edamame,bbno$,2021-07-24,QMUY42100151,"1,117",45,460770585,137449,12880333,9,129095680,2000723,697200,509554628,5783885492,165344404,24,98034,1191,15,237120,12,2857509,9193,5556466,1
Calling (feat. A Boogie wit da Hoodie) [Spider-Man: Across the Spider-Verse],METRO BOOMIN PRESENTS SPIDER-MAN: ACROSS THE SPIDER-VERSE (SOUNDTRACK FROM AND INSPIRED BY THE MOTION PICTURE),Metro Boomin,2023-06-02,USUM72308543,"1,120",45,234350961,56138,13361149,69,60645740,770219,182200,26534406,265917250,82193348,59,29888,59,13,56586,35,6384645,3482,1068077,0
Smokin Out The Window,Smokin Out The Window,Bruno Mars,2021-11-05,USAT22105952,"1,121",45,463977298,100305,15798103,66,219573887,2918828,946,4609516,26701713,3233086776,81,188300,388,38,1242910,46,39063749,21956,1849092,0
Goin' Off,Goin' Off,Karan Aujla,2024-05-09,AUBEC2438653,"1,118",45,13606839,836,4594419,70,32342705,498580,182200,26534406,265917250,19904542,14,59,86,15,237120,13,12735768,7832,33780,0
Close To You,Close To You,Gracie Abrams,2024-06-07,USUG12401775,"1,119",45,13700065,1162,89144538,74,466102,38791,182200,26534406,265917250,98142716,69,147,86,16,683316,86,39776,59,69456,0
Pagli Dekhave Agarbatti,Pagli Dekhave Agarbatti,Neelkamal Singh,2023-09-28,INH102313673,"1,124",45,20981562,379,284348,67,272841611,1275934,182200,26534406,265917250,182061559,28,5954,86,15,237120,17,12735768,7832,854584,0
Nonsense,emails i can't send,Sabrina Carpenter,2022-07-15,USUM72210708,"1,129",45,817286460,55620,61610668,83,156580179,1685462,179864,36883907,357890160,201230072,67,108203,1122,20,787687,44,33407481,8860,1180048,0
Run It Up (feat. Offset & Moneybagg Yo),Destined 2 Win,Lil Tjay,2021-04-02,USSM12101540,"1,127",45,392745531,141221,21996686,67,96203913,1246093,44979,17567842,137477748,54251921,21,1558,3,8,131260,2,10758226,10750,1432080,1
Fight The Feeling,Fight The Feeling,Rod Wave,2023-03-31,USQX92301922,"1,128",45,86327319,18112,2247123,51,65828097,457580,179400,15991452,137960911,377095739,18,100880,1989,8,929184,10,34839558,18952,567245,1
Bebe Dame,Bebe Dame - Single,Fuerza Regida,2022-12-16,QZ9QQ2200182,"1,132",45,562099076,51229,20388246,70,11080081,68671,623600,146379790,1746059702,98142716,49,15119,36,18,2487813,17,98549626,29193,2289240,0
Green Green Grass,george ezra songs to play when the sun's out,George Ezra,2022-03-22,GBARL2200008,"1,133",45,300430813,50552,12812123,69,103550086,844925,1664351,248347598,3375488113,2854520083,51,182474,46,29,1067030,27,1947849,12347,2071865,0
Zihaal e Miskin,Zihaal e Miskin,Javed-Mohsin,2023-05-25,INUM72300284,"1,135",45,110644306,4432,3741353,65,367432386,4091411,182200,26534406,265917250,85756632,28,546,86,15,237120,4,776,12,184497,0
Fiel,Los Legendarios 001,Los Legendarios,2021-02-04,QM4TW2136314,"1,130",45,642558596,106151,40485324,64,357508658,2089382,1884605,309769907,2853555921,56447780,77,45631,45,24,1535610,30,24779220,8899,2242149,0
Neverita,Un Verano Sin Ti,Bad Bunny,2022-05-06,QM6MZ2214882,"1,139",45,831868563,93211,21780286,73,181498962,1237772,115200,87502749,985066343,21690461,36,30945,391,12,806258,5,23282331,5780,1247731,0
No Se Va,No Se Va,Grupo Frontera,2022-12-01,USDA12211641,"1,137",45,51750,67,3924,67,610569249,2662885,182200,26534406,265917250,41692770,28,547,86,15,237120,17,12735768,7832,854584,0
Popular (with Playboi Carti & Madonna) - Music from the HBO Original Series,The Highlights (Deluxe),The Weeknd,2021-02-05,USUG12303876,"1,142",44,812954133,137681,53947304,81,66369681,851906,564129,71837599,797041217,504465645,147,78013,7,43,1369406,47,2985202,7888,6377668,1
adore u,adore u,Fred again..,2023-08-11,GBAHS2300908,"1,141",44,129427492,44672,48826452,71,10933079,80021,29740,8528307,135983684,82845102,69,43488,3,34,206415,46,801851,219,663446,0
Numb Little Bug,Numb Little Bug,Em Beihold,2022-01-28,USUM72200626,"1,143",44,360584207,68868,18801509,66,41254765,1015183,177123,69378146,667895022,8474222,34,350811,2116,19,22388,37,73893449,39102,2132903,0
Feel It,Feel It (From The Original Series ï¿½ï¿½ï¿½Invincib,d4vd,2024-03-28,USUM72401132,"1,140",44,110377644,8980,78939536,67,10803398,190363,182200,554400,4211900,21866966,41,6146,44,54,6402152,55,658798,745,363083,0
Faz um Vuk Vuk (Teto Espelhado),Faz um Vuk Vuk (Teto Espelhado),MC Kevin o Chris,2023-07-20,BX5EU2300034,"1,145",44,222879686,26854,23489333,68,183254308,938331,80100,22478680,315723211,23002967,16,1586,86,31,3017351,19,2970,8,130095,1
Sky,Whole Lotta Red,Playboi Carti,2020-12-25,USUM72024699,"1,147",44,710319373,209136,30701216,74,183959519,2671075,154135,62458934,363975031,280367116,31,1582,59,10,187089,14,2766036,16909,1537393,1
Love On,Love On,Selena Gomez,2024-02-22,USUM72318034,"1,148",44,45878045,3731,26039293,67,18082083,515908,182200,26534406,265917250,2436411201,50,69439,150,58,12329759,45,3662491,523,350842,0
Brickell,MANIFESTING 20-05,Feid,2024-04-10,USUG12402595,"1,150",44,59546208,5064,62237863,79,26823878,171145,182200,26534406,265917250,28104439,32,2379,13,15,3085319,14,1007570,344,259017,1
RUNAWAY,RUNAWAY,OneRepublic,2023-05-26,USUM72304684,"1,154",44,127466467,16650,19684494,67,13668402,152488,2331,518049,9346042,179672192,57,259287,710,43,1138179,12,19337777,2084,1350255,0
Que Se Cuide,Que Se Cuide,Luis R Conriquez,2024-05-03,QZNJV2414655,"1,151",44,36145614,1566,48637114,77,26390813,239853,182200,26534406,265917250,125856157,3,63,86,2,1556280,17,1069762,1047,178962,0
On My Love,On My Love (Sped Up),Zara Larsson,2023-09-12,USSM12306769,"1,159",44,128024416,20826,60798732,7,14394570,139320,3966,507857,8090936,1176532287,73,129069,77,82,4576277,48,1333245,192,934544,0
She Share Story,She Share Story,Shayne Orok,2020-06-02,QZHN52089091,"1,156",44,239850720,2443,424979,33,238798,10479,10715800,2844924215,33201904006,98142716,28,1,86,1,3316,17,12694,7832,854584,0
Mujeriego,Mujeriego - Single,Ryan Castro,2021-12-17,COSO12100328,"1,158",44,285723562,63343,16024245,63,316060497,3601489,1645802,630242190,6484877304,43034965,32,17619,715,28,11861287,24,2371513,4437,3132192,0
Miss The Rage (feat. Playboi Carti),Miss The Rage,Trippie Redd,2021-05-07,QZJ842000983,"1,160",44,535695469,188778,26774987,6,171889127,3367746,155446,113564973,1011224005,112767017,58,3186,9,15,112154,1,7839291,15078,1525672,1
TUTA GOLD,TUTA GOLD,Mahmood,2024-02-07,ITUM72400066,"1,157",44,95029509,5218,9118781,65,73263450,405639,182200,26534406,265917250,965737153,28,19714,86,13,3804779,25,12735768,7832,279900,0
My Boy Only Breaks His Favorite Toys,THE TORTURED POETS DEPARTMENT,Taylor Swift,2024-04-18,USUG12401030,"1,161",44,161916445,3784,17036800,83,13509432,180327,182200,26534406,265917250,98142716,32,1456,86,7,176069,27,2674527,2560,47529,0
Dandini Dandini Dastana,"Hey Dostum, ï¿½ï¿",Derya Yildirim,2023-02-10,DEE882214257,"1,165",44,12750,8,137,9,520926927,1601560,182200,26534406,265917250,98142716,28,7,86,15,237120,17,12735768,7832,186,0
Florida!!! (feat. Florence + the Machine),THE TORTURED POETS DEPARTMENT,Taylor Swift,2024-04-18,USUG12401035,"1,162",44,140177107,3866,16996059,67,13707215,189148,18200,6292326,45866138,98142716,19,2111,86,3,44338,41,1517277,2475,68490,1
King Size,Feed Tha Streets III,Roddy Ricch,2022-11-18,USAT22220949,"1,163",44,3248779,3105,291653,33,590470795,8815644,113,7218,297262,440677355,28,28,86,15,237120,17,179455,70,854584,1
Girls Want Girls (with Lil Baby),Certified Lover Boy,Drake,2021-09-03,USUG12104399,"1,168",44,459480135,137691,22202207,68,94845922,710635,97707,54238635,550340528,27126576,77,1996,608,24,203415,46,63766205,182395,1506723,1
Linger - SiriusXM Session,SiriusXM Session,Royel Otis,2024-05-31,FRX872443806,"1,171",44,8053814,908,11708987,69,148269610,1257935,74700,46235180,345797900,98142716,16,5954,86,1,120583,61,207576,91,854584,0
BIPOLAR,BIPOLAR,Peso Pluma,2023-09-07,QMBZ92388584,"1,169",44,222295526,18049,13695569,67,110937613,675774,26622,6784,83048,164839813,9,1235,4,6,1331099,10,7908175,3651,872796,1
Addicted,Addicted (feat. Ink) - Single,Zerb,2024-03-29,NLRD52350359,"1,170",44,63142772,7213,65806267,79,320436,6638,7812,3088170,63352002,98142716,23,22016,53,18,586251,44,4517869,457,512040,1
Besos Moja2,Besos Moja2,Wisin & Yandel,2022-09-29,USSD12200829,"1,176",44,416361102,48450,23910344,69,251373932,911711,460773,158067701,1931498021,6946855,42,35473,26,25,555110,47,9511526,888,739386,0
El Chico Del Apartamento 512 - Remasterizado 2024/30th Anniversary,Amor Prohibido (Remasterizado 2024/30th Anniversary),Selena,2024-03-22,USUM72402909,"1,174",44,195435575,15,74994,67,148269610,1257935,182200,26534406,265917250,98142716,1,5954,86,1,19628,1,45270647,23206,854584,0
Papercut,Papercuts,Linkin Park,2024-04-12,USWB11201315,"1,177",44,497285757,130,484758,67,148269610,1257935,182200,26534406,265917250,98142716,28,5954,86,15,237120,17,12735768,7832,854584,0
Chanel,Chanel,Becky G,2023-03-30,USRC12300804,"1,175",44,287853890,21244,8675975,65,267142398,1552179,98312,44289816,550080768,411799517,31,1280,65,12,378233,20,32344279,4466,546765,0
Back In Blood (feat. Lil Durk),Back In Blood (feat. Lil Durk),Pooh Shiesty,2020-11-06,USAT22007048,"1,180",44,378239461,126894,19992900,62,477876565,3072709,95993,30522237,230352883,232331604,72,96321,198,4,56079,17,82609483,36243,1280704,1
Jugaste y Sufrï¿,Corta Venas,Eslabon Armado,2020-12-18,USE7D2000268,"1,182",44,492509763,83013,10228918,70,420395103,3706590,144000,92852948,624633508,3613322,17,244,86,2,156,13,21099906,32737,2849462,0
Una Foto Remix (feat. Emilia),Una Foto Remix (feat. Emilia),Mesita,2024-01-05,UYS642300003,"1,181",44,206001461,15932,35397476,78,45907269,307741,182200,998400,13500000,98142716,14,11512,86,26,552100,21,148059,331,394118,0
Religiously,Religiously,Bailey Zimmerman,2023-03-17,USWB12300537,"1,178",44,225556005,25164,10017767,73,23904394,111346,73524,5688685,56949752,243552012,28,154327,117,2,644,17,92243007,13325,594487,0
What Happened To Virgil (feat. Gunna),7220,Lil Durk,2022-03-11,USQX92200954,"1,179",44,144889291,63045,7698742,59,98375891,844144,96486,68284710,515213856,65793712,31,131447,726,3,245510,13,20715332,10912,1047166,1
HAY LUPITA,HAY LUPITA - Single,Lomiiel,2024-03-28,QZHNA2429530,"1,187",44,22692011,1996,19217759,71,51510163,439315,6538,9803472,84927420,5782251,13,1909,86,4,492038,17,125762,1408,516845,0
Gatita,Gatita,Bellakath,2022-10-05,QZPLR2286558,"1,184",44,218661601,25714,8048259,57,173995566,1354818,1961387,191009331,2353588008,324051,8,13477,600,3,154370,24,4469095,7776,873692,0
World on Fire,NATE SMITH (DELUXE),Nate Smith,2023-04-28,USRN12300006,"1,183",44,100360956,15383,9521311,69,12196961,98714,45372,6096788,57109846,98142716,19,242951,37,6,23353,17,66436990,4806,415236,0
Love You Anyway,Love You Anyway,Luke Combs,2023-02-10,US6XF2100158,"1,185",44,164507374,29896,7920265,67,47201934,291689,127315,21357285,220946119,389278042,20,146916,4,2,592,23,124948868,11423,624045,0
MOJABI GHOST,DATA,Tainy,2023-06-29,USA2P2331985,"1,188",44,368429447,46625,20677828,75,74049864,676666,3207,955307,6911099,638649904,52,4683,49,11,847361,10,6221683,1262,715485,1
N95,Mr. Morale & The Big Steppers,Kendrick Lamar,2022-05-13,USUM72208963,"1,194",43,426936498,118020,24734503,74,124386115,2134071,34724,16024927,186922543,1303000868,48,13141,122,21,357536,45,8689010,3163,1452569,1
Niagara Falls (Foot or 2) [with Travis Scott & 21 Savage],HEROES & VILLAINS,Metro Boomin,2022-12-02,USUG12208792,"1,191",43,325654069,108296,18764224,71,21886334,217873,182200,3,19,7326120,15,311,86,4,73801,6,2079133,1461,660445,1
Volvï¿,La mï¿½ï¿½sica de @Gina Yei: #ConTodoElCorazï¿½ï¿½nYMï¿½ï¿½s (Banda Sono,Didi Romero,2023-01-11,QZTJ32100010,"1,192",43,47586,60,2805,67,543509003,3372617,182200,26534406,265917250,560891372,28,5954,86,15,237120,17,12735768,7832,136,0
You're Really Funny,Rly Funny - EP,Crocodyle,2022-11-11,QMEU32216759,"1,190",43,239850720,9,31,67,631421040,3549192,182200,26534406,265917250,98142716,28,6,86,15,237120,17,12735768,7832,45,0
Papercut,Papercuts,Linkin Park,2024-04-12,USWB12401897,"1,193",43,497285757,4,466,67,148269610,1257935,182200,26534406,265917250,98142716,28,5954,86,15,237120,17,12735768,7832,854584,0
La Bebe,LPM,Yng Lvcas,2021-12-24,QZTAT2174000,"1,198",43,255707376,35404,4489095,64,132383657,926647,3955024,237343814,3229349729,98142716,4,3835,44,15,237120,2,1505248,8802,1296219,1
Jaded,Endless Summer Vacation,Miley Cyrus,2023-03-10,USSM12209778,"1,197",43,173349210,22117,9481406,65,69971780,926126,12719,7349390,120314198,24140873,40,225522,416,41,782200,20,56973358,6891,854584,1
Bye,Bye,Peso Pluma,2023-05-26,QM6P42321186,"1,196",43,252239644,24974,6379185,65,157154307,1031138,408410,96001756,1121997176,98142716,35,692,86,3,132211,11,18131311,9970,415733,1
L$d,Deaf 2 Society,Luclover,2022-04-22,QZHN42243265,"1,199",43,34621941,15846,2877860,36,4019929,89953,5003856,589943665,5720070197,86746342,1,261,734,2,25486,3,250124,597,539017,1
FRI(END)S,FRI(END)S,V,2024-03-15,USA2P2411822,"1,203",43,196612187,3800,44868049,85,38102046,2794580,182200,2941,26700,119265847,16,5014,95,33,11190250,11,1934224,135,226475,0
Surface Pressure,Encanto (Original Motion Picture Soundtrack),Jessica Darrow,2021-11-19,USWD12112914,"1,204",43,318018082,41062,14552186,65,580242930,3471774,103897,128850291,1100134488,67010140,35,2041,155,1,10044,18,49383663,66811,466130,0
Volver Al Futuro,Volver Al Futuro,Oscar Maydon,2024-05-30,QZ9QQ2400330,"1,202",43,25593926,1247,63521139,78,7493616,162691,182200,26534406,265917250,98142716,18,5954,86,10,1604245,9,68326,56,33433,0
Praise God,Donda,Kanye West,2021-08-29,USUM72116287,"1,208",43,451323154,143071,22968843,67,75632640,1192980,1232812,540795852,4707280248,144247309,24,1395,182,10,38020,25,14923065,9847,3075257,0
Friesenjung,Friesenjung,Ski Aggu,2023-05-25,DE1FB2300037,"1,205",43,150508549,70377,9755773,70,31956891,485999,182200,26534406,265917250,54635920,24,5723,86,12,67068,4,12735768,7832,703536,1
El Azul,El Azul - Single,Junior H,2023-02-10,QZ9QQ2300115,"1,206",43,684103586,42304,22784674,76,125144381,583066,433800,68202730,622470844,445229053,37,112,2,4,1164409,9,10305981,2327,764296,0
Ya Supï¿½ï¿½rame (En V,Ya Supï¿½ï¿½rame (En Vivo) - Si,Grupo Firme,2021-08-13,QZDQH2148787,"1,210",43,347218974,34933,16279085,57,662346628,2983631,163723,31953097,394751759,59180203,23,9924,312,2,6546,38,76029663,61601,1337426,0
if u think i'm pretty,if u think i'm pretty,Artemas,2023-10-24,QZTB92397158,"1,212",43,219995278,26538,17112526,78,25556375,392029,277500,83793501,561266399,17454770,18,1072,42,12,129691,10,284934,750,757462,1
Fin de Semana,Fin de Semana,Oscar Maydon,2023-01-13,QZ9QQ2300040,"1,211",43,568846143,38126,18723665,76,209204080,876672,4469,2225214,19351144,98142716,25,275,86,4,1270150,8,26957938,5256,896673,0
Everybody (feat. Lil Uzi Vert),Pink Friday 2,Nicki Minaj,2023-12-07,USUM72318678,"1,209",43,114947522,1384,280996,67,148269610,1257935,182200,26534406,265917250,98142716,10,172988,86,15,237120,17,12735768,7832,854584,0
Forever After All,What You See Ain't Always What You Get (Deluxe Edition),Luke Combs,2020-10-23,US6XF2000192,"1,217",43,472886929,66543,14596512,70,247466941,1347724,412458,53390196,454676514,523499656,71,272994,35,9,18449,22,336822010,60046,1332172,0
Fried (She a Vibe),WE DON'T TRUST YOU,Future,2024-03-22,USSM12402032,"1,216",43,33224742,8465,12808538,67,6259257,65528,182200,26534406,265917250,125856157,8,483,86,1,83,8,456992,1445,232391,1
Hello (feat. A Boogie Wit da Hoodie),Shoot For The Stars Aim For The Moon (Deluxe),Pop Smoke,2020-07-20,USUM72014370,"1,213",43,578061816,190490,26875379,67,261251373,2123833,180506,25346506,259813719,4811371,28,34512,121,10,7293,17,111230354,29805,2481910,1
Numb,Numb,Marshmello,2022-06-10,USRC12202117,"1,219",43,401066217,70661,51920160,69,54641192,657641,420,8253,172191,2605082758,79,196397,2585,51,1008113,59,68018763,12536,2292241,0
Ojapiano,Ojapiano - Single,KCee,2023-06-03,QZNJW2329848,"1,222",43,27444985,8182,3092737,56,30407112,269687,2000000,36069120,619648663,98142716,18,1210,11,1,112183,4,331855,165,1476897,0
Area Codes,Area Codes,Kaliii,2023-03-17,USAT22301942,"1,220",43,228240866,33819,27729274,68,71928705,887392,431192,122679145,1249845764,501704711,37,90410,1642,5,60728,33,16590391,20001,1338659,1
Medallo,Hecho En Medellï¿½,Blessd,2021-10-27,COA6W2102282,"1,224",43,452087681,66494,24042564,65,509694751,2049523,244300,59474554,754567803,367804074,53,31265,145,13,1704398,13,5561332,3809,1414880,1
Domingo Abacaxi Flamingo,Domingo Abacaxi Flamingo,Bolofofos,2020-09-02,CACWV2000813,"1,221",43,12933566,1887,331053,51,1306329440,3311080,79148,1732260,40068889,98142716,28,2,86,15,237120,17,12735768,7832,854584,0
Ch y la Pizza,Ch y la Pizza,Fuerza Regida,2022-12-01,QZ9QQ2200104,"1,230",43,511421362,37923,17851037,75,265678775,844731,68003,17455943,204148897,57,24,227,5,9,1456328,8,27745557,3997,739587,1
In Ha Mood,In Ha Mood,Ice Spice,2023-01-06,USUG12300365,"1,234",43,190126590,39734,15519701,63,71742798,984809,924557,175869184,1435693104,44538105,47,94993,2376,14,202602,36,7622027,6229,1093911,1
POR QUï¿½ï¿½ SE,POR QUï¿½ï¿½ SE,Grupo Frontera,2024-05-09,FRX452426440,"1,225",43,29906024,1596,46272988,76,17263028,241869,182200,26534406,265917250,5110923,14,985,86,9,2186605,23,3921881,273,151296,0
ALL MINE,WASTELAND,Brent Faiyaz,2022-07-08,QM24S2203185,"1,232",43,315014005,61987,22567278,71,77564375,661614,129260,51356427,366123920,57858388,27,101865,21,3,28284,23,21452340,16317,1112722,1
Playa Del Inglï¿½,Playa Del Inglï¿½ï¿½s - Si,Quevedo,2022-12-15,ES5152201707,"1,227",43,347558532,68744,34228107,67,151166424,705558,99164,14984269,323188246,6739337,18,18093,9,19,264043,27,503289,244,687719,0
BOO!SHUT,BOO!SHUT,PIGGS,2023-03-24,JPU902300754,"1,233",43,29649,41,1972,3,463192119,1356721,182200,26534406,265917250,98142716,28,28,86,15,237120,17,12735768,7832,1847,0
HOLA PERDIDA REMIX,HOLA PERDIDA REMIX,Luck Ra,2024-05-31,CLPP22400062,"1,228",43,8981282,873,40161269,70,10058975,233142,182200,26534406,265917250,18880887,14,493,86,29,398272,11,23748,9,17326,0
Talk,Talk,Yeat,2022-09-02,USUM72216448,"1,229",43,242057987,77898,8717113,67,39581789,457747,46710,13919189,109453452,92497,10,127,7,1,4435,11,1216305,3164,999699,1
Now And Then,Now And Then,The Beatles,2023-11-02,GBUM72203947,"1,235",43,66843778,23455,13808666,67,52809148,1252936,10600,7478172,151511760,1532321384,36,37800,5,34,2915839,38,5217426,4549,808129,0
Sign on the Door,Sign on the Door,Dora Lachaise,2023-03-29,GBU2Z2200001,"1,236",43,239850720,4,267,67,466723346,563068,182200,26534406,265917250,98142716,28,5,86,15,237120,17,12735768,7832,7,0
For Life (feat. Zak Abel & Nile Rodgers),For Life (feat. Zak Abel & Nile Rodgers),Kygo,2024-04-19,USRC12400376,"1,240",43,36844307,4216,90998184,76,314701,7535,182200,26534406,265917250,98142716,71,26695,27,71,14633006,27,671662,83,226744,0
Kya Loge Tum,Kya Loge Tum,B Praak,2023-05-15,INUM72300286,"1,238",43,89701636,2561,1939449,57,375460772,3277504,22300,649330,15339768,85756632,3,272,86,15,237120,5,720,7832,104287,0
California Breeze,It's Only Me,Lil Baby,2022-10-14,USUG12207230,"1,237",43,116994951,45626,8408366,61,152685892,733891,182200,26534406,265917250,210645964,44,4710,200,5,90714,1,44593072,13300,671214,1
LOVE DIVE,LOVE DIVE,IVE,2022-04-05,KRA382204375,"1,243",42,397988770,28165,11131897,69,583304882,4759365,204227,219351151,1878718115,189613465,31,3065,78,7,42644,10,731310,1474,468601,0
Alucin,Alucin,Eugenio Esquivel,2023-11-17,QMFMF2346943,"1,242",42,207103587,16933,25825570,67,85555081,727436,182200,26534406,265917250,83238337,14,3573,5,26,9087254,3,1748090,2815,705754,1
POPSTAR (feat. Drake),POPSTAR (feat. Drake),DJ Khaled,2020-07-17,USSM12004501,"1,247",42,712664065,165234,35485186,63,384597914,4775085,257346,28205851,247613041,279342315,183,93,259,50,80760,42,76691890,33455,3773076,1
Qual ï¿½ï¿½ o seu des,Qual ï¿½ï¿½ seu des,Tz da Coronel,2024-02-29,BC2TS2400002,"1,244",42,71586678,6088,12104937,73,68170959,616414,182200,26534406,265917250,196516221,17,15,86,36,7534674,23,12735768,7832,854584,1
Lovesick Girls,THE ALBUM,BLACKPINK,2020-10-02,KRA402000136,"1,248",42,561712007,40766,14363550,65,959285337,16946156,578093,95381031,694367550,179751718,55,23131,9,16,106541,14,3443241,5033,977988,0
Una Vida Pasada,Una Vida Pasada,Camilo,2024-04-02,USSD12400106,"1,249",42,50955386,2952,47126163,81,40003695,294012,11400,3726119,40019764,30907986,40,4576,86,42,3315443,19,845380,344,217303,0
places to be,places to be,Fred again..,2024-05-31,GBAHS2400279,"1,250",42,11581454,2277,40816159,73,443994,16154,182200,26534406,265917250,4330498,51,1187,1,29,929803,47,35871,34,48101,1
ASI ES LA VIDA,ASI ES LA VIDA,Enrique Iglesias,2023-09-28,USSD12300536,"1,254",42,123776123,11830,22722898,67,144081808,854410,135600,3931596,80775271,258781688,36,2,86,34,1435593,27,5728517,1038,985508,0
Elvira,Elvira,Oscar Maydon,2023-12-20,QZ9QQ2300978,"1,255",42,183146334,8183,47711465,81,97178744,465269,182200,26534406,265917250,1252418051,13,5954,86,10,2291939,19,1762919,1461,382419,1
El Jefe,El Jefe,Shakira,2023-09-20,USQX92305281,"1,252",42,122882453,11838,10617531,67,164469434,2120071,1,8480,72400,11351590,8,16284,162,23,340362,14,9108491,4377,481428,1
Am,AM,Nio Garcia,2021-01-28,QM4TW2137909,"1,257",42,361357607,70546,11143810,57,668095711,3934415,1100094,123820134,1087148231,57766471,27,12106,25,11,1615617,7,21888540,3685,767913,1
Te Lo Agradezco,Te Lo Agradezco,Kany Garcï¿½,2023-07-27,US5022300029,"1,258",42,169162533,9016,8885567,73,210403837,848450,30483,1140777,22480064,749855362,14,9599,86,22,3911259,3,11103615,2348,623417,0
PLEBADA,PLEBADA,El Alfa,2023-06-08,QM6P42370020,"1,260",42,148677837,17100,7456228,65,254704259,1938875,1567,35439,724569,12152639,21,3440,2,4,30339,6,7824927,3804,405352,0
Danza Kuduro - Cover,CLUB SONG MIX 2023,MUSIC LAB JPN,2023-11-10,TCJPX2395275,"1,261",42,1651606290,6,66,67,148269610,1257935,182200,26534406,265917250,98142716,28,5954,86,15,237120,17,12735768,7832,854584,1
Marea (Weï¿½ï¿½ï¿½ve Lost Da,Marea (Weï¿½ï¿½ï¿½ve Lost Da,Fred again..,2021-02-22,GBAHS2100041,"1,259",42,336943720,191372,29642267,71,31888669,286044,31989,11683008,155341425,6032497,91,61528,27,38,184585,27,1787403,1430,5947514,0
Fall In Love,Fall In Love,Bailey Zimmerman,2022-02-11,USWB12200122,"1,262",42,262185115,47288,6430525,71,121592933,606455,47803,14280562,149251921,378953464,25,187078,123,3,95430,23,177097668,19788,1389636,0
Cupid,The Beginning: Cupid - Single,FIFTY FIFTY,2023-02-24,KSA012239180,"1,256",42,212084990,34632,4625072,37,191028847,3745346,159346,66491755,543360467,54875497,15,41846,809,15,237120,4,2219997,17467,1249929,0
Dj Gamm Gamm Piri Slow,Dj Gamm Gamm Piri Slow,DJ BAHBUS,2022-09-28,SGB502262965,"1,265",42,32014,7,10,67,68945,653,4500000,27946393,533737667,98142716,28,5954,86,15,237120,17,12735768,7832,3942,0
Guilty as Sin?,THE TORTURED POETS DEPARTMENT,Taylor Swift,2024-04-18,USUG12401036,"1,264",42,165611453,4418,21928475,78,9873283,96083,182200,774900,6383500,98142716,34,323,86,7,79183,54,1431013,1158,79964,0
BOMBï¿½,LEGENDADDY,Daddy Yankee,2022-03-25,USUG12201723,"1,272",42,129335327,27681,6391085,60,215778342,1548240,2800000,211713881,2692316483,2785686,10,15812,62,13,79203,2,12393972,2820,914770,1
EVERY CHANCE I GET (feat. Lil Baby & Lil Durk),KHALED KHALED,DJ Khaled,2021-04-30,USSM12102263,"1,271",42,352955079,108705,24218793,68,285741830,1939019,39265,21216408,177512619,42187695,73,84880,114,8,85919,30,158532295,29915,2091659,1
"One Of The Girls (with JENNIE, Lily Rose Depp)",The Highlights (Deluxe),The Weeknd,2021-02-05,USUG12303881,"1,269",42,939627795,67381,127728248,87,371522364,3979062,47277,42074581,265186570,596597973,61,26883,216,65,10250543,23,6907370,4533,4254554,0
Never Felt So Alone,Never Felt So Alone,Labrinth,2023-04-07,USSM12302165,"1,275",42,269669185,44019,21429823,67,29035288,608532,581320,71546908,531883271,310252051,43,10042,444,23,268315,11,5505845,2665,1595888,0
Baile do Bruxo,Baile do Bruxo,Tropa do Bruxo,2023-09-29,QZWDE2303666,"1,273",42,155915718,26646,24127645,67,76324065,717892,182200,26534406,265917250,9259796,9,23,86,28,3171686,15,12735768,7832,315593,1
Love Me JeJe,Love Me JeJe - Single,Tems,2024-04-25,USRC12400907,"1,274",42,34621656,4787,53092639,76,8346529,193964,182200,1315,9450,777,104,8241,41,34,563039,83,1495398,339,251413,0
Come & Go (with Marshmello),Come & Go (with Marshmello),Juice WRLD,2020-07-09,USUG12001904,"1,277",42,959313617,180366,25884639,71,135893380,1681113,162507,9358347,37813204,132565766,55,87770,23,18,72159,30,104188774,65410,3451067,1
Mas Rica Que Ayer,Mas Rica Que Ayer,Anuel AA,2023-03-02,QM4TX2320032,"1,278",42,256112908,34370,18181647,67,245635362,1493703,182200,26534406,265917250,71623054,18,14967,122,5,132180,15,4994796,1116,542476,1
Bï¿½ï¿½cane - A COLORS ,Bï¿½ï¿½cane - A Colors Show - Si,Yamï¿,2023-06-01,DEXC82300032,"1,280",42,120595666,37922,4374053,69,73217073,1365919,19000,98120656,730008954,73349188,22,7444,86,6,175058,1,99951,539,3106294,1
all of me,american dream,21 Savage,2024-01-12,USSM12304894,"1,283",42,87111207,20380,29657028,67,4705879,71296,182200,26534406,265917250,18111,7,60,2,6,76615,7,2375480,751,125463,1
Giving Me,Giving Me,Jazzy,2023-03-10,GBUM72206719,"1,284",42,150463218,44298,37322737,67,57191900,289311,98700,19724036,275361521,109250442,55,55943,250,27,1088411,17,31188,365,1009861,0
Attitude (feat. Charlie Wilson & Cash Cobain),Attitude (feat. Charlie Wilson & Cash Cobain),Don Toliver,2024-05-22,USAT22402817,"1,281",42,14204736,2162,41453309,67,4045474,77878,182200,26534406,265917250,19998473,25,1129,13,10,1427143,38,824554,166,854584,1
ýýýýýýýýýýýý ýýýýýýýýýýýýýýýý ýýýýýýýýýý,ýýýýýýýýýýýý ýýýýýýýýýýýýýýýý ýýýýýýýýýý - Single,Jazzdauren,2024-03-01,RUAGV2400963,"1,287",42,2902263,968,474517,56,77405121,532621,182200,304392,10302500,98142716,11,8,86,15,237120,17,12735768,7832,904938,0
TV,Guitar Songs,Billie Eilish,2022-07-21,USUM72213724,"1,285",42,572602278,80064,39873526,76,115201405,1469402,11434,17523049,104843270,2139270640,53,5214,33,33,1444349,14,4031121,8582,1521109,0
But Daddy I Love Him,THE TORTURED POETS DEPARTMENT,Taylor Swift,2024-04-18,USUG12401033,"1,286",42,154819909,3535,21565868,76,10014516,120378,182200,26534406,265917250,98142716,41,5954,86,5,52934,59,4441601,3123,67086,1
Tiroteo - Remix,Tiroteo (Remix),Marc Seguï¿,2021-04-01,USWL12100143,"1,288",42,654941874,83163,29637614,75,556407060,2672779,97077,17542951,187609192,19169168,65,26498,15,34,347762,22,335231,2375,2646335,0
pushin P (feat. Young Thug),DRIP SEASON 4EVER,Gunna,2022-01-07,QMCE32200039,"1,291",41,368155242,125521,25605777,65,99364654,1057381,3477,2277982,17698609,234160263,59,94466,1152,25,560118,32,32428873,18612,652382,1
Love Lee,Love Lee,AKMU,2023-08-21,KRA402300033,"1,294",41,72468277,10736,4247248,65,143446620,1074996,578162,105772835,1060502179,564698812,10,2373,86,2,211572,18,18149,94,257725,0
Jump,TYLA,Tyla,2024-03-01,USSM12308661,"1,295",41,95341415,10243,123617533,77,10759752,345092,182200,26534406,265917250,193314741,83,13371,181,61,2010236,85,1121337,1297,640594,0
fantasmas,fantasmas - Single,Humbe,2023-11-20,MXH912300041,"1,296",41,88072335,6388,10711840,67,70685035,1063539,434100,101185703,825658316,173954035,14,207,86,15,6092408,1,437481,2105,859637,0
Basit Numaralar,Basit Numaralar,Zerrin ï¿½ï¿,2023-08-04,TRBTU2300129,"1,299",41,57370965,7149,2238082,58,215435066,698761,203800,7122446,297307993,292835488,8,10610,86,2,1567770,17,12735768,7832,714127,0
Karma,Midnights,Taylor Swift,2022-10-21,USUG12205717,"1,297",41,777305444,47435,45285568,75,97902815,1779726,219236,112157506,937766809,547684661,63,31306,405,18,2515239,45,59480642,30027,1124725,1
The Painter,The Painter - Single,Cody Johnson,2023-08-11,QMCQK1900300,"1,298",41,107754524,16004,19123002,66,11577220,74756,52374,6216569,53554260,606141627,25,137184,6,4,89113,19,43933514,4975,332849,0
Chiky Boom,Chiky Boom,Paylon,2022-11-18,ES5052200746,"1,300",41,41254,14,769,1,593750417,773861,182200,26534406,265917250,98142716,28,1,86,15,237120,17,12735768,7832,854584,0
Me & U,Me & U,Tems,2023-10-05,USRC12302300,"1,306",41,100830964,24220,30274256,67,48323636,580854,1093,3894192,32857211,47720229,79,45835,132,29,687850,85,8257582,1714,1015276,0
Vista Al Mar,Vista Al Mar,Quevedo,2022-09-09,ZZOPM2239784,"1,303",41,511726944,74845,23960314,68,182250623,931096,91068,14320250,193905770,632374,15,12969,86,15,49325,46,636907,315,596476,0
Imagine,Imagine,Carbonne,2024-05-03,FR9W12422486,"1,301",41,35864342,3113,9735703,77,11599115,162098,182200,26534406,265917250,98142716,18,3813,86,26,18492883,5,12735768,7832,356367,0
CRAZYZ,Pa las Baby's Y Belikeada,Fuerza Regida,2023-10-20,QZ9QQ2300772,"1,314",41,202633616,12683,18918954,78,117472301,623131,182200,172878,1541896,84907151,11,19,86,14,1870596,7,8147122,2211,564296,1
Like Crazy,FACE,Jimin,2023-03-24,USA2P2251865,"1,308",41,1165398518,16425,22818507,84,139608215,4239579,20340,5827931,25133495,252370542,20,7682,12,38,10012693,2,34061208,1010,830091,0
What It Is (Solo Version),What It Is (Versions),Doechii,2023-03-17,USUG12301967,"1,311",41,308738277,38674,36667220,70,77532151,1140208,772763,103987020,1174579945,1724519,29,1879,1061,13,238695,25,20407479,2818,759382,1
Soak City (Do it),Soak City (Do it),310babii,2023-06-03,QZK6G2375527,"1,310",41,128855739,26723,26216067,65,17779741,246939,599910,159054107,1598512701,283635839,14,1318,1893,3,909981,14,12625658,6542,2066168,1
The Woo (feat. 50 Cent & Roddy Ricch),Shoot For The Stars Aim For The Moon,Pop Smoke,2020-07-03,USUM72013367,"1,319",41,560691819,166545,26349705,65,303897464,2717884,28912,11579283,79349687,13529762,74,141789,103,18,130497,7,60873202,28297,1879880,1
"yes, and?","yes, and?",Ariana Grande,2024-01-12,USUM72400101,"1,320",41,416813996,2906,4683812,67,148269610,1257935,182200,26534406,265917250,98142716,47,81358,86,8,4878007,17,12735768,7832,854584,0
Take You Dancing,Nu King,Jason Derulo,2024-02-16,USAT22400743,"1,317",41,239850720,32312,13259481,67,148269610,1257935,182200,26534406,265917250,98142716,1,5954,86,15,237120,1,12735768,7832,7637698,0
Stereo Love (TikTok Remix),Stereo Love (TikTok Remix) - Single,DJRemixGod,2024-04-30,QZYFZ2414978,"1,322",41,348676476,4,7,67,148269610,1257935,182200,26534406,265917250,98142716,28,5954,86,15,237120,17,12735768,7832,854584,1
Stuck with U (with Justin Bieber),Stuck with U,Ariana Grande,2020-05-08,USUM72009644,"1,321",41,1120501187,116269,56772519,73,433277837,6197761,273464,84906720,561421880,506930449,154,124491,86,65,657287,33,70398511,27283,4103756,0
she's all i wanna be,she's all i wanna be,Tate McRae,2022-02-04,USRC12103120,"1,324",41,452628341,58658,18026092,71,107628561,1112016,47261,27518167,230696336,3056489157,90,288272,671,21,636104,42,57361268,9352,2526560,0
Oh My God,30,Adele,2021-11-19,USSM12105973,"1,327",41,562200390,66469,27321505,68,175552661,2085739,53453,28692207,324045421,3501820871,143,203961,150,36,1269793,35,69857344,26946,3418829,0
Leave Out All The Rest,Papercuts,Linkin Park,2024-04-12,USWB12401901,"1,329",41,270590102,4,4,67,148269610,1257935,182200,26534406,265917250,98142716,28,5954,86,15,237120,17,12735768,7832,1782705,0
I AM,I've IVE,IVE,2023-04-10,QM4TX2337764,"1,326",41,269067890,20356,8290715,71,256133933,2369761,103447,53293582,473159481,576651305,34,4050,30,2,4892,25,498947,2286,523507,0
Midnight Sky,Midnight Sky,Miley Cyrus,2020-08-14,USRC12002653,"1,323",41,629372240,86326,19484618,66,301362454,2670514,59565,33434126,286126363,37277534,199,431736,130,76,497102,66,46663846,18489,4783852,0
"Earth, Wind & Fire",HOW?,BOYNEXTDOOR,2024-04-15,USA2P2409361,"1,328",41,15434400,1054,10955415,67,51593380,370143,182200,983067,4691841,948223,10,232,86,4,21804,26,9197,71,39073,0
Andrea,Un Verano Sin Ti,Bad Bunny,2022-05-06,QM6MZ2214893,"1,335",41,432885913,51912,12241438,71,321888868,1818193,575000,152132878,1232405599,20330597,14,2673,42,2,200870,6,17790574,5179,901897,1
Dï¿½ï¿½,Dï¿½ï¿½,Teya Dora,2023-03-22,FRX202362720,"1,332",41,125289731,25929,2777533,65,150869846,2405158,311288,69237529,855679980,2968009,20,1302,86,5,2700,17,12735768,7832,6583285,0
Tenho Que Me Decidir,O Cara Do Momento,MC PH,2023-11-29,BXG6R2301027,"1,334",41,111408880,17345,11402769,67,92538511,602552,182200,26534406,265917250,448644270,13,10,86,20,593174,13,463,7832,234008,1
Wunder,Wunder,AYLIVA,2024-04-26,DEA622401272,"1,336",41,47364546,3863,15268731,77,11650472,163940,182200,26534406,265917250,31086179,20,7361,86,15,9170707,32,12735768,7832,223239,1
On BS,Her Loss,Drake,2022-11-04,USUG12208600,"1,333",41,253540951,82934,17735363,67,22665894,368326,144311,72901216,494336128,24050,17,1,25,2,136913,18,13857732,3847,508529,1
Marlboro Remix,Marlboro Remix - Single,Unknown,2024-06-07,QZNWT2471497,"1,343",41,239850720,32312,13259481,67,148269610,1257935,182200,26534406,265917250,98142716,28,5954,86,15,237120,17,12735768,7832,504979,0
Love Again,Love Again,The Kid LAROI,2023-01-27,USSM12211461,"1,342",41,215466975,44476,12164093,62,28993149,455224,21208,3567265,65897455,15043035,44,140425,1410,22,107491,11,18081156,11986,982555,0
LAGUNAS,LAGUNAS,Peso Pluma,2023-06-22,QM7282306255,"1,339",41,301396080,23886,6601410,74,85636375,455525,133500,29951984,232731548,98142716,7,66,86,4,1187237,2,8892991,5881,728319,1
Narcotics (with Bryant Myers),Narcotics (with Bryant Myers),Dei V,2023-09-14,QZWA32200363,"1,344",41,154018930,23281,12418680,73,107103779,554779,116800,23928767,207698391,232597558,13,63,86,6,57221,1,730651,611,477640,1
Linea del Perreo (feat. Dj Kiire),Linea del Perreo (feat. Dj Kiire) - Single,Uzielito Mix,2023-12-12,GXBAV2380562,"1,341",41,99086405,7282,12667815,67,128889809,1469572,182200,533,7595,2020559168,3,323,259,2,46085,4,12735768,7832,230815,1
The Feels,The Feels,TWICE,2021-10-01,US5TA2100080,"1,346",40,431638330,43727,10543105,66,564641494,7674539,641703,351794036,2323894242,91545454,33,10156,174,7,164797,37,2078193,4119,910474,0
Oh U Went (feat. Drake),BUSINESS IS BUSINESS,Young Thug,2023-06-23,USAT22306750,"1,347",40,112624663,43943,22872664,64,23464236,338591,6483,3366841,39562107,176394247,53,75872,261,6,106128,18,15955132,2233,781033,1
Right Now (Feat. Crush),Right Now,Coogie,2023-09-12,KRC712300070,"1,348",40,8163960,3228,1162003,67,15456128,110317,1609250,66774561,651176298,98142716,2,941,86,15,237120,17,1118,7832,163568,0
Burn,VULTURES 1,Kanye West,2024-02-09,QZ7XS2400009,"1,349",40,147150985,20185,6611833,67,3917468,41465,182200,26534406,265917250,98142716,6,2138,86,4,32135,2,12735768,7832,46704,1
Ronald,Ronald,Falling In Reverse,2024-05-07,USEP42414003,"1,357",40,17589316,3463,4194033,72,11826358,390500,182200,26534406,265917250,11245138,9,355,2,11,342056,15,982836,1163,168164,1
Ballena,Ballena,Vulgo FK,2023-07-13,BRRGE2300535,"1,354",40,174583156,28303,9617276,66,160585664,1054820,40600,14352909,181541988,7893205,20,17,86,23,288762,15,12735768,7832,183816,0
one of wun,One of Wun,Gunna,2024-05-10,USAT22403358,"1,356",40,239850720,32312,13259481,67,148269610,1257935,182200,26534406,265917250,98142716,75,33,86,11,1437678,25,3744132,573,172720,0
Beautiful Mistakes (feat. Megan Thee Stallion),Beautiful Mistakes (feat. Megan Thee Stallion),Maroon 5,2021-03-03,USUM72103449,"1,362",40,730200775,93856,28511210,71,313682727,2530483,41956,7430636,79067338,771573964,156,2388,150,31,194403,53,189021941,41851,4208553,0
Cynical,Cynical,twocolors,2023-06-30,DEUM72307092,"1,363",40,112737954,20339,47189903,41,37013758,255685,1691,12949,119315,77922145,26,154407,38,43,1568135,24,1933,8,1934390,0
These Words,These Words,Badger,2024-04-05,GBARL2400375,"1,360",40,57562320,9301,84272492,78,2769869,33766,182200,26534406,265917250,98142716,50,6714,86,47,1691813,44,67746,193,314122,0
Vida Gangster,Vida Gangster,Lauty Gram,2022-12-08,QZW9M2268068,"1,358",40,105604106,20571,4824421,56,161745200,938841,1776600,145856351,1721191403,774814,28,178,86,3,3434,1,12735768,7832,329440,1
For My Hand (feat. Ed Sheeran),"Love, Damini",Burna Boy,2022-07-01,USAT22204903,"1,366",40,264048274,62386,29271052,65,170657868,1096724,730640,21294580,377028109,5777003369,89,30156,86,13,83804,27,5182492,1615,2763102,0
Cowgirls (feat. ERNEST),One Thing At A Time,Morgan Wallen,2023-03-03,USUG12300827,"1,371",40,266560481,31680,27441895,81,40534712,139755,47800,8320521,103569548,613036800,26,31216,24,15,7631939,48,82896740,25969,357979,0
'Til You Can't,'Til You Canï¿½ï¿½ï¿½t / Longer Than S,Cody Johnson,2021-06-11,QMCQK1900137,"1,364",40,258769609,48619,12448112,68,145224400,822234,91112,11065564,116117655,629045388,37,332754,146,2,237120,29,177004719,37010,1449353,0
Hass Hass,Hass Hass - Single,Diljit Dosanjh,2023-10-27,INW262318603,"1,370",40,106514756,10191,8686387,70,148785957,1400528,182200,982,15940,252982308,13,2009,86,2,10573,37,12735768,7832,289631,0
LDR,LDR,Shoti,2022-08-27,QZNWS2249445,"1,365",40,37027643,5646,1050088,57,592859063,1724454,74737,5398232,70116244,11009395,1,5954,86,15,237120,17,12735768,7832,44360,0
"Kaavaalaa (From ""Jailer"")","Kaavaalaa (From ""Jailer"")",Shilpa Rao,2023-07-06,QMBZ92319256,"1,373",40,94518210,5151,4767067,61,280887419,2258912,85339,4825083,100368952,274693,6,301,86,15,237120,16,838,7832,185739,0
Me or Sum (feat. Future & Lil Baby),Me or Sum (feat. Future & Lil Baby) - Single,Nardo Wick,2021-11-29,USRC12103471,"1,374",40,169074195,77071,7941140,59,121560768,904837,79231,28448143,214484764,425940516,27,68575,96,8,443521,9,44007637,10221,1161965,1
LA NOCHE DE ANOCHE,EL ï¿½ï¿½LTIMO TOUR DEL M,Bad Bunny,2020-11-27,QMFME2066840,"1,376",40,990189999,120639,37168821,71,354318464,2521106,183400,27563213,229672086,4102070,134,34273,81,71,2794787,49,87824752,17737,1742777,0
Fuk Sumn,VULTURES 1,Kanye West,2024-02-09,QZ7XS2400010,"1,375",40,120079689,21002,57426798,67,1915309,53533,182200,1300000,7100000,98142716,6,191,86,9,77600,17,12735768,7832,173216,1
Billete Grande (En Vivo),Billete Grande (En Vivo),Fuerza Regida,2022-08-02,USDXS2202642,"1,377",40,309329645,30705,7109920,68,368079858,1155888,186700,36054151,375768071,4170331,6,4,3,2,15037,8,32590362,5354,1175463,0
Charm,Charm (Sped Up),Rema,2023-04-26,NGA3B2314006,"1,387",40,111124873,35929,7199181,65,103077029,789321,266204,24751762,291086000,38712452,64,9139,34,19,658689,20,638711,837,2072597,1
prove it,prove it,21 Savage,2024-01-10,USSM12309169,"1,388",40,88224186,19035,10935183,67,22896192,261389,182200,1800000,9100000,5677090,19,3251,31,5,207552,14,7411456,3696,457732,1
Mon Amour - Remix,Mon Amour (Remix),zzoilo,2021-08-18,ES5702101693,"1,381",40,689939531,101479,31506074,72,83908765,706081,1267200,172282438,1903513450,169512,73,83176,86,28,591846,57,374811,1837,3833227,0
"Phir Aur Kya Chahiye (From ""Zara Hatke Zara Bachke"")","Phir Aur Kya Chahiye (From ""Zara Hatke Zara Bachke"")",Sachin-Jigar,2023-05-16,INH102307527,"1,379",40,226109929,11941,13056935,66,290394869,2663583,62,997,19132,87239915,20,853,86,1,1097,11,12735768,7832,854584,0
10 Carros,10 Carros,Chefin,2023-11-23,BCM9A2300098,"1,380",40,92949075,13213,6225367,67,120775698,1007986,182200,427521,2569410,366109913,28,8,86,17,420366,14,12735768,7832,854584,1
The Astronaut,The Astronaut,JIN,2022-10-28,USA2P2230326,"1,382",40,422186660,12509,19653160,79,111977553,5607295,309947,60752690,296725035,243714840,10,17017,86,9,1696802,8,1642033,622,16922782,0
Gogo Dance,SABIDURIA,El Alfa,2022-04-07,QM4TX2261587,"1,385",40,122568157,29662,6577251,64,208114605,1550438,2465021,817858920,9097455103,505317,7,4532,551,3,11224,18,10444115,5832,1211590,1
Komang,Komang,Raim Laode,2022-08-17,SGB502228663,"1,378",40,329763216,16110,3893973,70,98333231,661439,2849800,293982530,3870057710,98142716,7,3265,86,15,237120,17,12735768,7832,108281,0
ýýýýýýýýýýýýýýýýýý (feat. ýýýýýýýýý ýýýýýýýýýýýýýýý & GUNNER),ýýýýýýýýýýýýýýýýýý (feat. ýýýýýýýýý ýýýýýýýýýýýýýýý & GUNNER) - Single,Juepak,2024-04-06,THMOB2412776,"1,393",40,4399533,337,177125,67,62161614,526409,182200,26534406,265917250,98142716,3,115,86,15,237120,17,12735768,7832,15119,0
DARARI,THE SECOND STEP : CHAPTER ONE,TREASURE,2022-02-15,KRA402100151,"1,396",40,224285122,23891,5328396,63,171821740,3263544,3250466,181066454,1829158410,11752273,9,8636,23,15,237120,8,75877,144,869565,0
Ferxxo 100,Ferxxo 100,Feid,2022-06-03,USUM72209716,"1,392",40,444613276,56678,17366565,73,328723503,1532631,115997,13349051,179088549,379795695,29,10234,132,7,3362387,7,3312988,3813,872227,0
No Te Quieren Conmigo,No Te Quieren Conmigo,Gaby Music,2023-12-15,USUM72315218,"1,394",40,138904532,20215,29032126,67,39976674,388349,182200,11307,90800,417363,13,5166,86,22,2585657,4,385632,428,540710,0
More than you know,More than you know,NoSpace,2022-07-25,QZMEM2268044,"1,397",40,2030,5,33,2,679269509,4540153,182200,26534406,265917250,343047125,28,4,86,15,237120,17,12735768,7832,5,0
B.O.T.A. (Baddest Of Them All) - Edit,B.O.T.A. (Baddest Of Them All) / Move To The,Eliza Rose,2022-06-15,QZAKB2166405,"1,389",40,325902688,119047,39606593,70,1958012,26829,72700,15284294,127015419,9060,90,84205,86,45,328312,62,150099,1128,854584,0
Chatak Matak,Chatak Matak,Renuka Panwar,2020-12-19,INT502012314,"1,391",40,24806000,1588,347235,54,1101262266,4034311,677800,3453758,95059447,1919497,1,5954,86,15,237120,17,12735768,7832,54406,0
Cooped Up (with Roddy Ricch),Cooped Up,Post Malone,2022-05-12,USUM72208020,"1,401",40,327011836,76622,17496536,62,116596146,1210310,40813,17826536,258017332,3152743343,38,117371,718,10,159166,42,18866959,7049,1443587,1
FINA,nadie sabe lo que va a pasar maï¿½ï¿,Bad Bunny,2023-10-13,QMFME2364183,"1,398",40,226576178,32219,19829075,78,37510571,455214,4562,10845422,92737977,29122,31,3898,67,13,661964,11,5226528,1565,335905,1
Come back to me,Come back to me,RM,2024-05-10,USA2P2421306,"1,400",40,44991905,1389,24249059,84,14842438,2098992,31300,26534406,265917250,124294603,16,393,86,15,621509,8,224802,38,58013,0
Whatsapp (Wassam),Whatsapp (Wassam),Gunna,2024-05-03,USAT22403299,"1,404",40,20011325,3854,12725358,67,4032820,99526,182200,426700,4100000,1563442,24,159,19,9,1424126,26,410332,91,44393,1
3:15 (Breathe),3:15 (Breathe),Russ,2021-05-21,TCAFO2147109,"1,406",40,303510160,72865,7583638,72,153123397,1415230,2651150,208703319,2457741991,6126413,3,895,24,15,237120,17,6227767,8443,1253652,1
Love Me Again,Layover,V,2023-08-11,USA2P2339030,"1,402",40,626153696,13455,18636467,82,95442324,4491977,213624,54975210,335526234,166154392,7,3016,19,16,2070072,8,3209084,366,377532,0
Down Under (feat. Colin Hay),Down Under,Luude,2021-11-19,AUDCB1701966,"1,403",40,315606874,125064,22299331,60,43371856,337831,138126,79193751,952538696,116834392,53,39143,86,16,183454,28,312310,577,2008349,0
Push Up - Original Mix,Push Up - Single,Creeds,2022-12-21,NLCK42223782,"1,409",39,83801298,78156,5245976,58,6012738,158095,28000,10568923,162010933,98142716,18,6228,86,4,9555,17,45687,491,2821192,0
Novo Balanï¿½,Dos Prï¿½ï¿½dios De,Veigh,2023-05-19,QZMWW2396002,"1,408",39,258439807,33493,8747668,69,175669334,1312815,182200,26534406,265917250,19051961,16,5954,86,18,550977,18,12735768,7832,237669,1
Goosebumps - Remix,Goosebumps (Remix),Travis Scott,2021-01-15,USSM12100202,"1,410",39,767502068,142094,65054729,70,144061936,1059407,176005,43689472,505442832,97598122,169,175719,260,96,1602641,35,12735768,7832,4082559,1
Die For You,SMITHEREENS,Joji,2022-11-04,USWB12203732,"1,412",39,363300065,74276,30821017,71,77291326,1109516,119854,41196230,352701529,6842555,36,20078,30,6,275763,13,2553943,1561,601440,0
SC-9,SC-9,Yahir Saldivar,2024-02-01,QZDA52413180,"1,415",39,63296147,2994,12621491,64,57626164,476570,182100,1797826,19883744,131556241,2,7,31,15,237120,3,2824792,2959,472289,1
My Head & My Heart,Heaven & Hell,Ava Max,2020-09-18,USAT22007121,"1,413",39,518293446,72376,41025788,69,312305062,2892320,64895,9248105,76367154,757898181,159,303037,593,56,680148,32,152082416,17370,5212093,0
Accendio,IVE SWITCH,IVE,2024-04-29,QM4TX2478221,"1,418",39,12367963,1027,749609,72,33432764,738560,182200,26534406,265917250,98142716,7,102,86,1,91,2,33910,15,30525,0
Deep End,Deep End,Fousheï¿,2020-07-31,USRC12002568,"1,417",39,277505000,76388,9447547,56,126075119,2454637,4256904,332625712,3120170735,224234,108,48728,52,36,1529118,12,14909499,10457,7454274,1
Loosing interest,Missing,Kurochuu,2024-06-09,CA5KR2466576,"1,419",39,43492280,2,2190,4,148269610,1257935,182200,26534406,265917250,98142716,28,5954,86,15,237120,17,12735768,7832,854584,0
Turbo S,PISTOLER POESI OCH SEX,Yasin,2023-02-28,SE5752322602,"1,416",39,2109876,1764,32374,33,435442321,3682385,182200,89,1239,98142716,28,5,86,15,237120,17,12735768,7832,854584,1
30 GRADOS RKT,30 GRADOS RKT,RUNE,2024-06-08,QZNWU2434670,"1,422",39,50652672,2,1670163,67,148269610,1257935,182200,26534406,265917250,98142716,28,5954,86,15,237120,17,12735768,7832,854584,0
Mi Bello Angel,Nata Montana,Natanael Cano,2023-06-30,USWL12301027,"1,421",39,349522530,23359,14819855,76,146063277,734128,8095,9061160,55484022,242792313,19,1264,86,8,1485972,8,8057504,3441,389913,1
Turks & Caicos (feat. 21 Savage),Nostalgia,Rod Wave,2023-09-15,USQX92305198,"1,420",39,79871904,18919,14210017,67,29393085,165299,262,2695609,12375164,77039026,15,1844,30,12,58761,17,11360858,10860,289309,1
Alibi (feat. Rudimental),Alibi (feat. Rudimental) - Single,Ella Henderson,2024-01-12,GBAHS2301557,"1,426",39,78096380,7999,76558923,67,7982763,75106,182200,26534406,265917250,132719358,56,67820,48,62,26160126,44,8273,28,886709,0
Everybody (feat. Lil Uzi Vert),Pink Friday 2,Nicki Minaj,2023-12-08,USUM72318698,"1,425",39,114947522,20245,36960349,67,16861339,252500,182200,26534406,265917250,173158285,24,22363,476,20,4484645,54,8366917,8436,713489,1
I LUV IT (feat. Playboi Carti),I LUV IT (feat. Playboi Carti),Camila Cabello,2024-03-27,USUG12401760,"1,428",39,78537688,7391,23509446,67,15545498,390430,182200,26534406,265917250,178030387,56,5626,30,20,2216295,18,365178,596,361969,1
Doctor (Work It Out) [feat. Miley Cyrus],Doctor (Work It Out) - Single,Pharrell Williams,2024-03-01,USSM12400672,"1,435",39,40447209,4358,14370644,67,20161600,421776,182200,215200,4614000,330815319,54,44782,50,60,6620644,13,947387,232,366242,0
Lonely (with benny blanco),Lonely (with benny blanco),Justin Bieber,2020-10-16,USUM72019170,"1,431",39,820172575,119464,35423440,66,236628412,5627099,42444,26272592,261554607,193665492,152,189979,246,40,1388976,38,48337267,39809,3795632,1
Hold On,Hold On,Justin Bieber,2021-03-05,USUM72102322,"1,433",39,749776475,98447,21788917,65,255815308,3672693,48025,27478023,250017692,303917292,129,162314,32,225,458830,33,90646001,13910,1953031,0
Modo DND,Modo DND,Xavi,2023-10-28,USA2P2352296,"1,437",39,186482379,11318,9655843,67,123373203,596064,182200,26534406,265917250,960027238,2,123,86,10,2327932,1,3940214,1341,316408,1
THANK GOD,UTOPIA,Travis Scott,2023-07-28,USSM12305005,"1,440",39,159483318,53828,5159560,68,22293256,275511,2957,360654,3252732,1602,14,160,86,3,67246,10,600074,528,301658,1
Home,Home,Edith Whiskers,2020-10-16,GBVHN2000009,"1,441",39,382143321,98433,18158287,65,97046738,1206503,3427248,1773657538,12626614888,11006,7,116,176,5,100685,17,1117990,2788,3370245,0
One Of Your Girls,Something To Give Each Other,Troye Sivan,2023-10-13,AUUM72300179,"1,443",39,222373201,24491,38080713,67,31161634,637860,58124,63927414,568978171,1674766604,50,31410,144,36,1130992,37,553799,1079,556768,0
Tell Em,Tell Em,Cochise,2021-05-28,USSM12103018,"1,442",39,499262863,156928,20525072,70,131002845,1651190,210388,100113236,685647449,16171132,22,272,53,7,67108,17,3380486,9659,3065126,1
Close Eyes,Close Eyes,DVRST,2021-02-01,QZHN82186053,"1,448",39,495840131,118862,32562324,70,387463291,5208321,449015,241463961,2643309542,29716281,27,1608,86,4,83840,2,5168428,5733,3204964,1
Mr Pot Scraper,Mr Pot Scraper - Single,Bossman Dlow,2024-02-23,USQX92400597,"1,446",39,19565712,3586,6501678,67,32474495,238892,182200,7618281,51520600,189230651,16,26,128,5,129440,10,2831222,2605,271898,1
LA DURANGO,LA DURANGO,Peso Pluma,2024-05-09,QM6N22400640,"1,447",39,42032763,2684,48467220,79,12120768,209919,182200,26534406,265917250,2297932,28,17,86,7,1333180,25,1015922,311,79826,1
El Hijo Mayor,El Hijo Mayor - Single,Junior H,2022-05-20,USWL12200441,"1,450",39,357445095,30881,19190261,71,402629804,1360903,237800,53362153,717809876,7535944,6,10,86,4,155594,5,5916348,4154,686504,1
LA FAMA,LA FAMA (feat. The Weeknd) - Single,ROSALï¿½,2021-11-11,USSM12107750,"1,453",38,459476092,79169,20678333,69,301677718,2245842,55272,38358977,399821879,462649059,87,63710,464,46,1485067,45,3528286,5647,3574604,0
TIL FURTHER NOTICE,UTOPIA,Travis Scott,2023-07-28,USSM12305020,"1,451",38,133152051,55843,7668430,71,10008757,138349,2927,964979,7150381,2984,8,41,86,4,113267,17,622713,531,478358,1
"Poblado (feat. Crissin, Totoy El Frio & Natan & Shander) [Remix]",Poblado (Remix),J Balvin,2021-06-18,QZ5BF1600040,"1,454",38,347951927,60696,17980948,61,597413972,2596959,26000,6485132,91298035,169301786,78,21323,9,17,1666687,29,31517568,6884,1143010,0
LOKERA,LOKERA,Rauw Alejandro,2022-07-25,USSD12200700,"1,452",38,656416971,74344,55382119,75,58769088,325798,293693,109562958,1039707434,98142716,75,35346,249,29,2015748,47,33566910,4454,1394827,1
cardigan,folklore,Taylor Swift,2020-07-24,USUG12002836,"1,458",38,1307283069,94169,67796903,80,250157022,3792791,1470630,374412871,2941268049,280717147,131,54624,11,104,361732,85,21437551,24674,4686324,0
Namas Today - Original Version,Mountains of Gods,CA3RD,2022-09-26,DELM42201660,"1,460",38,239850720,32312,13259481,67,602334197,1211320,182200,26534406,265917250,98142716,28,1,86,15,237120,17,12735768,7832,854584,0
Popular,Popular,The Weeknd,2024-02-22,USUMV2302771,"1,459",38,811545581,1,65,67,148269610,1257935,182200,26534406,265917250,98142716,28,5954,86,15,237120,17,12735768,7832,854584,1
King Shit,Leo,Shubh,2024-01-05,QMFMG2357540,"1,455",38,84030576,4988,9741006,71,107773139,1537321,182200,26534406,265917250,236248537,14,175,86,2,6948,11,31686,27,205897,0
LA INOCENTE,Microdosis,Mora,2022-04-01,QM4TX2252954,"1,461",38,736983718,92256,38659924,76,97778011,619019,343800,74611902,559279404,98142716,42,20516,48,21,10512345,36,2465152,1503,1849683,1
Chicago Freestyle (feat. Giveon),Dark Lane Demo Tapes,Drake,2020-05-01,USUG12001407,"1,462",38,763384135,200270,32837352,72,182844852,1503848,1215,958715,5371997,358952,61,146,14,25,174131,10,80929321,36854,1880744,1
Johnny Dang (with Paul Wall & DRODi),Johnny Dang (with Paul Wall & DRODi),That Mexican OT,2023-05-26,USUG12303409,"1,466",38,128049237,42334,16862073,68,66669093,735494,88738,19391143,184180412,334108232,25,15193,45,1,5942,16,16468902,11354,847635,1
S-Class,5-STAR,Stray Kids,2023-06-02,US5TA2300034,"1,465",38,207857363,14268,6924859,70,202184485,3376954,237706,290304541,1571240092,84759058,20,1339,15,4,41620,32,1530163,2801,452274,0
GASLIGHT,GASLIGHT,INJI,2022-04-14,QZHN32201081,"1,463",38,17756452,8421,1500039,48,1602919,27727,4400171,260882262,5068567775,98142716,1,267,56,15,237120,17,29804,7832,186114,1
Die Young (feat. 347aidan),Die Young (feat. 347aidan),Sleepy Hallow,2022-05-25,USRC12201686,"1,464",38,245406516,75951,9524862,60,53569545,636003,40000,11956224,85005540,285531054,12,4801,80,8,48742,3,2858516,4884,358116,1
Can't Tame Her,Can't Tame Her,Zara Larsson,2023-01-26,USSM12210918,"1,473",38,159051363,31456,22058380,62,36559555,374415,322832,13209435,214685378,8110915,62,181938,140,26,289676,14,482317,425,1293372,0
Se Grita,Reinsertado,Morad,2023-05-12,QM6N22330624,"1,474",38,142131977,47009,7163568,69,81587375,506426,137704,28652947,274170598,98142716,10,2627,86,8,708924,11,1115,9,1158542,1
HYAENA,UTOPIA,Travis Scott,2023-07-28,USSM12305004,"1,468",38,137071285,47247,5437356,68,16951175,234706,2104,740328,5731192,98142716,9,360,86,7,130827,10,322160,629,105824,1
KICK BACK,KICK BACK,Kenshi Yonezu,2022-10-12,JPU902203702,"1,469",38,360816226,61627,7633366,70,171459970,1769697,242682,120113199,1353881739,539775263,35,2928,86,8,54591,4,880678,2564,486018,0
M.A.I,111,Milo j,2023-11-30,UYB282384010,"1,471",38,163958167,12417,15958224,76,86105258,868068,182200,327781,1805126,655485361,2,156,86,11,7137853,1,15146,81,478702,0
Tu hai kahan,Tu hai kahan,AUR,2023-06-10,QZMEM2351612,"1,472",38,218471293,16445,7312501,72,218599817,4720491,182200,26534406,265917250,881188488,4,290,86,2,1475,6,12735768,7832,517594,0
Danza Kuduro - Cover,WORK OUT MUSIC MIX,WORK OUT GYM - DJ MIX,2023-10-20,TCJPX2359315,"1,478",38,1642258500,9,49,67,148269610,1257935,182200,26534406,265917250,98142716,28,5954,86,15,237120,17,12735768,7832,854584,1
Truth or Dare,TYLA,Tyla,2023-12-01,USSM12308650,"1,480",38,91143676,13407,30382319,77,31174494,570689,629,8970312,95419062,3467570606,58,49386,226,41,380101,32,5215909,2625,704867,0
Rasputin,Rasputin,Majestic,2021-02-26,DEE862100256,"1,481",38,613000788,152363,73448130,73,68681033,645892,523,88996,1560809,98142716,124,134879,86,98,2668695,37,4694082,3303,3038650,0
Say It Right (Dance),"This Is MELON, Vol. 1 (Dance)",MELON,2023-02-24,ZZOPM2342003,"1,479",38,3119521,560,10301672,30,436426901,1220159,182200,26534406,265917250,98142716,1,1,86,3,167042,17,486,7832,854584,0
ýýýýýýýýýýýý,Bibbidiba - Single,Hoshimachi Suisei,2024-03-23,JPV752408464,"1,482",38,21255074,1754,3985309,70,60877749,97240,477,553713,5326500,9849140,2,38,86,1,7336,7,12735768,7832,41209,0
Show Time,Show Time,SUPER JUNIOR,2024-06-11,KRA302400197,"1,491",38,239850720,31,2988530,39,3657483,57391,305,26534406,265917250,98142716,2,7,86,1,337935,16,37,7832,303,0
X ESO BB,X ESO BB,Jere Klein,2023-08-10,UYB282393001,"1,484",38,124155654,18514,4998854,66,172727223,201753,182200,26534406,265917250,175089061,3,2617,86,7,6634256,17,7227,12,137962,1
Where Did You Go? (feat. MNEK),Where Did You Go?,Jax Jones,2022-01-26,GBUM72108841,"1,488",38,389547230,65208,36265310,70,50898391,293996,20557,6446277,124607839,2459024747,114,268879,255,59,1434573,51,1397531,1037,3930598,0
Despuï¿½ï¿½s de la P,Un Verano Sin Ti,Bad Bunny,2022-05-06,QM6MZ2214876,"1,493",38,542751537,67763,20306682,71,195610806,1623280,228878,87866614,803525888,22535103,28,18652,129,6,288649,17,27807712,14924,1359456,0
Asiwaju,Asiwaju,Ruger,2022-11-14,GBARL2202349,"1,498",38,108133711,34390,4480387,18,122293855,619448,1000047,13992725,173486714,9267087,35,6133,22,12,585409,19,1287462,335,2409680,1
Sticky,"Honestly, Nevermind",Drake,2022-06-17,USUG12204888,"1,492",38,253177498,83779,16621189,66,79370407,913062,141579,62240027,612598555,99651539,40,2011,826,10,190743,23,28529396,12106,1006549,1
Mahiye Jinna Sohna Slowed + Reverb,Mahiye Jinna Sohna Lofi Remix,Darshan Raval,2023-07-27,INW262317919,"1,502",38,1843453,311,174474,35,1914601,25616,2000000,13668109,236654614,98142716,28,5954,86,15,237120,17,137,7832,854584,0
hey! hey!,hey! hey! - Single,TWS,2024-06-05,USA2P2428743,"1,499",38,1010608,109,3531295,67,8768054,138917,182200,26534406,265917250,163762,10,41,86,15,237120,17,950,7832,3645,0
Sweetest Pie,Sweetest Pie - Single,Megan Thee Stallion,2022-03-11,QMCE32200232,"1,500",38,359563711,50913,44666984,64,129735943,1701169,9283,3216719,35564746,4873958099,51,276136,1460,26,169737,62,23711164,9159,1702634,1
GMFU (w/ 6arelyhuman),GMFU (w/ 6arelyhuman),Odetari,2023-07-26,QZVFR2301503,"1,503",38,199444237,31285,5660364,72,26054503,411659,137100,26294743,178981870,98142716,1,5954,86,2,11655,8,1000492,67,716415,1
SKITZO,UTOPIA,Travis Scott,2023-07-28,USSM12305016,"1,513",38,97901897,49313,5181004,66,12456826,187457,214,42159,540963,98142716,6,28,86,2,15118,17,732313,445,176850,1
Friendly Fire,Friendly Fire,Linkin Park,2024-02-23,USWB12400280,"1,505",38,27605207,4232,10396816,8,9695623,443958,182200,26534406,265917250,1904859814,16,58575,97,17,10909859,19,3428351,481,343192,0
Niï¿½ï¿½a Bo,Niï¿½ï¿½a Bo,Feid,2023-04-21,USUM72305943,"1,508",38,237741410,39503,20043997,61,86652111,676137,314300,33678445,411538350,10320009,37,22112,130,32,499187,13,3040416,525,482221,0
SkeeYee,Hood Hottest Princess,Sexyy Red,2023-06-09,QZQAY2395569,"1,510",38,96289114,24566,8733511,67,33861736,296191,522400,159504238,1094402576,102011912,21,6030,884,2,11894,34,5800021,21418,614711,1
"Annihilate (Spider-Man: Across the Spider-Verse) (Metro Boomin & Swae Lee, Lil Wayne, Offset)",METRO BOOMIN PRESENTS SPIDER-MAN: ACROSS THE SPIDER-VERSE (SOUNDTRACK FROM AND INSPIRED BY THE MOTION PICTURE),Metro Boomin,2023-06-02,USUM72308539,"1,504",38,199846893,53777,10893828,69,44694805,569158,182200,26534406,265917250,690391,46,380,86,5,140925,25,1444633,9234,649807,0
Midas Touch,Midas Touch,KISS OF LIFE,2024-04-03,KRA382401544,"1,512",38,50824333,2846,15707891,75,42516402,906687,182200,2436617,10253705,98142716,14,5954,70,1,8709,7,31855,119,70507,0
Follow You,Follow You / Cutthroat,Imagine Dragons,2021-03-12,USUM72102981,"1,514",38,412887321,69959,8523570,65,186582105,2209078,50526,14717696,155388095,4985910,101,310438,441,27,398506,31,104559307,17563,4567971,0
ýýýýýýýýýýýýýýýýýýýýýýýý,ýýýýýýýýýýýýýýýýýýýýýýýý - Single,Ptrp Studio,2022-06-02,THSOH2204284,"1,515",38,13219831,3136,395560,45,58017693,793077,4118069,292998461,3165914733,24429988,28,22,86,15,237120,17,12735768,7832,854584,0
Por las Noches,Por las Noches,Peso Pluma,2021-06-11,FR96X2198154,"1,509",38,541105655,34793,10847105,43,580242662,3118669,183100,68355371,616205518,98142716,26,5954,86,1,95169,5,31219953,12776,798096,0
Melhor Vibe,Melhor Vibe,MC Ryan SP,2024-03-20,BRWMB2400319,"1,519",38,39157273,2886,19563551,73,55389635,396508,182200,26534406,265917250,195273347,28,5954,86,20,12880187,19,12735768,7832,854584,1
ýýýýýýýýýýýýýýýýýýýýýýýýýýýýýý,ýýýýýýýýýýýýýýýýýýýýý ýýýýýýýýýýýýýýýýýýýýý ýýýýýýýýýýýýýýýýýýýýý,ýýýýýýýýýýýýýýýýýýýýý ýýýýýýýýýýýýýýýýýýýýý,2023-09-18,THSOH2307725,"1,522",38,456034,14,138,67,247148544,892208,182200,26534406,265917250,98142716,28,5954,86,15,237120,17,12735768,7832,2065,0
Cake By The Ocean - Cover,Western music that excites driving,LOVE BGM JPN,2023-10-24,TCJPX2359697,"1,521",38,1622824522,32312,13259481,67,148269610,1257935,182200,26534406,265917250,98142716,28,5954,86,15,237120,17,12735768,7832,854584,1
Malvadï¿½ï¿,Malvadï¿½ï¿,Xamï¿,2021-11-30,QZNJZ2122225,"1,527",38,270364614,37002,6997751,56,392442440,3560319,1506394,207424238,2428164682,9986869,6,10003,86,27,90277,4,12735768,7832,345849,0
2 Be Loved (Am I Ready),Special,Lizzo,2022-07-15,USAT22203706,"1,525",38,335194737,36991,30514705,62,63109208,453293,116231,87255462,1189348894,2043679941,32,310508,786,33,1463818,17,23408066,4415,854584,1
SugarCrash!,SugarCrash!,ElyOtto,2020-08-25,TCAFB2092742,"1,529",38,364210672,81556,11888277,63,55994716,1363987,4717639,2021221164,18762950045,608899,32,286,418,10,45435,5,5388474,17674,3395161,1
Solo Conmigo,"Fï¿½ï¿½rmula, Vo",Romeo Santos,2022-09-01,USSD12200782,"1,526",38,99640817,9262,7078618,65,242164034,1185939,1600000,24620675,381807302,20716343,8,23342,2,1,68866,21,10389069,2764,838701,0
Paint The Town Red,NOW That's What I Call Music! 116,Doja Cat,2023-11-17,USRC12301935,"1,524",38,239850720,4,225,67,148269610,1257935,182200,26534406,265917250,98142716,28,191588,86,15,237120,17,12735768,7832,854584,0
Dial Drunk (with Post Malone),Dial Drunk (with Post Malone),Noah Kahan,2023-07-18,USUM72308676,"1,533",38,276026602,37445,15016410,79,2065849,27184,31,6248,62794,98142716,20,14487,69,5,263887,41,33078159,7541,843154,1
Danza Kuduro - Cover,ýýýýýý ýýýýýýýýýýýý ýýýýýýýýýýýýýýýýýý - ýýýýýý&ýýýýýý POPS ýýýýýýýýýýýýýýýýýýýýý ýýýýýýýýýýýýýýý -,MUSIC LAB JPN,2023-02-03,TCJPT2289709,"1,724",38,1627429837,1,3,67,148269610,1257935,182200,26534406,265917250,98142716,28,5954,86,15,237120,17,12735768,7832,854584,1
Piscina,Piscina,Maria Becerra,2023-11-08,USWL12302932,"1,532",38,81319633,7972,12644546,6,112905667,433853,56285,12876515,177288152,721505570,10,19380,5,17,797711,25,663889,136,271450,1
this is what falling in love feels like,this is what falling in love feels like (Ramengvrl Remix),JVKE,2021-09-03,GBKPL2163189,"1,531",38,477620800,108333,12027452,72,149501582,5261064,291778,338814084,2841508008,1169610385,21,12776,805,10,629635,2,4569371,14620,2230806,0
Danza Kuduro - Cover,Let's Workout - Best Pop Hits -,WORK OUT GYM - DJ MIX,2023-10-07,TCJPX2356080,"1,536",38,1642258500,5,36,67,148269610,1257935,182200,26534406,265917250,98142716,28,5954,86,15,237120,17,12735768,7832,854584,1
wait in the truck (feat. Lainey Wilson),wait in the truck - Single,HARDY,2022-08-26,QZ22S2200068,"1,537",38,127223430,24922,3869411,63,91145868,519636,17442,3062108,39170264,447081553,26,177709,9,1,71,33,125290585,39973,796363,0
No Es por Acï¿,No Es por Acï¿½ï¿½ - Si,Carin Leon,2022-07-08,QZQMB2102485,"1,543",37,331775657,17727,7678049,51,385663277,785773,57763,2441523,45584468,54,12,6628,115,7,1240927,10,72090563,6474,637447,0
Us Vs Them,Us Vs. Them,$uicideboy$,2024-03-29,QZAPK2000499,"1,545",37,44027794,7604,6627187,67,148269610,1257935,182200,377500,2600000,98142716,3,41,86,2,250,7,722798,684,103487,1
FALTA DE QUï¿½,FALTA DE QUï¿½,Luan Pereira,2024-05-16,BRRGE2400266,"1,541",37,27120441,1557,41022920,77,16048541,164441,182200,26534406,265917250,143621870,3,2,86,29,8662554,15,12735768,7832,8360,0
Left and Right (Feat. Jung Kook of BTS),Left and Right (Feat. Jung Kook of BTS),Charlie Puth,2022-06-24,USAT22205563,"1,542",37,947763871,59942,47877896,72,65306295,1305561,5486,2914991,20119789,98142716,24,171718,1282,1,30007,17,12735768,7832,854584,0
Obsessed With You,Obsessed With You,Central Cee,2021-09-10,ZZOPM2110165,"1,549",37,336889834,130841,9639874,64,173074934,2233120,281988,110366168,1082794692,32968411,35,8361,160,13,89773,17,85206,543,1037984,1
Style (Taylor's Version),1989 (Taylor's Version),Taylor Swift,2023-10-26,USUG12306674,"1,551",37,211462881,15136,20309268,67,19719217,318628,402600,28481462,315337428,98142716,46,13351,86,5,443013,42,8256756,4487,203500,0
The Door,I've Tried Everything But Therapy (Part 1),Teddy Swims,2023-09-15,USWB12302870,"1,548",37,111155129,8444,40989352,80,37550792,381020,2618,284583,5248242,13566277,61,49914,35,35,14880080,34,55552416,7112,816466,0
Gato de Noche,Gato de Noche,ýýengo Flow,2022-12-22,QMFMF2216359,"1,547",37,427842597,59365,26456238,66,103306657,870677,21809,10011741,92071601,843106,27,11285,11,12,2170401,27,19800808,3028,688397,1
Despeinada,Despeinada,Ozuna,2020-09-03,USXDR2000590,"1,555",37,420652971,51117,16617076,63,680176045,2865108,1321300,41495930,490896378,121117333,67,18991,8,18,213074,30,19699364,4392,1165902,0
Runnin,SAVAGE MODE II,21 Savage,2020-10-02,USSM12005346,"1,556",37,653352641,181583,32640138,77,155865473,1851789,32163,9481274,81321613,44602530,47,2096,1,18,65242,16,36081043,11994,1299108,1
Melting,Melting - Single,Unknown,2024-06-10,QZNWU2402635,"1,553",37,239850720,32312,13259481,67,148269610,1257935,182200,26534406,265917250,98142716,28,5954,86,15,237120,17,12735768,7832,289134,0
Hey Driver (feat. The War and Treaty),Hey Driver (feat. The War and Treaty),Zach Bryan,2023-08-24,USWB12304897,"1,552",37,221575551,30798,7204607,78,18831939,103053,64071,6555638,55929921,152205866,27,960,1,15,237120,33,12919853,11157,218001,0
REAL GANGSTA LOVE,EL ï¿½ï¿½LTIMO B,Trueno,2024-05-23,US66W2401066,"1,554",37,31366703,1732,118815213,78,7898813,183210,182200,26534406,265917250,98142716,40,68,86,29,3152493,16,1602,11,80192,1
OKI DOKI,MAï¿½ï¿½ANA SERï¿½ï¿½ BONITO (BICHOTA,KAROL G,2023-08-10,USUG12305254,"1,557",37,221406245,13588,28740850,72,104090438,446840,327346,57209984,622671381,12262598,9,6207,86,6,359069,19,12097407,3504,350493,1
Free Mind,For Broken Ears,Tems,2020-09-25,QMBZ92014864,"1,559",37,155772691,49453,8122764,67,148979688,1059852,345508,87943998,793660172,98142716,90,441814,145,3,10838,37,39057776,49923,3346952,0
favorite crime,SOUR,Olivia Rodrigo,2021-05-21,USUG12101249,"1,564",37,1058390692,110900,40458627,79,168012952,2303100,484906,272858091,1391309287,6804015,50,935,190,18,193186,18,30068132,30931,1174650,0
When You're Gone,When You're Gone,Shawn Mendes,2022-03-31,USUM72204098,"1,562",37,323292046,40626,21320097,71,65239480,885533,19442,13233315,190197488,2968059535,52,344312,799,20,676487,35,35572076,4298,2143760,0
High Road (feat. Jessie Murph),High Road (feat. Jessie Murph),Koe Wetzel,2024-06-07,USQX92401733,"1,558",37,6120999,855,19941200,67,669384,23157,182200,606700,6300900,98142716,33,3,86,1,740,6,160195,292,16033,1
Put It On Da Floor Again (feat. Cardi B),Put It On Da Floor Again (feat. Cardi B) - Single,Latto,2023-06-02,USRC12301450,"1,572",37,60082145,11423,20395049,60,118897128,814796,30200,7097591,48946625,552598201,45,121434,313,11,137945,54,18115642,10438,854584,1
You Should Probably Leave,Starting Over,Chris Stapleton,2020-11-13,USUM72013814,"1,566",37,427605317,56215,12087656,77,116140773,657247,17457,6336873,85185999,185442210,29,183702,80,9,20272,19,449942471,41714,1075951,0
Spicy,MY WORLD - The 3rd Mini Album,aespa,2023-05-08,KRA302300145,"1,570",37,133536914,12910,7751540,63,259267584,1817066,42118,29633431,236752341,529428801,29,2598,12,3,34879,34,297922,297,206236,0
Ya Leil W Yal Ein,Ya Leil W Yal Ein,AL SHAMI,2023-09-20,LBA132301385,"1,574",37,9736339,2164,911622,67,172936554,1148187,299300,12218642,377386323,861319655,4,224,86,15,237120,17,12735768,7832,230257,0
Need It (feat. YoungBoy Never Broke Again),Need It,Migos,2020-05-22,USUG12000098,"1,569",37,328017675,115095,17047436,67,160730418,2090732,12320,9174467,74601136,4588817,31,83,17,13,45029,8,62111222,14429,1285243,1
Le Monde,Talk to Me (Original Soundtrack),Richard Carter,2023-08-04,QMB622321018,"1,568",37,84141101,23465,5042229,62,1453321,28558,664901,204805977,2320937018,98142716,2,3186,86,15,237120,17,86798,291,2508208,0
Un Besito Mï¿½,Un Besito Mï¿½,Salastkbron,2024-03-14,AR5UH2302301,"1,581",37,39026522,4463,10235789,72,52315903,279494,182200,26534406,265917250,98142716,1,306,86,2,6018,13,12735768,7832,32814,0
Ya No Somos Ni Seremos,Ya No Somos Ni Seremos,Christian Nodal,2022-02-18,MXF012200055,"1,580",37,469278591,30545,19963782,76,386430123,2100967,357998,32595231,572889929,7616955,28,15744,281,20,3872499,37,51780341,6375,1140459,0
Macetando,Macetando,Ivete Sangalo,2023-12-15,BKS182300001,"1,575",37,67224922,4356,8794359,67,74438945,466819,385700,34151856,554979736,449065316,13,341,86,21,1034595,21,442,7832,44237,0
Stand by Me,Don't Play That Song,Ben King,2024-01-05,DETT12295003,"1,577",37,1094052047,1,3,67,148269610,1257935,182200,26534406,265917250,98142716,28,5954,86,15,237120,17,12735768,7832,854584,0
Sharks,Sharks,Imagine Dragons,2022-06-24,USUM72205464,"1,579",37,283572432,48772,11144471,65,194184325,1695485,21922,4634496,57932068,2775894927,19,106207,2,17,695682,25,10331428,14684,2027751,0
Teenage Dream,Teenage Dream,Stephen Dawes,2022-06-02,USDA12202749,"1,578",37,170404957,31472,6431843,64,35509290,602329,3024434,111461479,960222096,106270694,1,125,86,2,1978,17,98951,343,600114,0
Igualito a Mi Apï¿,Pa Que Hablen,Fuerza Regida,2022-12-30,QZ9QQ2200167,"1,585",37,316447060,27766,12168890,72,254781747,1096192,182200,26534406,265917250,1170727,27,54,86,5,199071,7,24965083,4579,425924,1
Thunder,Thunder,Gabry Ponte,2021-05-07,ITV952100014,"1,582",37,551090518,146088,68848253,75,159774916,1105668,391,24033,361365,31798902,47,6513,86,37,851965,25,8469326,3654,3084343,0
Thousand Miles,Thousand Miles,The Kid LAROI,2022-04-22,USSM12203367,"1,583",37,299159279,65016,30594262,65,77821012,905318,34658,36740366,393771352,2110846034,50,191286,921,33,236835,15,45001953,12195,1415750,1
STAYING ALIVE (feat. Drake & Lil Baby),STAYING ALIVE (feat. Drake & Lil Baby) - Single,DJ Khaled,2022-08-05,USSM12206682,"1,586",37,204471704,72788,16063916,55,53474695,805089,55353,13223561,154240769,2202657571,41,121514,2223,20,239390,34,39439965,4541,813790,1
Private Landing (feat. Justin Bieber & Future),Private Landing (feat. Justin Bieber & Future),Don Toliver,2023-02-23,USAT22301679,"1,599",37,242528711,57228,39892662,72,31286296,367511,15539,13605648,115624415,211545060,18,54682,198,9,90932,16,4262955,1955,1224483,1
Turn Yo Clic Up (feat. Future),Turn Yo Clic Up (feat. Future),Quavo,2023-07-14,USUG12300051,"1,593",37,70868414,32989,17684550,57,44841616,419069,36900,3924380,48989328,402471185,21,60414,25,8,2682619,29,7582933,3159,771945,1
Chupï¿½,Chupï¿½,El Gudi,2023-08-25,PYC842302802,"1,597",37,126216271,8260,5602330,61,144392606,1240106,381384,195604072,2031974901,360142040,4,673,86,5,4851209,4,12735768,7832,233859,0
Emiliana,Emiliana,CKay,2021-12-03,ZA34K2100657,"1,595",37,223634694,85051,6093468,62,172919874,1244703,725830,57078249,968182145,25823389,80,41200,75,23,1116820,5,6219753,1185,3394423,0
Sonrï¿½ï¿½ele a la ,Sonrï¿½ï¿½ele a la ,DnK,2021-06-25,QZHZ62124573,"1,590",37,3052742,31,1828,10,542279,8653,6159800,19334365,367663104,98142716,28,5954,86,15,237120,17,12735768,7832,52596,0
Life Goes On,BE,BTS,2020-11-20,QMBZ92051791,"1,594",37,717715448,43805,25129169,70,640225413,19718272,899627,211335376,1177171729,246545164,55,23706,86,15,324211,12,2059991,7952,1991071,0
World Hold On - FISHER Rework,World Hold On (feat. Steve Edwards) [FISHER Rework] - Single,Bob Sinclar,2022-07-08,FR4E42227000,"1,592",37,240482615,97818,33219102,62,148269610,1257935,6903,2414970,31265399,98142716,29,23383,86,7,337093,8,18370,510,1067390,0
Cry,Fireworks & Rollerblades,Benson Boone,2024-04-05,USWB12401092,"1,589",37,72952792,5724,21375874,18,9235207,107668,182200,3556100,45173400,47270423,26,2718,38,10,590630,30,5625098,4846,149275,0
Bitch Let's Do It,Richest Opp,YoungBoy Never Broke Again,2023-05-12,USUG12303290,"1,600",37,46368950,20691,2569902,60,69966850,590978,43500,7010363,48621537,395750977,6,1099,86,1,12303,17,8016571,7258,481651,1
I Am Not Okay,I Am Not Okay,Jelly Roll,2024-06-12,USUG12403674,"1,603",37,4522,63,11074150,67,252324,19441,182200,26534406,265917250,98142716,10,1676,86,1,5982846,10,277638,157,7472,0
Move Your Body,Move Your Body - Single,ýýwnboss,2021-10-29,NLZ542101576,"1,606",37,366000029,116490,66103377,71,91180099,918683,107468,82329732,1275662545,85555193,78,55798,288,60,1167910,13,598467,277,4585715,0
Suavemente,Suavemente,Soolking,2022-02-22,FR9KQ2200190,"1,608",37,159676691,53444,4694099,59,328647215,2027788,431385,35999887,535066055,17132645,35,39664,86,29,1390552,14,83453,120,1827296,0
Param Param,""" PARAM PARAM """,NAMES 51,2022-12-05,ITT4X2200015,"1,618",36,239850720,1,2,67,506047842,4334974,182200,26534406,265917250,251180526,28,106,86,15,237120,17,12735768,7832,28,0
Victoriaï¿½ï¿½ï¿½s ,Victoriaï¿½ï¿½ï¿½s ,Jax,2022-06-30,USAT22208037,"1,616",36,161267092,28607,7345512,62,60783794,1205587,269447,80682415,667522423,2425897442,9,234760,1543,2,64490,27,71491331,56598,854584,1
THE SCOTTS,THE SCOTTS,THE SCOTTS,2020-04-24,USSM12002217,"1,614",36,789962731,176635,30767602,68,148269610,1257935,254819,154463305,1077919359,98142716,92,214,86,32,200791,24,32821566,28427,2110028,1
Still With You,Still With You,Jung Kook,2020-06-05,QM6N22094716,"1,610",36,188249146,18003,4851271,72,47301413,809460,182200,26534406,265917250,98142716,3,6,86,2,394861,17,948933,389,1460302,0
Daytona,Partyson,Cris Mj,2023-11-09,QMFME2394931,"1,611",36,139929615,11011,21825739,77,109357722,468447,182200,26534406,265917250,732355469,8,214,86,4,1728236,6,156297,235,209791,1
GODS,GODS,League of Legends,2023-10-04,QZH6S1900802,"1,621",36,147487181,22912,7213431,67,87715392,1215752,182200,26534406,265917250,608010787,3,5954,86,1,538,2,1091406,486,268378,0
Fotos Y Recuerdos (Remasterizado 2024/30th Anniversary),Amor Prohibido (Remasterizado 2024/30th Anniversary),Selena,2024-03-22,USUM72402908,"1,622",36,66283950,13,74994,67,148269610,1257935,182200,26534406,265917250,98142716,1,5954,86,15,237120,1,59665654,10946,854584,0
The Feeling,The Feeling - Single,Lost Frequencies,2023-06-09,BEHP42300013,"1,623",36,130424397,22830,27375823,66,22399278,197819,4013,792073,15548348,54572916,37,153164,86,55,6867747,7,470349,191,1201681,0
Flowers,NOW That's What I Call Music! 115,Miley Cyrus,2023-07-28,USSM12300148,"1,625",36,2010422639,7,185,67,148269610,1257935,182200,26534406,265917250,98142716,28,5954,86,15,237120,17,12735768,7832,854584,0
LUNA,LUNA,Peso Pluma,2023-06-22,QM7282306223,"1,620",36,266623831,21962,6881691,73,113286216,645754,182200,22929405,206748849,1135762683,26,746,86,2,24687,9,17215993,5665,380895,1
i need you it's so dark,The Love Letters You Never Read,Garfy,2020-11-29,QZNWQ2098063,"1,619",36,239850720,32312,13259481,67,148269610,1257935,182200,26534406,265917250,98142716,28,5954,86,15,237120,17,12735768,7832,73300614,0
UN DIA (ONE DAY) (Feat. Tainy),UN DIA (ONE DAY) (Feat. Tainy),J Balvin,2020-07-24,QZM5U2000001,"1,629",36,828608384,93376,34702149,64,459178965,3337302,46200,6399410,54201520,40019408,179,75061,2,82,1285443,62,54579742,22058,3931607,0
Shape of You,Shape of You,xSyborg,2021-02-20,QZLBC2302789,"1,807",36,3888356417,32312,13259481,67,148269610,1257935,182200,26534406,265917250,98142716,28,5954,86,15,237120,17,12735768,7832,854584,0
Pacas De Billetes,Pacas De Billetes,Natanael Cano,2023-05-01,QZ9QQ2300315,"1,634",36,199378491,20550,7148639,66,206543945,1044649,15900,6320515,58160087,202470464,14,11,86,2,17898,2,9475808,1045,253898,1
"Villano Antillano: Bzrp Music Sessions, Vol. 51","Villano Antillano: Bzrp Music Sessions, Vol. 51 - Single",Bizarrap,2022-06-08,UYB282201027,"1,633",36,305438624,54393,11174340,65,320765258,3672582,182200,26534406,265917250,5446011,27,10341,239,8,173006,35,440147,392,625330,1
A La Antigï¿½ï¿,Vamos Bien,Calibre 50,2021-02-05,QM2EJ1500901,"1,636",36,435614687,40685,20251614,67,611062174,2855683,451172,67870968,823863869,6950165,28,12073,285,13,1824707,28,83080877,22637,969111,0
GENTO,Gento,SB19,2023-05-19,PHS112300198,"1,631",36,44345269,4379,1586804,58,48432004,731621,1803137,184924622,1940568487,36077293,6,858,86,15,237120,17,142089,281,139108,0
ýýýýýý,ýýýýýý,YOASOBI,2023-09-29,JPP302300523,"1,643",36,84848838,10799,2566936,71,154044793,1201477,182200,710027,13039709,549624403,9,335,86,1,20798,4,141300,7832,145925,0
ýýndigo,ýýndigo - Single,Camilo,2021-10-13,USSD12100733,"1,637",36,270580897,31024,10428322,60,222946420,3345792,2600000,240518242,2850944965,159830154,49,38074,456,14,206135,65,5334090,2745,953695,0
BABY OTAKU,BABY OTAKU,Pablito Pesadilla,2022-08-18,QM6P42224728,"1,640",36,187646063,31155,5507531,58,45203843,375214,2400511,454397685,5157109090,98142716,13,5297,86,4,119118,20,44806,7832,491748,1
Sarï¿½ï¿½ Perchï¿½ï¿,Viva Italia,Esteriore Brothers,2024-06-07,DEUM72402667,"1,638",36,239850720,32312,13259481,67,148269610,1257935,49400,3245137,53345786,98142716,28,5954,86,15,237120,17,12735768,7832,854584,0
ULTRA SOLO REMIX,ULTRA SOLO Remix,Polimï¿½ï¿½ Westc,2022-06-16,CLPP22200027,"1,641",36,340527913,50714,21161966,67,317404552,2187888,149,1809,24715,272065605,30,14281,172,12,1828696,37,991063,650,636074,0
Next Thing You Know,Next Thing You Know,Jordan Davis,2022-08-12,USUM72213874,"1,642",36,233212999,26694,14934201,71,8294089,77421,75000,26904721,228973807,98142716,29,234707,332,2,2001,23,128659083,13883,608764,0
Faster n Harder,Faster n Harder,6arelyhuman,2024-02-28,QZZ4J2400085,"1,639",36,45351290,6008,7286918,68,28519638,657396,22300,7862317,53668207,98142716,1,5954,86,1,42347,8,324298,565,443299,1
Bongos (feat. Megan Thee Stallion),Bongos: The Pack,Cardi B,2023-09-07,USAT22309427,"1,647",36,97991117,14129,13224135,1,58751482,828387,257757,94111743,956028339,106801454,1,40286,544,11,178313,17,18320558,10637,854584,1
Better Days (NEIKED x Mae Muller x Polo G),Better Days (NEIKED x Mae Muller x Polo G),NEIKED,2021-09-24,GBUM72106057,"1,650",36,487150595,92690,46125153,67,59271967,654987,170462,164060365,1449246797,2593997397,98,158255,2238,46,3192150,29,69898084,13023,2467380,0
Cabaï¿½,Cabaï¿½,El Jordan 23,2023-06-24,QM7282354441,"1,646",36,179452105,24120,19728658,72,153398992,769149,33300,13326690,85169761,136951294,8,81,86,3,22501,6,35983,240,393023,1
Music For a Sushi Restaurant,Harry's House,Harry Styles,2022-05-20,USSM12200609,"1,649",36,408265830,54371,24669724,67,72040046,1550840,516892,526043799,5701956773,46597448,52,158567,593,15,215997,38,9943379,10001,1220670,0
HYPNOTIC DATA,XIII SORROWS,Odetari,2023-09-13,QZVFR2301571,"1,651",36,111532358,18238,3715051,67,36721724,574669,329777,67728269,509110017,98142716,1,5954,86,2,11655,8,490885,1410,241796,1
Bad Feeling (Oompa Loompa),Bad Feeling (Oompa Loompa),Jagwar Twin,2023-12-15,QZ22S2300261,"1,653",36,68270779,10126,4470536,67,60442554,1288140,182200,26534406,265917250,3200903607,28,12615,163,14,5671990,17,1195284,5552,604904,1
Dance The Night,Barbie The Album,Dua Lipa,2023-07-21,USAT22305730,"1,652",36,860026452,19743,10536844,67,51745,411,495200,203389233,2419873472,98142716,216,2,542,16,261138,159,12735768,7832,854584,0
RAM TCHUM,RAM TCHUM,DENNIS,2024-02-29,BRSME2400249,"1,648",36,62158125,3309,21702281,74,64349649,383762,182200,128581,2815102,135056467,26,72,86,54,11319589,26,12735768,7832,43248,1
Coal,Coal,Dylan Gossett,2023-07-27,QZNWU2332981,"1,661",36,170200281,40016,15156630,2,17596251,205907,19196,6502394,55041835,98142716,17,3374,18,1,1930,37,11270619,2314,184546,0
RUNAWAY,RUNAWAY,KAYDEN,2022-03-14,QZDA42277779,"1,656",36,3508819,1705,104043,32,706350,13028,4500102,76555716,1851606354,98142716,28,2,86,15,237120,17,1641,7832,56362,0
Kilerito,Kilerito - Single,Brytiago,2024-04-19,QZMZ92407626,"1,654",36,22216368,3237,31871109,67,27419109,295367,182200,26534406,265917250,30251245,3,1158,86,3,57639,3,12735768,7832,67441,1
Houdini,Houdini - Single,Eminem,2024-05-30,USUG12403399,"1,655",36,99968146,193,237042,67,148269610,1257935,182200,26534406,265917250,98142716,159,1,86,15,237120,1,12735768,7832,854584,0
Moonwalking in Calabasas (feat. Blueface) - Remix,Moonwalking in Calabasas Remix,DDG,2020-08-20,CA5KR2079526,"1,657",36,337709342,124013,14195159,61,163572008,2101899,4621,1261834,14079058,4894019,22,9995,3,11,103545,10,10796822,9440,263734,1
Deli,Like..? Deluxe (Apple Music Edition),Ice Spice,2023-01-20,USUG12306323,"1,659",36,190497384,30799,19538464,70,83093258,911630,434002,164828255,1315525703,346098756,30,19087,2669,12,484406,18,7256474,18557,726899,1
Too Little Light,Some of Your Pain,koko die,2023-03-17,PLB172300028,"1,660",36,24935,6,594,1,397949774,447609,182200,26534406,265917250,98142716,28,4,86,15,237120,17,12735768,7832,56,0
Desejo Imortal (It Must Have Been Love),Desejo Imortal (It Must Have Been Love),Gusttavo Lima,2023-04-13,BXBAL2300029,"1,666",36,96328058,7107,12749577,63,293231902,904116,72000,2783003,59451815,1242011214,16,7171,86,42,1135260,3,8347,7832,110986,0
BOA,BOA,Megan Thee Stallion,2024-05-09,USAT22402630,"1,663",36,21644029,1925,30906340,79,10463067,429765,182200,26534406,265917250,98142716,24,6,145,17,389066,36,4294567,619,54541,1
I Don't Even Want To Know,I Don't Even Want To Know,Delifinger,2022-08-04,GBZDN2200058,"1,664",36,239850720,1,3,67,592714623,1064537,182200,26534406,265917250,98142716,28,2,86,15,237120,17,12735768,7832,854584,0
30 GRADOS,30 Grados,El Turko,2024-01-26,QM4TW2445323,"1,662",36,50652672,5098,8000291,72,82330184,425441,182200,26534406,265917250,188028164,3,599,86,5,324993,9,12735768,7832,116390,1
Relax My Eyes,Relax My Eyes,ANOTR,2022-11-04,GBKQU2296427,"1,671",36,149095636,85011,24383123,73,21554535,197879,21611,8785047,120828235,2887284,33,8153,7,22,100603,11,255427,880,854584,0
Starlight,Starlight,Dave,2022-03-03,GBUM72201160,"1,668",36,300668168,114589,7654318,67,77123844,796822,214063,67997711,669672487,30979081,31,10866,67,13,78821,20,83973,329,1079185,1
Never Stop,Valedictorian,ian,2024-05-17,USQX92402275,"1,674",36,8857839,2138,9237218,68,1031347,27737,182200,26534406,265917250,277467,6,3,30,3,2190,10,8268,65,854584,1
ýýýýýýýýýýýýýýý,ýýýýýýýýýýýýýýý,Tatsuya Kitani,2023-07-07,JPU902302107,"1,669",36,173018759,22899,7048784,69,135234952,601338,99600,44826813,471119326,549624403,27,525,86,5,35588,11,58750,185,394480,0
Earth Song,Earth Song - Single,Wizard Chan,2022-12-24,QZW9N2244606,"1,675",36,5408464,2127,61056,39,434324985,1056913,30500,493563,5623037,98142716,2,290,86,15,237120,17,10905,7832,640805,0
GREECE (feat. Drake),GREECE (feat. Drake),DJ Khaled,2020-07-16,USSM12004502,"1,676",36,544564903,155782,23951058,63,96900581,863485,101159,44502165,482158138,13886316,81,5446,6,43,37315,17,76789833,24045,2427675,1
Jericho,Jericho - Single,Iniko,2023-04-15,USQX92302565,"1,673",36,138403252,46111,11577648,65,64556961,972951,1574,174247,1386456,956293267,14,3434,86,15,65584,1,3879769,8587,3154736,0
someday i'll get it,someday i'll get it,Alek Olsen,2023-10-26,GBMJG2330804,"1,688",36,89292592,13834,23174342,67,5210629,158479,704600,333709356,2697574937,98142716,18,24,192,15,5678141,12,202410,494,522103,0
Popular,Popular [From The Idol Vol. 1 (Music from the HBO Original Series)],The Weeknd,2023-06-02,USUG12303890,"1,682",36,812954133,8642,1440402,54,456926,5152,182200,26534406,265917250,98142716,26,166522,20,3,169985,9,12735768,7832,854584,0
Iced Coffee,Iced Coffee,Arthur Hill,2022-10-05,SGB502240495,"1,678",36,2035613,824,277122,40,244170,4609,3601719,29510577,582307619,98142716,28,5954,86,15,237120,17,12735768,7832,17051,0
Anyone,Anyone,Justin Bieber,2021-01-01,USUM72023175,"1,687",36,689413808,86677,29278931,63,181790359,3269385,300226,68768141,618582288,268898494,171,194884,119,29,868927,35,94172171,19768,2851589,0
Betty (Get Money),Betty (Get Money),Yung Gravy,2022-06-10,USUM72210379,"1,685",36,262402978,61547,12763919,59,68754110,1120053,444253,312314152,2904979024,2349369485,28,102652,1480,9,33117,12,29930163,13575,1857984,0
Paradise (feat. Dermot Kennedy),Paradise,MEDUZA,2020-10-30,GBUM72005075,"1,679",36,726266033,118990,41567899,64,133061832,962971,34842,6649392,68206557,54524699,209,244063,40,73,1460488,11,29623365,3167,3651154,0
Bel Mercy,Bel Mercy,Jengi,2022-12-02,GBAYE2202575,"1,681",36,137020536,70768,38059683,64,5945884,87803,70669,14756285,279149939,4453108,26,15563,674,15,60125,17,126759,397,2815666,0
Run,Run,OneRepublic,2021-05-05,USUM72004315,"1,684",36,567806129,80089,40942274,70,99979912,892974,150611,14939338,228981445,23967349,116,182564,4,31,701924,13,157422525,22671,1975100,0
Bad Habit,Gemini Rights,Steve Lacy,2022-07-14,USRC12202615,"1,686",36,1087201670,2735,1047977,45,34379313,714505,182200,26534406,265917250,6176997,28,400366,86,1,14681,2,12735768,7832,854584,0
Wellerman - Sea Shanty / 220 KID x Billen Ted Remix,Wellerman (220 KID x Billen Ted Remix),Nathan Evans,2021-01-21,GBUM72100298,"1,691",36,443854471,114482,30042982,63,17782969,173156,1081209,171850131,1840016706,98142716,90,106881,86,44,534744,20,31658912,95791,3586364,0
Commas,Commas,Ayra Starr,2024-02-01,USUG12400783,"1,689",36,48408512,6447,15113118,76,38402953,338172,182200,26534406,265917250,96467771,53,12094,74,22,1071097,40,1155738,205,1037608,0
Dial Drunk,Stick Season (We'll All Be Here Forever),Noah Kahan,2023-06-09,USUM72307683,"1,690",36,157881582,23162,10693382,67,18883499,172138,3943,3345144,46583057,855952,37,121783,14,3,176372,42,9363624,4815,228752,1
Angels Like You,Plastic Hearts,Miley Cyrus,2020-11-27,USRC12003754,"1,697",36,940796773,89447,36703975,77,165497158,1629090,1780416,377871352,3248071918,8992522,74,45899,331,62,610903,14,11547146,7441,2289799,0
Dime Cï¿½ï¿½mo Qui,Dime Cï¿½ï¿½mo Qui,Christian Nodal,2020-11-12,MXUM72006106,"1,692",36,261261845,25570,7968718,65,818241698,5238973,283651,33684334,333893267,24950130,23,13271,224,21,2759428,27,35336195,10178,937662,0
Call It Love,Call It Love,Felix Jaehn,2022-09-16,DEUM72204750,"1,693",36,283002053,49454,65339595,73,43899935,223169,182200,26534406,265917250,91869136,51,187557,86,41,854841,14,27540,7832,2124872,0
Rodeo (Remix),Rodeo (Remix) - Single,Lah Pat,2023-02-24,USAT22301387,"1,695",36,160163510,26131,10508416,72,104715948,1179825,10708,4339998,32904652,116693,7,31402,26,5,79748,4,10266156,8290,2351135,1
Head Down,All Stand Together,Lost Frequencies,2023-11-10,BEHP42300071,"1,698",36,51812189,8222,25527895,67,5532480,53236,182200,26534406,265917250,1223,15,112608,86,35,6046803,28,8341,7832,757281,0
TRUCK BED,TRUCK BED,HARDY,2022-10-10,QZ22S2200079,"1,699",35,194689239,25411,8624258,73,46434511,241641,28666,2908296,38821749,213597905,24,192149,221,15,237120,24,62232938,33340,576188,1
Chosen (feat. Ty Dolla $ign),No Love Lost (Deluxe),Blxst,2020-12-04,USP6L2000552,"1,705",35,396135437,124791,11642222,64,139825996,1201952,116813,34685524,308612495,11769967,66,260461,1167,19,2617,13,20910435,13301,854584,1
Where the Wild Things Are,Gettin' Old,Luke Combs,2023-03-24,US6XF2200441,"1,701",35,188142444,23954,22829582,80,29221855,114628,1051,1579129,20050268,804240523,26,123107,2,9,1597570,21,49984158,15222,553446,0
Jaldi Chhoda Ghare Bullet Se,Jaldi Chhoda Ghare Bullet Se,Vinay Pandey Sanu,2023-03-10,ING642301152,"1,703",35,72880,3,10,6,392877223,1533010,182200,26534406,265917250,98142716,28,5954,86,15,237120,17,12735768,7832,6,0
REINA,ESTRELLA,Mora,2023-08-28,QMDA62341722,"1,706",35,187631508,34204,17653536,67,38229618,220372,182200,26534406,265917250,508209,25,12369,86,13,352098,35,174322,235,296318,1
ANTIFRAGILE,ANTIFRAGILE,LE SSERAFIM,2022-10-17,USA2P2230329,"1,704",35,458713465,29686,8500191,70,263768312,4141652,208042,281057311,1964836293,180066740,23,2779,128,4,32620,25,959380,1848,575592,0
Dreaming,Dreaming,Marshmello,2023-10-20,USRC12302211,"1,716",35,42151775,8420,9908087,67,2897871,28056,1995,235368,4725722,13532423,28,133206,81,31,6416946,36,2632016,315,1043257,0
Own Brand Freestyle,Own Brand Freestyle,FelixThe1st,2021-10-07,QZK6J2144340,"1,718",35,110291303,39905,6175231,52,32448901,528302,3800778,1197306073,11216028216,87467213,18,662,86,5,9091,3,3946559,3976,2290647,1
Pussy & Millions (feat. Travis Scott),Her Loss,Drake,2022-11-04,USUG12208607,"1,712",35,273457499,90842,21454523,67,13496528,220640,12342,7386007,67251486,1842707,15,27,86,11,198898,5,15485649,2964,379631,1
Sent Gamkauwa,Sent Gamkauwa,Shivani Singh,2023-05-19,ING642303429,"1,717",35,29424141,487,282647,62,319210127,1342225,393,17267,153512,182061559,28,5954,86,15,237120,17,12735768,7832,13526,0
Bulletproof,Bulletproof,Nate Smith,2024-02-09,USRN12300134,"1,710",35,32849769,3617,14360509,67,3599335,30863,182200,26534406,265917250,195478256,20,54945,50,8,1583802,23,18349967,710,176994,0
Bite Me,DARK BLOOD,ENHYPEN,2023-05-22,USA2P2319853,"1,713",35,263851286,17657,7369849,73,161653032,3135324,120256,103362311,483823339,73829305,18,2228,28,3,50385,11,997675,1454,434604,0
Cover Me In Sunshine,Cover Me In Sunshine,P!nk,2021-02-12,USRC12100138,"1,715",35,439034558,90145,20519485,64,115408379,1213873,269475,31650070,296160904,48805502,130,263933,105,63,1248937,40,42849405,28351,3598273,0
Bamba (feat. Aitch & BIA),Bamba (feat. Aitch & BIA),Luciano,2022-09-22,DECE72202389,"1,723",35,201638049,82200,8134899,62,79916576,787609,81594,10114609,128627839,48973181,14,6954,86,8,55350,10,2062,22,1285204,1
Sin Querer,Sin Querer - Single,Fer Vazquez,2023-12-14,ARC082300049,"1,720",35,46660424,4000,10260168,67,102166795,528710,149300,8173814,132683756,1545281605,28,2230,86,3,52458,5,8010,7832,79180,1
Filhall 2,Filhall 2,B Praak,2020-06-19,QZLQR2052977,"1,721",35,81182241,2,18,67,1138411241,9088368,897400,31231758,408728922,183195247,28,5954,86,15,237120,17,12735768,7832,854584,0
TOMBOY,I NEVER DIE,(G)I-DLE,2022-03-14,KRA392100080,"1,724",35,286016224,26565,10803270,67,496270574,4490255,43300,26703316,232860888,168900715,18,3005,86,6,43550,30,645800,1252,559921,0
Everything I Love,3 Songs At A Time Sampler,Morgan Wallen,2023-01-31,USUG12300803,"1,722",35,173756454,32550,3744217,68,16950068,90473,164397,25491443,233214006,98142716,18,135232,32,15,237120,20,32268708,7441,459770,0
ýýýýýýýýýýýýýýýýýý ýýýýýý ýýýýýý ýýýýýýýýýýýýýýýýýý,ýýýýýýýýýýýýýýýýýý ýýýýýý ýýýýýý ýýýýýýýýýýýýýýýýýý,Md Faisal Ahmed,2023-07-09,QZLQR2199831,"1,731",35,2274,32312,13259481,67,298368336,1953917,182200,26534406,265917250,98142716,28,5954,86,15,237120,17,12735768,7832,854584,0
Butta My Bread,Butta My Bread - Single (feat. Lasmid) - Single,JZyNo,2023-04-07,TCAGZ2348437,"1,729",35,46431158,23723,2774325,60,30482110,207290,1234800,20141869,254178400,32845152,19,1812,56,6,140305,17,116796,57,2164282,0
INFERNO,INFERNO,Sub Urban,2021-08-13,USWB12101521,"1,730",35,233661226,44552,8372930,60,179525477,4809845,2856125,458439237,4078323042,1102079805,13,4532,152,10,304020,12,6642847,6543,935053,0
Bipolar,Bipolar,Mc Davi,2021-04-09,BXG6R2100310,"1,727",35,174403309,32650,7030076,52,357542893,3589715,3012486,128104419,1360596383,21502622,34,3235,86,35,210291,3,12735768,7832,318311,1
Time Slowly Slippin',Reflections,LAZA,2022-11-25,DEG932204253,"1,736",35,239850720,5,367,67,492594923,1652234,182200,26534406,265917250,98142716,28,2,86,15,237120,17,12735768,7832,9,0
El Tsurito,El Tsurito,Junior H,2023-04-07,QZ9QQ2300262,"1,741",35,257812063,24070,9835143,69,185512305,813988,62900,9583585,80538339,98142716,18,2,86,6,1432631,6,8526077,1218,391732,1
GOOD LOYAL THOTS,GOOD LOYAL THOTS,Odetari,2023-03-15,QZES92330937,"1,734",35,222975417,36832,6604256,71,45543286,773400,803702,104617204,664995622,98142716,2,1,20,15,237120,17,1396913,3191,606670,1
Abcdario,Abcdario,Eden Muï¿½ï,2023-05-13,MXB952300035,"1,738",35,262504588,19709,8079760,72,149083889,660503,1,33,939,10312183,20,1140,86,5,1365319,3,8484383,4718,657427,0
Una Locura,ENOC,Ozuna,2020-09-04,USXDR2000574,"1,732",35,584776407,77768,24701564,66,634293431,2732963,54400,4039386,53047506,31169927,91,10020,26,18,103623,31,19304549,3277,1497732,0
Ni Una Ni Dos,Ni Una Ni Dos,BM,2023-06-28,UYB282364003,"1,743",35,139873877,17771,7444560,65,177205271,711929,56200,2482467,28960322,223572730,28,3206,86,8,456100,14,12735768,7832,151799,1
Un Desperdicio,Un Desperdicio,Rels B,2024-04-25,UYB282476008,"1,750",35,62552825,3045,44211129,78,16726488,252529,182200,26534406,265917250,3058545,4,52,86,4,23479,13,133038,56,95975,0
El Boss,El Boss,Gabito Ballesteros,2024-03-28,USA2P2415440,"1,746",35,81942319,3580,30332860,84,34566311,283283,182200,26534406,265917250,98142716,10,1,86,4,1104753,16,460206,191,71332,1
La Corriente,Un Verano Sin Ti,Bad Bunny,2022-05-06,QM6MZ2214883,"1,745",35,591704263,65115,16254572,71,179847217,1213273,120800,26994022,266064027,24137183,12,6564,6,3,189015,3,36848007,3102,977339,1
POLARIS - Remix,POLARIS (Remix),SAIKO,2023-06-08,QM6P42393140,"1,749",35,238718077,44094,17083557,69,62158239,412554,182200,26534406,265917250,4863567,39,3846,86,5,556881,13,195992,7832,415040,1
Love Tonight - David Guetta Remix Edit,Love Tonight (David Guetta Remix),Shouse,2021-06-11,USA2P2120718,"1,748",35,449513936,160789,40271009,72,1063180,11919,310148,90949587,1286306864,98142716,78,24500,86,29,411337,21,25598460,7330,854584,0
5 Foot 9,5 Foot 9,Tyler Hubbard,2022-05-20,USUM72206482,"1,742",35,193680404,27754,13141220,65,893876,7807,104632,16161805,161738459,98142716,18,283251,155,2,87897,29,88808802,26418,670234,0
Mejor Que Ayer,Mejor Que Ayer - Single,Diego Torres,2023-08-31,USSD12300381,"1,744",35,28210202,5046,2986473,67,31452943,243718,823103,5145272,108989284,23885728,1,24023,5,10,62892,17,239648,247,350257,0
Lalala,Lalala - Single,ati2x06,2024-01-17,ES64E2455099,"1,751",35,966112900,1,124,67,148269610,1257935,182200,26534406,265917250,98142716,28,5954,86,15,237120,17,12735768,7832,854584,0
Broadway Girls (feat. Morgan Wallen),Broadway Girls (feat. Morgan Wallen),Lil Durk,2021-12-17,USQX92105926,"1,758",35,344369903,66276,8339705,72,208397689,1732879,45015,10444331,130467912,483357127,21,1354,9,1,6573,18,101260772,56855,811835,0
Se Te Nota (with Guaynaa),Se Te Nota (with Guaynaa),Lele Pons,2020-09-02,USUM72016220,"1,756",35,437956158,52166,18095179,62,536897289,3802052,1700000,122204815,1108855948,265176894,62,21532,86,21,124707,19,15039693,4470,1265186,0
Ameno Amapiano Remix (You Wanna Bamba),Ameno Amapiano Remix - Single,Goya Menor,2022-01-07,DEE862200008,"1,759",35,62243984,26772,2001961,51,71389072,723554,3000259,507480021,8578793997,1494669,36,25673,86,13,225567,17,12735768,7832,4626627,1
Canon and Gigue for Three Violins and Continuo in D Major: Canon,"The Academy in Concert. Albinoni: Adagio - Pachelbel: Canon - Bach: Air & Music By Beethoven, Handel, Mendelssohn, Mozart",Sir Neville Marriner,2024-05-17,GBAYC2302025,"1,752",35,88934872,4,188,67,148269610,1257935,182200,26534406,265917250,98142716,28,5954,86,15,237120,17,10974994,3270,854584,0
See You Dance (Extended Mix),See You Dance (Extended Mix) - Single,DJ Meetch,2023-03-06,QZES52309758,"1,760",35,239850720,1,137,4,402618045,2927219,182200,26534406,265917250,152211,28,3,86,15,237120,17,12735768,7832,19,0
Cake By The Ocean - Cover,Tik Toker Party Hits,MUSIC LAB JPN,2023-10-05,TCJPX2358241,"1,753",35,1619109147,32312,13259481,67,148269610,1257935,182200,26534406,265917250,98142716,28,5954,86,15,237120,17,12735768,7832,854584,1
No Fuss,Take Me Alive,Zeme Libre,2023-01-31,USCGH2304209,"1,754",35,1332,5,1470,67,411286256,1717893,182200,26534406,265917250,98142716,28,8,86,15,237120,17,12735768,7832,3,0
Dream Girl,Dream Girl,Izellah,2023-03-23,SGB502323140,"1,762",35,377401,48,19503,30,148269610,1257935,1900000,22131953,370465516,98142716,28,5954,86,15,237120,17,12735768,7832,14725,0
Zona De Perigo,Zona De Perigo,Leo Santana,2022-12-08,BRUM72202246,"1,764",35,182793453,18476,8152728,61,202826223,1281118,1000000,129460794,1821638330,29439094,15,1965,86,31,315631,14,76819,7832,854584,0
Crazy Form,THE WORLD EP.FIN : WILL,ATEEZ,2023-12-01,KRD442300022,"1,765",35,58520078,5454,5075458,67,123416768,976454,8035,14763613,62979168,1488882238,9,1452,20,3,236558,9,414834,516,143319,0
Kehribar,Kehribar - Single,Burak Bulut,2023-09-29,DGA092378278,"1,761",35,68985345,7062,5463250,67,158339797,375656,37700,311331,13290393,388282635,5,5954,86,3,1583000,17,12735768,7832,280877,0
SAY MY GRACE (feat. Travis Scott),SET IT OFF,Offset,2023-10-13,USUM72313167,"1,770",35,118851626,37413,40394035,67,9045800,253282,182200,602272,5441741,259031618,23,1577,43,15,316542,3,2172626,508,854584,1
Drugs From Amsterdam,Drugs From Amsterdam,Mau P,2022-08-17,GBK6Y2251421,"1,776",35,170829903,97012,41938004,68,20734303,268271,16820,9430231,125870792,5679523,30,26450,344,28,72065,8,1103480,970,1386260,0
M.A - Remix,M.A (Remix),BM,2023-04-05,UYB282364001,"1,768",35,123113806,23659,5505641,61,227307854,698274,182200,26534406,265917250,149539951,4,2825,86,6,22833,13,12735768,7832,159702,1
BBY BOO (REMIX),BBY BOO (REMIX),iZaak,2024-03-27,USWL12400891,"1,771",35,92573075,9510,54471531,80,639184,11248,182200,10500,102900,98142716,31,668,177,14,850176,28,711373,583,311199,1
What My World Spins Around,What My World Spins Around,Jordan Davis,2022-05-27,USUM72208440,"1,769",35,225128269,23133,12193936,71,6417626,36749,19339,3634753,33305600,8173626,26,309999,138,2,87391,7,126764513,9775,820952,0
HOLIDAY,HOLIDAY,Lil Nas X,2020-11-13,USSM12006375,"1,774",35,551719564,101852,11132603,61,298362799,5071208,612523,205216366,1449949822,34528618,85,63905,86,29,143928,13,15910741,47587,1571647,1
Son Of A Sinner,Ballads Of The Broken,Jelly Roll,2021-09-17,QMRSZ2102218,"1,773",35,189577521,32091,3315491,70,167631264,1282588,89522,13788353,170725017,523029658,28,261308,53,1,71,17,110527184,54915,854584,1
On My Grind,Block Music,OG Eat,2022-11-23,QZTB22230138,"1,767",35,239850720,32312,13259481,67,148269610,1257935,182200,26534406,265917250,98142716,28,5954,86,15,237120,17,12735768,7832,30698299,0
Kurchi Madathapetti,"Kurchi Madathapetti (From ""Guntur Kaaram"") - Single",Thaman S,2023-12-30,INA092319016,"1,777",35,43280156,1397,2069274,67,123586274,1114900,182200,26534406,265917250,1464327043,2,24,86,15,237120,13,12735768,7832,172357,0
EXCESOS,Pa las Baby's Y Belikeada,Fuerza Regida,2023-10-20,QZ9QQ2300776,"1,785",34,140289944,11244,6732068,67,102146155,355596,182200,558350,5016260,419693279,24,73,86,13,6745694,1,8663386,2170,364193,0
VVV,VVV,mikeeysmind,2023-10-21,DGA0L2303147,"1,782",34,66104800,18865,2295894,67,20813530,308805,413000,17404126,144294559,1045559887,28,3,86,1,9696,17,46806,86,1101523,1
EL BARCO,EL BARCO,KAROL G,2021-03-25,USUM72023902,"1,780",34,304116211,21517,8048081,72,692863553,2439195,186881,13802946,184413760,716282244,32,5957,105,10,2012566,14,47500299,14392,701730,0
Breakfast Challenge Song (Slowly),Breakfast Challenge Song (Slowly),SPENCE,2021-06-22,TCAFQ2131059,"1,781",34,861521,374,206771,14,273898,2095,6140453,439126369,6861330893,98142716,28,5954,86,15,237120,17,12735768,28,215105,0
Heaven,Heaven,Niall Horan,2023-02-17,USUG12300779,"1,784",34,229993968,29447,13951617,68,25068301,605989,76768,30680818,303361656,7773249,56,153416,356,19,243788,21,11303585,1836,1752464,0
Fingers Crossed,Fingers Crossed,Lauren Spencer Smith,2022-01-05,TCAFY2118876,"1,783",34,437029775,71202,18194896,67,60320365,602827,52700,31427513,261236772,2169985836,59,167522,927,43,616800,31,38926392,27268,2895512,0
This Side of Paradise,Color,Coyote Theory,2020-12-11,QMW9F1100003,"1,789",34,515923885,121767,25106201,72,166794513,2438100,520891,383884667,2574138698,6350,7,18,86,2,16264,17,2672470,8628,2561309,0
Pipoco,Pipoco,Ana Castela,2022-05-20,BXHZ02200008,"1,794",34,238890270,27066,8621319,60,384799195,2963384,465300,88637887,1298188205,525707358,14,4831,86,34,177404,11,12735768,7832,411758,0
Don't Go Yet,Don't Go Yet,Camila Cabello,2021-07-23,USSM12104771,"1,791",34,499085551,64967,25228814,62,189120015,2445070,193708,100580695,864218422,922572446,125,199403,20,39,419948,30,14153785,4185,3990487,0
My Baby,My Baby,Diamond Platnumz,2023-02-03,ZA41S2300062,"1,787",34,239850720,757,61488,30,25504572,187689,2579200,23151822,341343712,9191413,28,252,86,15,237120,17,15614,151,201503,0
DNA (Loving You) [feat. Hannah Boleyn],DNA (Loving You) [feat. Hannah Boleyn] - Single,Billy Gillies,2023-07-28,USAT22307379,"1,792",34,71722674,15522,22597896,68,25459927,162133,17628,791989,18182823,131619237,43,55349,94,23,707344,19,7167,64,952963,0
The Magic Bomb,The Magic Bomb,Hoï¿½ï¿½ng ,2021-04-20,NLZ542100934,"1,788",34,4224438,2333,240248,31,4404312,94056,6400664,838003900,10173667723,994101,3,3,205,1,2116,3,889278,717,13990,0
Paani Paani,Paani Paani,Badshah,2021-06-09,INH102100261,"1,790",34,89815962,9126,3802888,54,850941688,6694074,182200,26534406,265917250,158313518,8,1560,86,2,1370,11,125172,7832,176468,0
Static,Gemini Rights,Steve Lacy,2022-07-15,USRC12202285,"1,786",34,304386086,69159,17570340,72,18632784,257442,326956,217253263,1303631045,86936272,22,2174,372,15,227403,1,1716467,4865,651001,1
Sabran,Sabran,AL SHAMI,2024-02-10,LBA132400142,"1,801",34,5501185,613,980583,67,94138006,852151,182200,26534406,265917250,1110946120,4,99,86,15,237120,17,12735768,7832,118843,0
Komet,Komet,Udo Lindenberg,2023-01-19,DEA622202192,"1,796",34,223211332,47584,5249832,68,83855008,603186,93,5456,95067,292977607,27,67360,86,12,3383006,9,12735768,7832,940223,0
Hecha Pa' Mi,Mas Negro Que Rojo,Boza,2020-07-31,USSD12000196,"1,797",34,627556563,87091,25572110,67,315121318,1921904,1957950,109942926,829202200,17231013,110,31933,93,30,322638,12,1524695,1786,1608693,0
SPIT IN MY FACE!,Spit in My Face! - Single,ThxSoMch,2022-10-31,QZAKB2203051,"1,798",34,516541770,50163,5857724,67,153636776,2047892,153401,73405119,893095805,86778108,28,112,343,15,237120,17,12735768,7832,854584,1
Caramelo,Caramelo,Ozuna,2020-06-11,USXDR2000567,"1,795",34,508151972,68478,20213678,56,585332283,2893537,694200,40465854,387733644,163225146,68,10140,64,21,454231,42,29787813,10115,1234460,0
Virtual Angel,<Dall>,ARTMS,2024-05-31,KRA382401742,"1,810",34,2371467,241,4606660,67,11364565,212716,182200,26534406,265917250,98142716,7,16,86,15,237120,7,209,7832,4320,0
Maria Mariah,Maria Mariah,JC NO BEAT,2023-11-17,BCLWS2302458,"1,811",34,33605864,12453,3161785,32,107114515,805527,182200,1970109,25541775,488737787,4,342,5,4,1999794,14,12735768,7832,160253,1
Fï¿½ï¿½S,Fï¿½ï¿½S,Britney Manson,2023-08-11,RUB 862300027.00,"1,808",34,140756753,20909,5720836,36,60902734,885239,425901,139431702,982755143,84060916,28,11,86,2,27804,17,378942,1511,459549,1
Spokojnie,Ninja,HOT DONUTS,2023-02-26,GBMJG2302966,"1,807",34,239850720,1,17,67,407197875,1302211,182200,26534406,265917250,98142716,28,1,86,15,237120,17,12735768,7832,854584,0
"Sheï¿½ï¿½ï¿½s Gone, Da","Sheï¿½ï¿½ï¿½s Gone, Da",Disclosure,2024-05-29,USA2P2420371,"1,813",34,7021860,2000,61759962,67,149674,5277,182200,146800,816500,98142716,52,1746,2,39,2175560,41,25891,20,40920,0
ýýýýýýýýýýýýýýýýýýýýýýýýýýýýýý,ýýýýýýýýýýýýýýýýýýýýýýýýýýýýýý,Parkmalody,2023-10-14,TCAHL2371470,"1,804",34,13900332,1737,402173,67,65378730,231736,847700,4605027,59606925,26646344,3,958,86,15,237120,17,12735768,7832,24734,0
Ma Fi Leil,Ma Fi Leil,Nassif Zeytoun,2024-04-16,LBA132400447,"1,806",34,1579231,195,741333,67,43912255,427835,182200,26534406,265917250,2635256,4,124,86,3,41160,17,12735768,7832,83701,0
NEON BLADE,NEON BLADE,MoonDeity,2022-06-01,SE6QE2237231,"1,821",34,256121980,60620,23882871,68,223554131,2671018,137960,139402074,1479505358,50959369,16,1,86,3,91280,1,1738308,3599,2490025,1
Corrido de Juan Armenta,Los Temas de Mis Pelï¿½ï¿½c,Vicente Fernï¿½ï¿½,2024-05-27,MXF012400279,"1,816",34,68134,3,138,67,148269610,1257935,182200,26534406,265917250,98142716,28,5954,86,15,237120,17,10721923,6628,854584,0
Frozen,Frozen,Madonna,2021-12-03,USWB12105753,"1,817",34,171060866,62420,13385720,62,39445207,832416,1812874,58132303,954943543,7699,17,12696,529,9,15158,2,17914746,3997,6425997,0
Mahiye Jinna Sohna,Mahiye Jinna Sohna,Darshan Raval,2023-06-22,INW262317735,"1,823",34,208410725,14238,8924766,66,117750348,1330374,496900,14803092,327071314,85756632,3,597,86,1,1097,16,4121,18,242339,0
Pain,Pain,PinkPantheress,2021-02-05,QZFZ52145391,"1,819",34,595213841,124555,17910647,77,47759635,771300,206470,115511396,640679729,201866,33,1073,145,10,133199,17,2317940,3730,719198,1
T.B.H,1st Mini Album 'MANITO',QWER,2024-04-01,KRA382401946,"1,822",34,4579390,569,2440321,59,54015483,299452,182200,26534406,265917250,9441934,8,5954,86,15,237120,17,12735768,7832,44505,0
Titliaan,Titliaan,Afsana Khan,2020-11-09,INUM72000090,"1,820",34,60103893,7617,1238881,54,996649537,9168790,151100,1406442,44461309,23808458,4,310,86,15,237120,2,1935,7832,230094,0
Padam Padam,Padam Padam,Kylie Minogue,2023-05-18,GB5KW2301017,"1,826",34,142783595,27586,18160338,43,39579610,426906,49769,16387200,266934347,317063172,117,97932,1135,34,786028,87,2872697,3783,1166124,0
Pacto (feat. Bryant Myers & Dei V) - Remix,Pacto (Remix) [feat. Bryant Myers & Dei V],Jay Wheeler,2023-07-28,USUYG1499990,"1,829",34,112634428,23871,11484313,64,116848094,896215,182200,26534406,265917250,10987919,10,1217,86,2,25994,15,1644547,1260,268439,1
Finesse,Finesse,Pheelz,2022-03-03,QZQAY2239272,"1,830",34,162356099,67124,8539093,62,27222424,253527,813201,95230456,1145039714,966941,77,70941,515,15,574629,27,11491383,2501,4200295,0
SNAP,SNAP - Single,Rosa Linn,2022-03-19,QM4TX2221661,"1,828",34,1033308414,53249,27556242,1,12702613,214200,420936,170964850,1837588984,75492508,28,169034,944,15,33716,17,33378778,6855,854584,0
La Intenciï¿½,La Intenciï¿½,Christian Nodal,2024-01-26,QZQPC2100130,"1,831",34,119369458,5866,19272195,67,38415068,389722,43600,16305600,171858600,315995610,18,8223,1,18,103202,25,9198529,1038,380747,0
Crazy What Love Can Do,Only Honest On The Weekend (Deluxe),David Guetta,2022-03-18,UKWLG2200001,"1,825",34,371288040,69527,53951706,69,42623147,297084,5644,1282246,19793657,2591798957,111,205826,348,56,947134,40,4516525,729,2246791,0
Man Made A Bar (feat. Eric Church),One Thing At A Time,Morgan Wallen,2023-03-03,USUG12300804,"1,824",34,175095439,21001,6637673,75,61848993,311636,52412,3106312,21618436,80192815,25,109675,21,2,81390,6,44998795,7316,268281,0
Volvï¿,Volvï¿½ï¿½ - Si,Aventura,2021-08-03,QMFME2168127,"1,833",34,780755736,107320,35444438,72,89683527,493296,30301,6103064,49294071,98142716,97,39183,129,25,383440,46,69320555,14510,1804089,1
Bijlee Bijlee,Bijlee Bijlee - Single,Harrdy Sandhu,2021-10-30,INUM72100076,"1,832",34,185690034,20169,4249749,62,653915314,6109560,26625,3745325,52219515,98142716,13,1527,86,15,237120,6,835141,472,326010,0
Super,ýýýýýýýýý ýýýýýý10ýýý 'FML' - EP,SEVENTEEN,2023-04-24,USA2P2310675,"1,839",34,210481840,14690,8191208,67,209677493,2906443,95008,178551449,1027127321,571782627,29,3674,27,5,180148,24,645104,601,491972,0
Diamonds,Diamonds,Sam Smith,2020-09-17,GBUM72002531,"1,835",34,411109963,53928,10287976,58,205575225,1908534,142900,23431333,254269639,48735190,133,403730,53,158,831207,35,77375004,11904,5268930,0
Self Love (Spider-Man: Across the Spider-Verse),METRO BOOMIN PRESENTS SPIDER-MAN: ACROSS THE SPIDER-VERSE (SOUNDTRACK FROM AND INSPIRED BY THE MOTION PICTURE),Metro Boomin,2023-06-02,USUM72308561,"1,838",34,168713011,40836,5604951,68,42717660,479690,182200,26534406,265917250,28182,37,1635,2,15,237120,2,548106,2911,371164,0
It's Not Right But It's Okay,It's Not Right (But It's Ok),Mr. Belt & Wezol,2024-02-23,NLP762300246,"1,841",34,56343820,9047,82301244,78,1245263,8718,182200,26534406,265917250,98142716,35,25492,86,99,11766777,33,2147,23,570335,0
Sweet Dreams,Sweet Dreams,Koe Wetzel,2024-05-17,USQX92401736,"1,836",34,20827832,2016,9370898,75,3054416,50012,182200,26534406,265917250,34213155,24,163,2,7,1596756,20,3202724,2499,23699,0
Mittelmeer,Mittelmeer,Pashanim,2024-05-23,DECE72400931,"1,840",34,20583156,3159,12002200,76,1094955,53918,182200,26534406,265917250,98142716,22,775,86,10,3417114,19,12735768,7832,24801,0
LOOK DONï¿½ï¿½ï¿½T TOUCH (feat. cade ,LOOK DONï¿½ï¿½ï¿½T TOUCH (feat. cade ,Odetari,2023-05-17,QZVFR2301356,"1,848",34,184630078,29450,3853996,69,63500291,813255,66100,15513962,102841979,69529,2,4,86,15,237120,17,1043199,2591,683699,1
We Are The People - southstar Remix,We Are The People (Southstar Remix),Empire Of The Sun,2023-02-17,AU2DY2300031,"1,847",34,131670125,46791,23537698,66,148269610,1257935,14500,1854474,24090347,98142716,29,6116,86,20,225396,7,7916,7832,764949,0
"Body (Remix) [feat. ArrDee, E1 (3x3), ZT (3x3), Bugzy Malone, Buni, Fivio Foreign & Darkoo]","Body (Remix) [feat. ArrDee, E1 (3x3), ZT (3x3), Bugzy Malone, Buni, Fivio Foreign & Darkoo]",Tion Wayne,2021-04-22,GBAHS2100229,"1,845",34,329901408,127068,10900641,59,139803282,2011079,823150,666189916,5034712644,5387519,56,5281,86,11,42260,13,396981,1386,1625019,1
Piyar Farak Wali,Piyar Farak Wali,Pawan Singh,2023-04-24,ING642302554,"1,846",34,30668840,681,196547,60,324783065,1774598,1170,64466,967073,98142716,28,5954,86,15,237120,17,12735768,7832,24271,0
Little Life,Little Life,Cordelia,2023-10-19,QZTB32354348,"1,844",34,15433188,5294,5121873,67,1480668,47307,1112614,310478118,2139918587,3395360,10,250,86,5,564034,5,48577,571,165267,0
LOVE YOU BETTER,I NEVER LIKED YOU,Future,2022-04-29,USSM12203790,"1,843",34,128787729,37150,4216777,63,56487397,578887,35830,4458009,39913325,11069874,12,260687,3962,1,46208,5,85707959,10837,903005,1
DE LUNES A LUNES,DE LUNES A LUNES - Single,Manuel Turizo,2023-08-24,QZDYA1800274,"1,856",34,178247858,12797,13650757,73,104715392,352213,12100,2454985,26823518,37557065,17,15249,212,17,5682855,5,19861700,1116,415549,0
Whistle,Whistle (feat. Calum Scott),Jax Jones,2023-02-10,GBUM72202305,"1,859",34,150399875,24147,33879427,68,31790864,197887,8960,2341316,59124615,144744994,58,179831,93,34,800892,9,1523762,7832,1848814,0
Thang For You (feat. No Cap),Thang For You (feat. No Cap),Rylo Rodriguez,2023-06-23,QZUZR2307704,"1,860",34,34566972,14562,6350457,54,63064761,306628,199169,17792202,155967629,279837629,17,5954,4,3,151282,7,7359694,5246,706470,1
Before You Leave Me,Before You Leave Me,Alex Warren,2024-02-16,USAT22314248,"1,854",34,99946842,9128,36536793,78,4417747,54887,182200,309855,2306041,47328686,21,10826,58,15,312659,27,2870114,552,310024,0
2Humpy is Back,2Humpy is Back,2Rare,2024-04-05,USWB12401052,"1,861",34,299871,71,576253,67,148269610,1257935,387200,5817255,40815691,98142716,1,1,86,15,237120,7,82867,56,20511,1
la noia,La noia,Angelina Mango,2024-02-07,ITJG42400001,"1,853",34,81694468,4777,7822812,80,47424040,377348,182200,173700,4000000,251776060,28,14334,86,15,3191554,23,3551,7832,262811,0
TUS Lï¿½ï¿½GR,Microdosis,Mora,2022-04-01,QM4TX2252947,"1,862",34,231258162,42133,12601998,64,143774447,773465,1754800,79825538,760223916,317485352,27,5833,368,1,46161,20,3321809,662,616275,1
The EPA Song,Make It Myself,Ants on a Log,2023-03-31,QMFME2231905,"1,876",34,239850720,3,56,67,369121448,410669,182200,26534406,265917250,98142716,28,2,86,15,237120,17,12735768,7832,1,0
La solution,Voodoo belge,Marka,2023-02-03,BEW512200007,"1,871",34,1537,3,226,67,414936783,442757,182200,26534406,265917250,98142716,28,3,86,15,237120,17,12735768,7832,854584,0
WORTH NOTHING (feat. Oliver Tree) - Fast & Furious: Drift Tape/Phonk Vol 1,WORTH NOTHING (feat. Oliver Tree) [Fast & Furious: Drift Tape/Phonk Vol 1],TWISTED,2022-09-28,QZNWZ2297541,"1,868",34,299202591,67616,26749482,67,36393651,720855,418361,408682791,5978876777,1312638,21,796,86,6,28157,17,3556887,3088,2693410,1
Entre Nosotros (Remix) [con Nicki Nicole],Entre Nosotros (Remix) [con Nicki Nicole],Tiago PZK,2022-01-05,AR3N42100008,"1,866",34,297383787,36673,9448129,65,467320988,3360533,182200,26534406,265917250,595873581,20,12895,86,14,27719,8,344197,604,737203,0
Tal Para Cual,Tal Para Cual,Salastkbron,2024-01-11,AR5UH2301964,"1,867",34,54141672,5115,10033097,70,89396830,355314,182200,26534406,265917250,195623398,28,183,86,2,6018,13,12735768,7832,36160,0
El Tï¿½ï¿½,El Tï¿½ï¿½,Grupo Firme,2020-10-27,QZDQH1906375,"1,877",34,432634168,31429,17749866,59,699174305,2537896,128548,12531029,168805311,19333484,16,5054,134,7,6081112,38,92147328,21527,1109128,0
Sorriso no Rosto,Sorriso no Rosto,Mc IG,2024-05-28,BRWMB2400738,"1,874",34,11576361,935,26514018,71,9310828,224835,182200,26534406,265917250,104741,2,2,86,5,7100195,19,12735768,7832,854584,1
"jealousy, jealousy",SOUR,Olivia Rodrigo,2021-05-21,USUG12101248,"1,878",34,884616492,101479,24049783,77,211384847,2822121,94602,92641326,464412661,14107434,32,1529,7,10,32485,8,21456287,28539,1187607,0
ICU,ICU,Coco Jones,2022-10-21,USUM72216687,"1,881",34,52106559,13612,2835147,61,70625059,637218,50210,9243349,81185287,143356579,30,173142,104,4,432333,36,52357286,37370,1514755,0
Joy (In My Own Time) - Tribe Song,Joy (In My Own Time) [Tribe Song],DAMIEN,2023-03-31,AUMEV2312696,"1,880",34,6300,10,398,3,371579831,300617,7,807,29251,45503399,28,30,86,15,237120,17,12735768,7832,854584,0
Enemy - Radio Edit,"NOW That's What I Call Music!, Vol. 82",Imagine Dragons,2022-05-06,USUM72019717,"1,886",33,820953,204,16612,22,38888242,500894,182200,26534406,265917250,98142716,28,576584,86,15,237120,17,12735768,7832,854584,0
When It Comes To You,When It Comes To You,Fridayy,2023-07-21,USUM72309787,"1,884",33,36398813,7606,12388422,62,51105810,440385,42585,3116540,30427598,166879315,17,65182,77,5,660396,39,37401204,8950,1019440,0
Semangat Kerjanya Kawan,Semangat Kerjanya Kawan,Aldo Zee,2022-09-19,SGB502242208,"1,891",33,32642,7,2063,1,50391,373,3622500,8929235,235913641,98142716,28,5954,86,15,237120,17,12735768,7832,854584,0
Libaas,Libaas,Kaka,2020-11-19,INS402000018,"1,889",33,76630812,8933,1073356,51,964253382,9620300,199165,7327817,99450429,865457,4,20,86,15,237120,5,7,7832,264288,0
Flooded The Face,Pink Tape,Lil Uzi Vert,2023-06-30,USAT22306846,"1,885",33,125102655,54044,18974212,66,7154684,115132,6550,1263286,9831629,174647301,26,5954,86,4,20831,1,502164,1157,207467,1
"90-90 Nabbe Nabbe (From ""Jatt Nuu Chudail Takri"")","90-90 Nabbe Nabbe (From ""Jatt Nuu Chudail Takri"")",Gippy Grewal,2024-02-20,INM432400019,"1,892",33,6576855,307,62869,67,66986452,456000,128600,774,6127,33272955,1,91,86,15,237120,17,12735768,7832,43588,0
"Ranjithame (From ""Varisu"")","Ranjithame (From ""Varisu"")",Thalapathy Vijay,2022-11-05,INS182203495,"1,890",33,123908201,6218,4505067,62,417372813,3801568,182200,26534406,265917250,70876135,1,5954,86,15,237120,4,12735768,7832,62937,0
X SI VOLVEMOS,X SI VOLVEMOS,KAROL G,2023-02-03,USUM72222547,"1,887",33,491242756,37814,18470152,75,80668854,1002368,37716,4293404,77308719,1693129,57,23639,37,30,2744817,32,28747940,3596,734819,1
IT GIRL,IT GIRL,Aliyah's Interlude,2023-09-30,QZTB22388736,"1,894",33,118193328,26395,13098603,67,16317704,394257,230472,100318030,736463674,98142716,10,342,8,2,1675,29,377548,4267,669634,1
It's A Wrap - Sped Up,It's A Wrap,Mariah Carey,2023-02-10,USUM72301683,"1,900",33,35004403,6013,1732149,51,148269610,1257935,2450912,309650224,2693255753,98142716,4,29,417,15,237120,8,92054,1102,35868,0
Never Be Lonely,Never Be Lonely,Jax Jones,2024-02-09,GBUM72400217,"1,896",33,27715232,2834,16731190,67,10646067,88249,182200,26534406,265917250,33280611,31,56755,40,36,7400670,50,222437,7832,519975,0
SPIT IN MY FACE!,SPIT IN MY FACE! - Single,ThxSoMch,2022-12-20,USAT22223103,"1,895",33,519330096,67639,18087902,74,255558,3748,182200,26534406,265917250,98142716,26,2969,86,7,22420,11,1778625,5601,1841098,1
Beat Of Your Heart,Beat Of Your Heart - Single,Purple Disco Machine,2024-01-26,DEE862301861,"1,902",33,21179750,3144,19059841,67,7849267,75556,182200,26534406,265917250,58998674,44,81555,86,63,7355939,38,8608,10,854584,0
Oi Erro - Ao Vivo,Oi Erro (Ao Vivo),Simone Mendes,2023-03-24,BRUM72202351,"1,899",33,23883628,1390,2563092,51,341471782,1328954,182200,450726,5358634,1018907021,3,173,86,7,164494,5,12735768,7832,7075,0
Been Like This,Been Like This,Meghan Trainor,2024-03-14,USSM12401540,"1,903",33,44441672,3110,21182930,24,6534998,164262,182200,7764642,95682600,186561065,33,38516,336,30,865129,26,1310044,1685,190730,0
Rich Baby Daddy (feat. Sexyy Red & SZA),For All The Dogs,Drake,2023-10-06,USUG12306108,"1,910",33,372248119,6868,1527625,67,148269610,1257935,182200,26534406,265917250,98142716,17,115236,86,1,31089,9,12735768,7832,854584,0
Un Coco,Un Verano Sin Ti,Bad Bunny,2022-05-06,QM6MZ2214892,"1,904",33,534736940,54870,16605882,73,243635144,1460980,35000,53470902,327984369,20204348,11,1066,86,1,72,4,17997118,4174,751985,0
Heart Like A Truck,Heart Like A Truck,Lainey Wilson,2022-05-20,QMRSZ2200986,"1,906",33,156975001,21559,5658951,68,96079749,597275,192794,29435568,313652545,328117737,28,256048,130,3,87459,17,35986096,37567,854584,0
Honey Boy (feat. Nile Rodgers & Shenseea),Honey Boy (feat. Nile Rodgers & Shenseea) - Single,Purple Disco Machine,2024-05-03,DEE862400579,"1,905",33,19468909,2924,43639283,73,1130001,20708,182200,26534406,265917250,777,38,13552,86,64,1639901,21,10518,15,134063,0
Creeper Star,Creeper Star,Leo Walrus,2022-11-29,GX8MK2200002,"1,915",33,239850720,28,283,2,445360465,369291,1,25,541,98142716,28,12,86,15,237120,17,12735768,7832,854584,0
Ya Acabo,"DEV, Vol. 2",Marca MP,2021-02-19,QZFZ62111678,"1,916",33,340744110,34114,13462017,65,616701633,3072699,148099,24444067,229127001,16616564,8,3944,328,3,178476,9,79403159,20882,1239032,0
DOGTOOTH,DOGTOOTH,"Tyler, The Creator",2023-03-27,USQX92301932,"1,914",33,141377619,54114,7207419,66,20493982,566751,2021,802527,4036849,29195879,23,49738,464,12,99533,8,3088380,1985,387490,1
All Too Well (10 Minute Version) (Taylor's Version) (From The Vault),Red (Taylor's Version),Taylor Swift,2021-11-12,USUG12103690,"1,912",33,842558786,55074,40675939,74,290178261,6813320,169911,110877621,743331968,25836314,86,1865,77,9,21290,24,9689583,25854,827246,1
"Srivalli (From ""Pushpa The Rise Part - 01"")","Srivalli (From ""Pushpa The Rise Part - 01"")",Javed Ali,2021-12-14,INS182116113,"1,917",33,125396685,6443,2952745,55,672837687,6059733,182200,26534406,265917250,259045019,6,5954,86,15,237120,2,12735768,7832,118884,0
Go Back (feat. Julia Church),Go Back (feat. Julia Church),John Summit,2024-05-16,USUG12402628,"1,913",33,12724701,3327,49830444,72,148269610,1257935,182200,26534406,265917250,98142716,15,1880,7,14,1284887,39,180837,132,71800,0
"QUï¿½ï¿½TENME EL TELï¿½ï¿½FONO (feat. Yandel, Jay ",The Academy: Segunda Misiï¿½,The Academy: Segunda Misiï¿½,2024-03-28,USWL12400695,"1,919",33,39876490,5502,29909107,70,22359938,133504,182200,26534406,265917250,9505646,6,1304,86,7,228766,19,320121,241,328225,1
"Kalaastar (From ""Honey 3.0"")","Kalaastar (From ""Honey 3.0"") - Single",Yo Yo Honey Singh,2023-10-15,INZ031413795,"1,920",33,31193454,2610,1441921,67,174795453,9673740,182200,26534406,265917250,98142716,2,427,86,15,237120,9,12735768,7832,64971,0
"Tshwala Bam (feat. S.N.E, EeQue)","Tshwala Bam (feat. S.N.E, EeQue)",TitoM,2024-02-23,ZA56E2415633,"1,927",33,30674267,5326,8199508,68,52613580,674511,182200,64953911,934535152,26918523,29,2894,86,7,91885,15,12735768,7832,854584,0
GOSSIP (feat. Tom Morello),GOSSIP (feat. Tom Morello),Mï¿½ï¿½ne,2023-01-13,ITB002200841,"1,925",33,239288183,42084,9541843,71,56033826,823483,274300,20568859,206096023,22318374,34,38434,36,18,157940,20,2037712,2656,1704066,1
Meridian,Meridian,Dave,2023-08-24,GBUM72306716,"1,921",33,81911061,28740,4403115,3,56777570,494663,43903,8852635,106000587,85442573,26,5954,86,30,865583,20,12735768,7832,1019877,1
Ten by Ten,Lazy Mechanics,Carrier,2023-02-24,UKMDH2100069,"1,929",33,2265,37,2401,1,374193651,1023665,182200,26534406,265917250,98142716,28,2,86,15,237120,17,12735768,7832,51,0
ýýýýýýýýýýýý,ýýýýýýýýýýýý,ANNA ASTI,2023-07-14,RUA1D2370675,"1,922",33,17080355,5909,554886,53,203425864,773896,31300,2959139,33547289,435977933,17,1220,86,15,237120,17,12735768,7832,1065042,0
LOU LOU,LOU LOU - Single,Gabito Ballesteros,2023-10-21,USA2P2350242,"1,926",33,242519709,18760,16688762,67,49878848,310358,48600,7116059,79422764,98142716,10,1,86,11,13121412,9,2357958,1130,329048,1
SUPERMODEL,SUPERMODEL,Mï¿½ï¿½ne,2022-05-13,ITB002200385,"1,936",33,308183607,57988,30736731,64,29232672,460660,145290,31480770,401636873,65010,70,175801,629,52,355125,32,20536894,2578,2354432,0
Mourning,Mourning,Post Malone,2023-05-19,USUM72306015,"1,938",33,160305133,35523,3552008,62,51153469,760977,7354,3026171,44574455,152388969,54,10192,916,6,99943,9,49591623,4402,437969,1
300 Noches,300 Noches,Belinda,2024-04-25,MXF152301940,"1,937",33,51637997,2090,37145336,78,17476503,309492,182200,26534406,265917250,2635352,7,2208,86,8,1175213,16,12157,90,131747,1
BAIXO,BAIXO,xxanteria,2023-09-19,QZS7J2358214,"1,942",33,101938916,14123,13264777,67,65544713,996619,385086,61673120,613007025,21795577,1,5954,86,15,237120,17,12735768,7832,436098,0
Asylum,Avana (Deluxe),Olivetheboy,2024-03-01,USQX92400566,"1,940",33,4792243,518,3436044,64,3218219,32702,426600,5937072,67702628,98142716,16,79,86,2,5829,7,12735768,7832,480872,0
American Boy (No Rap Version),American Boy (Remixes 2024) - Single,Estelle,2024-05-22,QM7YK2300245,"1,941",33,12102307,2,9001,67,148269610,1257935,182200,26534406,265917250,98142716,28,5954,86,15,237120,17,12735768,7832,1123232,0
ceilings,five seconds flat,Lizzy McAlpine,2022-04-08,GBKPL2280163,"1,944",33,540382129,67808,85710040,76,33922247,572580,681271,330884076,2631370364,237035026,76,24819,558,31,1893859,58,5849073,5565,1224138,0
HIBIKI,nadie sabe lo que va a pasar maï¿½ï¿,Bad Bunny,2023-10-13,QMFME2364184,"1,948",33,160821035,28905,14456501,67,30126694,416875,182200,17020,185582,36717,11,1127,86,6,293259,10,2188466,230,141377,1
GATITAS SANDUNGUERAS VOL.1,GATITAS SANDUNGUERAS VOL.1,Alvaro Diaz,2024-05-16,USUM72401566,"1,946",33,41517704,2895,85480305,79,2080156,61973,182200,26534406,265917250,98142716,22,641,86,9,329482,25,256755,49,62200,0
Gangsta's Paradise,Gangsta's Paradise (25th Anniversary - Remastered),Coolio,2020-09-25,USTB12000152,"1,945",33,1675750095,506,66189,25,148269610,1257935,182200,26534406,265917250,98142716,97,5954,86,1,1689,9,539169583,334159,854584,0
LOST!,"Right Place, Wrong Person",RM,2024-05-24,USA2P2421303,"1,958",33,31453044,763,32866636,80,8834117,1274824,182200,26534406,265917250,119265847,12,65,1,20,1287877,3,955083,13,26633,1
"Saami Saami (From ""Pushpa The Rise Part - 01"")","Saami Saami (From ""Pushpa The Rise Part - 01"")",Sunidhi Chauhan,2021-12-13,INS182116086,"1,957",33,50831625,3101,1472504,49,684136410,3996864,182200,26534406,265917250,326017670,28,1833,86,15,237120,1,12735768,7832,63424,0
Facas - Ao Vivo,Diego & Victor Hugo Ao Vivo Em Sï¿½ï¿½o Paulo Vo,Diego & Victor Hugo,2022-08-04,BC29Q2200025,"1,954",33,278318,114,34185,17,526506814,2040196,9,3218,61675,2231104652,28,27,86,15,237120,17,12735768,7832,854584,0
Thoda Thoda Pyaar,Thoda Thoda Pyaar,Stebin Ben,2021-02-12,INZ031408749,"1,959",33,122853878,12736,2733790,67,873576528,7386664,182200,26534406,265917250,158304094,1,418,86,15,237120,17,12735768,7832,348168,0
SKEU SKEU (SPEED UP),SKEU SKEU (SPEED UP) (feat. Wilsko & 7ia) - Single,Jogga,2023-09-20,QZTAZ2365806,"1,956",33,18794730,5074,442006,67,36216795,317463,921000,75074468,831341566,55373937,1,639,86,1,9696,17,12735768,7832,335476,0
Sahara,Sahara,Hensonn,2021-11-16,QMDA72134986,"1,953",33,274961162,80300,27332775,67,196021271,2844570,506126,381369913,4719697686,4466903,18,707,86,3,91280,6,12735768,7832,2819281,1
"Leke Prabhu Ka Naam (From ""Tiger 3"")","Leke Prabhu Ka Naam (From ""Tiger 3"")",Pritam,2023-10-23,INY092300060,"1,952",33,31783195,1189,1483697,67,172518289,1926806,182200,26534406,265917250,87239915,3,600,86,1,584,12,404,7832,41934,0
Yeah Glo!,Yeah Glo! (Alternate Versions),GloRilla,2024-02-08,USUM72400408,"1,955",33,89513100,132,63750,67,148269610,1257935,182200,26534406,265917250,98142716,30,78325,86,15,237120,17,12735768,7832,854584,0
Save Me (with Lainey Wilson),Whitsitt Chapel,Jelly Roll,2023-06-02,QMRSZ2300371,"1,972",32,239850720,32312,13259481,67,148269610,1257935,182200,26534406,265917250,98142716,25,261843,86,15,237120,38,12735768,7832,1373958,0
Tacos Gucci,Tacos Gucci - Single,Anuel AA,2024-02-15,QM4TW2467636,"1,970",32,31900914,4008,6510589,67,61597694,410521,182200,26534406,265917250,654207667,7,2587,37,7,154742,13,1326891,389,80932,1
wiggy,wiggy,Young Miko,2023-07-21,QZXD92300012,"1,962",32,135841710,22636,7652807,61,53263040,755107,417900,106714247,1221296456,7015965,12,10927,690,7,141200,39,868108,732,404918,1
Nxde,I love,(G)I-DLE,2022-10-17,KRA392200038,"1,969",32,242708368,24028,7729486,66,306925934,3817854,1937,4217193,28580589,190154577,12,3655,86,4,38259,6,537228,1013,452824,0
Street Runner,Street Runner,Rod Wave,2021-03-10,USLD91730830,"1,961",32,163921357,36519,4018180,64,296510850,1746888,55925,13288490,64791187,273349430,22,3894,86,3,61084,3,65254347,37085,806043,1
Samba de Malandro,Samba de Malandro,MC Paulin da Capital,2024-03-14,BXKG22400584,"1,967",32,44365910,3206,27886603,75,46212150,373922,182200,26534406,265917250,132492795,7,213,86,16,9596479,16,12735768,7832,81711,1
Entre las de 20,Entre las de 20,Bizarrap,2024-04-02,UYB282401008,"1,968",32,100182006,4826,49679476,78,16163441,136282,182200,26534406,265917250,98142716,15,23,86,6,1265160,10,48832,88,164219,1
Barbie World (with Aqua) [From Barbie The Album],Barbie World (with Aqua) [From Barbie The Album],Nicki Minaj,2023-06-22,USAT22306162,"1,964",32,470358238,7198,2204206,51,148269610,1257935,182200,26534406,265917250,98142716,1,182333,86,3,13196,17,12735768,7832,854584,0
Stand By Me (feat. Morgan Wallen),Almost Healed,Lil Durk,2023-05-26,USQX92303185,"1,978",32,132870060,27561,8424250,69,27715495,361926,39700,4608976,62570724,174646320,36,7685,50,10,57855,35,60540256,16095,393651,1
Wake Me Up (Remix),Dance Essentials 2,Nick White,2022-04-01,USY252283746,"2,192",32,2300429829,32312,13259481,67,148269610,1257935,182200,26534406,265917250,98142716,28,5954,86,15,237120,17,12735768,7832,854584,0
A-O-K,A-O-K,Tai Verdes,2021-05-06,USQX92101406,"1,982",32,389915082,101681,12962599,66,12456282,162382,787994,412779417,3623326028,26683,57,67375,1665,9,48700,22,106214243,30063,1518022,1
Kiss Me,Songs of Sonder,Dermot Kennedy,2022-09-02,USUG12201963,"1,973",32,149237160,22036,6228907,65,60539963,307422,40847,3087705,52556917,1935086543,39,262744,86,22,662373,20,87697,147,2868389,0
COCO LOCO,COCO LOCO - Single,Maluma,2023-06-08,USSD12300235,"1,977",32,173609862,23712,20427970,63,74811822,363158,182200,26534406,265917250,86683187,53,54083,531,39,1196130,45,9667856,1396,849055,0
Sunny Day,Sunny Day,Matteo Rossanese,2021-05-28,QZHN92130190,"1,974",32,5936,57,785,67,148269610,1257935,5914142,1502758681,14730433978,98142716,28,5954,86,15,237120,17,12735768,7832,122323,0
"I spoke to the devil in miami, he said everything would be fine",LOOK AT ME: THE ALBUM,XXXTENTACION,2022-06-10,USQX92202218,"1,979",32,42993944,14476,4616378,58,7064950,182381,813,579314,6574386,197936,28,5954,86,15,237120,17,13068280,13415,363684,0
Goosebumps,Goosebumps,HVME,2020-06-12,TCAEW2040509,"1,999",32,495274429,128838,28968321,63,78671735,609580,94400,23269837,354473655,92853363,120,80857,178,54,274741,10,143877755,33339,2916022,1
Tï¿½ï¿½ï¿½t Bï¿½ï¿½n,Tï¿½ï¿½ï¿½t Bï¿½ï¿½n,Hana Cï¿½ï¿½ï¿½m,2023-01-03,DGA092216622,"1,994",32,558538,63,2483,30,42031,71,2800023,27762133,557643224,98142716,28,5954,86,15,237120,17,12735768,7832,854584,0
Aigiri Nandini,Numinosum,Nagavalli,2023-02-10,QZFZ72331100,"1,998",32,239850720,5,4173,67,392842852,1919579,182200,26534406,265917250,796,28,1,86,15,237120,17,12735768,7832,7,0
on one tonight,One of Wun,Gunna,2024-05-10,USAT22403441,"1,986",32,28658023,4184,26150391,77,3724826,56851,182200,26534406,265917250,381728,28,1,3,15,237120,17,12735768,7832,854584,1
You & Me - Rivo Remix,You & Me (Rivo Remix),Disclosure,2023-12-22,GBUM72310662,"1,995",32,76959761,18706,48962409,76,148269610,1257935,182200,26534406,265917250,98142716,33,9669,86,43,623021,24,511492,100,958396,0
Whiskey On You,Whiskey On You - Single,Nate Smith,2022-05-06,USRN12200053,"1,985",32,193854805,33972,7580172,68,24154881,173205,57547,3681829,35905755,98142716,25,238344,208,5,88296,19,125797090,5528,466888,0
Nostï¿½ï¿½l,Nostï¿½ï¿½lgico - Si,Rvssian,2021-09-08,USSD12100318,"1,992",32,503972431,90920,21683459,68,169044079,1342959,282700,63965739,544513130,15679692,77,25766,37,18,126019,31,7843225,3549,2021548,1
I Smoked Away My Brain (I'm God x Demons Mashup) (feat. Imogen Heap & Clams Casino),I Smoked Away My Brain (I'm God x Demons Mashup) (feat. Imogen Heap & Clams Casino),A$AP Rocky,2023-08-18,USRC12302098,"2,000",32,190634973,37824,13018777,79,12371887,154516,182200,26534406,265917250,98142716,3,81,86,10,94334,17,254259,2120,356345,1
Un Ratito,Un Verano Sin Ti,Bad Bunny,2022-05-06,QM6MZ2214879,"1,990",32,500671737,57541,10245525,70,204437602,1398859,17700,8267001,66367676,20223201,12,2271,86,1,171943,1,29494305,3482,796992,0
Mamaw's House,Mamaw's House,Thomas Rhett,2023-09-28,QZRD92303824,"1,991",32,57956846,10382,8944865,67,148269610,1257935,182200,60759,525525,98142716,16,115837,64,1,1930,23,18146742,2716,230880,0
Sezen Aksu,#1 - EP,Lvbel C5,2024-04-12,FRX282404289,"1,993",32,46650884,2613,5693826,75,23179014,100874,182200,26534406,265917250,98142716,8,412,86,4,1584589,17,12735768,7832,265109,0
hotline (edit),hotline (edit),Billie Eilish,2023-05-09,USUM72307244,"1,984",32,366169549,36901,11637721,78,11642653,461148,41401,33147084,242969046,128585394,5,5954,307,4,82543,6,195061,383,3943258,0
Sigue,Capï¿½ï¿½tu,Beny Jr,2022-04-01,ES71G2211486,"2,008",32,243125642,77523,7260157,74,173482368,821531,46000,6590357,70560340,155923213,8,1551,86,3,150930,2,12735768,7832,854584,0
Fluxxwave,Fluxxwave,Clovis Reyes,2023-05-07,QZK6N2350050,"2,002",32,88673935,17012,6135810,69,171113686,2566181,241100,41298885,332392194,3165,1,5954,86,1,128640,17,12735768,7832,441367,0
Buy Dirt,Buy Dirt,Jordan Davis,2021-05-21,USUM72104058,"2,007",32,457254811,51641,18836339,77,26485095,208483,105330,32037602,280557815,98142716,34,207859,229,1,8054,27,180003324,55408,958724,0
Las Morras,Las Morras,Peso Pluma,2023-04-04,QM4TX2378801,"2,004",32,253711656,26015,6838351,66,148812952,859486,21800,6180710,79415641,294580381,17,547,5,3,197981,6,17906765,2707,366772,1
Mamichula - con Nicki Nicole,Atrevido,Trueno,2020-07-23,ARRWN2000010,"2,013",32,515582705,65906,17187107,76,606811318,5460826,201700,49875266,348605056,1343753328,51,4044,86,31,406818,23,93316,727,634470,0
Fighting My Demons,A Great Chaos,Ken Carson,2023-10-13,USUM72314187,"2,015",32,97155109,35187,5011301,67,4542549,51897,182200,5842047,55497007,98142716,1,50,327,2,4987,2,332422,876,275363,1
Higher Power,Higher Power,Coldplay,2021-05-07,GBAYE2100379,"2,016",32,349603788,52095,26147738,63,137534459,1529839,276352,33048101,343629235,364653532,151,340644,85,49,833844,43,9120013,3235,2591262,0
Swear to God (feat. Future),Swear to God (feat. Future),Tee Grizzley,2024-05-10,USAT22402999,"2,011",32,7785021,1971,22252657,1,3973551,90879,182200,26534406,265917250,381728,17,2,5,7,1406173,21,3918627,222,57289,1
Prohibidox,FELIZ CUMPLEAï¿½ï¿½OS FERXXO TE PIRATEAMOS EL ï¿,Feid,2022-09-14,USUM72217627,"2,012",32,289624210,36819,10542649,70,201168669,890146,348887,29953518,298398790,2872779,27,10939,86,13,376532,7,3469448,496,465619,0
Montagem Mysterious Game,Montagem Mysterious Game,LXNGVX,2023-11-17,QZTBF2315869,"2,021",32,139208438,13863,30279318,77,13279195,355386,277600,50901731,599656685,98142716,4,2,86,15,237120,17,26279,87,1167271,0
soso,Boy Alone,Omah Lay,2022-06-24,USWB12201878,"2,017",32,167668390,54358,6297689,71,185746447,988971,341092,38596515,984682218,15648576,44,15141,143,15,454362,13,2549358,1234,854584,0
SEDA,nadie sabe lo que va a pasar maï¿½ï¿,Bad Bunny,2023-10-13,QMFME2364188,"2,009",32,138855240,27705,8044125,67,33615045,376469,182200,26534406,265917250,4046637,6,665,86,2,4812515,5,3418721,512,201936,1
Lace It,Lace It (with Eminem & benny blanco),Juice WRLD,2023-12-16,USUG12303678,"2,023",32,70180212,15523,14326985,67,17251406,381254,182200,26534406,265917250,1318430001,3,2175,8,6,116566,12,2966991,1425,105692,1
Watch The World Burn,Watch The World Burn,Falling In Reverse,2023-01-31,USEP42231004,"2,029",32,137204273,42638,4064739,69,105245546,1284515,20400,9349182,77626486,8536921,9,17229,24,5,715957,10,15279637,5846,633695,1
"Hukum - Thalaivar Alappara (From ""Jailer"")","Hukum - Thalaivar Alappara (From ""Jailer"")",Anirudh Ravichander,2023-07-17,QMBZ92351475,"2,030",32,143053873,6149,3893159,61,199585965,1829386,182200,175500,2909357,273397,5,12,86,15,237120,17,3311,7832,168682,0
With You,With You,AP Dhillon,2023-08-11,QMDA62306899,"2,025",32,159980783,17289,9007969,68,118381181,1270496,15519,1386029,21262061,98142716,17,974,86,2,6948,16,12735768,7832,215166,0
HUMO,HUMO - Single,Chencho Corleone,2024-04-04,QZXSR2400016,"2,026",32,44035743,2761,31791992,67,25128340,318423,182200,26534406,265917250,19076715,24,2476,133,15,213873,7,4610871,526,124799,0
Me Atraiu - Ao Vivo,Me Atraiu (Ao Vivo),Gabriela Rocha,2023-02-01,BR4WM2300002,"2,027",32,103132095,16094,9626456,63,224457485,1342976,366475,22029271,285847760,4380944,6,52,86,58,6984451,5,22643,7832,118786,0
LET'S GET FKD UP,LET'S GET FKD UP (feat. Tribbs),Alok,2023-11-17,DEE862301931,"2,034",32,125445403,28349,90192884,77,328527,4004,182200,26534406,265917250,98142716,32,95,86,64,6504061,25,5270,29,404270,1
I LOVE YOU HOE (w/ 9lives),3x3,Odetari,2023-07-12,QZVFR2301453,"2,028",32,160320384,29292,5268261,64,27712131,449186,182200,182400,2200000,98142716,1,4,26,3,18512,5,439911,1823,394365,1
HAPPY,HOPE,NF,2023-04-07,USUM72300449,"2,032",32,127558523,29689,7546223,68,56328016,701370,9222,2737285,37060287,5771624,20,52475,37,4,3837,11,45829561,10457,668230,0
Min Awel Dekika,Min Awel Dekika,Elissa,2022-05-04,LBA132200641,"2,040",32,24195796,7751,520105,52,513974720,3902623,32737,1654100,40801186,15212684,4,1416,86,3,209635,17,12735768,7832,968681,0
cï¿½ï¿½mo dormi,cï¿½ï¿½mo dormi,Rels B,2022-08-04,UYB282276000,"2,038",32,516560181,60949,15706900,74,110114094,814675,244400,53071916,544497354,203932387,17,7220,3,10,130488,22,39159,7832,340443,1
my ex's best friend (with blackbear),my ex's best friend (with blackbear),mgk,2020-08-07,USUM72014730,"2,042",32,682383223,115706,17572847,68,183898967,1760357,2489,713454,8328967,12251314,80,4674,1039,20,48721,31,165642608,47600,2439849,1
Parce (feat. Justin Quiles),Parce (feat. Justin Quiles),Maluma,2020-08-20,USSD12000217,"2,046",32,423582537,58315,14632113,61,491738603,2883634,1401346,73369804,642003320,9604334,64,7892,86,23,1638727,24,6559913,2544,965918,0
ýýCuýýl Es Su Nombre?,El De La Nueva Baby,Lucky Brown,2023-09-14,CLA1D2300086,"2,041",32,83521812,10789,6141307,66,127280465,489928,110443,7796172,52933390,497967066,1,126,86,3,1948038,17,42326,14,97655,1
L'ULTIMA POESIA,L'ULTIMA POESIA - Single,Geolier,2024-03-22,ITQ002400247,"2,044",32,41788648,2056,4977329,72,34701839,218997,182200,26534406,265917250,11032977,12,4574,86,3,3793156,26,12735768,7832,470963,0
TKN (feat. Travis Scott),TKN (feat. Travis Scott),ROSALï¿½,2020-05-28,USSM12001261,"2,047",32,447192467,93245,19111650,61,304553514,4676461,1600000,229389091,1990567953,34030311,141,29258,181,58,359553,24,5796151,6986,2921983,0
loml,THE TORTURED POETS DEPARTMENT,Taylor Swift,2024-04-18,USUG12401039,"2,039",32,115748552,3133,26378677,67,9659878,139519,182200,26534406,265917250,98142716,18,240,86,3,52518,57,1418545,726,55731,1
Estï¿½ï¿½ Daï,Alma Vacï¿½,Ivan Cornejo,2021-08-20,QZMFV2000188,"2,037",32,263986575,37945,5228085,67,138793735,1535505,953400,208958147,1575405115,266125,21,15,2,2,810,7,16443108,26731,1413328,0
Take Her Home,Take Her Home - Single,Kenny Chesney,2023-11-10,USWB12306453,"2,048",32,10292715,1666,3832651,9,2441458,29255,3054,50322,725724,217465527,13,125960,87,8,1677021,12,12247793,1057,139624,0
Entra Na Defender,Entra Na Defender,Luan Pereira,2024-03-21,BRRGE2400093,"2,064",32,68372540,2469,32369315,77,41802961,232946,182200,50978,486300,195270165,11,3,86,43,18447798,18,12735768,7832,21095,0
We're Good,Future Nostalgia (The Moonlight Edition),Dua Lipa,2021-02-11,GBAHT2001117,"2,049",32,515693079,56753,16981156,62,139617172,1511209,76990,24650112,200621230,346012847,106,265354,162,40,409034,28,129291565,11386,2909613,0
Sip (Alcohol),Alcohol - Single,Joeboy,2021-09-24,QZS7J2197906,"2,063",32,115647691,51136,5269627,58,215744090,1282316,812154,21567173,388440929,19685448,48,7052,225,11,546249,19,10402185,2550,4087365,0
One Thing At A Time,One Thing At A Time (Sampler),Morgan Wallen,2022-12-02,USUG12209213,"2,057",32,249576970,31843,5546389,70,39198931,239096,9602,2953745,37058831,98142716,20,101754,46,3,20693,11,59261739,12242,410037,0
Mentiras | CROSSOVER #3,Mentiras | CROSSOVER #3,Big One,2023-07-25,ARP7V2300024,"2,051",32,99865431,12217,5490186,64,169676605,490029,182200,26534406,265917250,199799559,1,3042,86,4,116607,4,12735768,7832,104806,0
911,911,Sech,2021-02-05,QM9WM2000134,"2,058",32,352258962,68202,13733700,55,415445675,2300245,321298,59055794,425874947,5980666,43,26965,92,7,59604,22,13388831,4469,943449,1
Boyz Don't Cry,Boyz Don't Cry,Rod Wave,2023-09-13,USQX92305199,"2,061",32,56903153,11259,2115211,67,19153480,247547,80195,7386830,63874274,1880522,3,90,86,1,1924,29,9833911,6317,261112,0
"Loser, Baby",Hazbin Hotel Original Soundtrack (Part 1),Andrew Underberg,2024-01-19,QMB622401808,"2,060",32,91969282,8656,2053660,67,51683164,844140,182200,26534406,265917250,98142716,3,5954,86,15,237120,17,860475,3839,53519,1
Hoy,Hoy,Valentino Merlo,2024-05-22,BK4DA2414210,"2,065",32,3084236,396,5178216,62,16220723,20462,182200,26534406,265917250,16582955,2,2,86,4,319987,4,12735768,7832,41919,0
Queen of Kings,Queen of Kings,Alessandra,2023-01-08,NOW7B2301090,"2,069",32,162396159,44113,11475897,66,120017704,1180096,66925,20374918,276521416,10071948,24,18103,86,12,144199,17,691648,1562,670703,0
Hasta Que Dios Diga,Emmanuel,Anuel AA,2020-05-29,QM4TX2084345,"2,071",32,657768560,87832,40590466,71,485818371,2230333,56900,4821532,48119818,111654843,93,4268,86,19,250832,19,24169267,3230,1043955,1
H.Y.B. (feat. Bas & Central Cee),Might Delete Later,J. Cole,2024-04-05,USUG12402406,"2,074",32,36824548,6647,36021058,67,7143716,141721,182200,26534406,265917250,4619708,10,2934,86,3,138748,39,3616525,281,173469,1
Hackearam-me,"Decretos Reais, Vol. 3",Marï¿½ï¿½lia Mendo,2023-03-16,BRWNV2300007,"2,073",32,43921455,1924,4623719,44,329678889,1854891,1304,633597,6144992,226061001,8,26,86,11,718002,4,26190,7832,9589,0
MONTERO (Call Me By Your Name),MONTERO (Call Me By Your Name),Lil Nas X,2021-03-24,USSM12100532,"2,067",32,1902241314,7736,1546777,44,577007299,11124112,182200,26534406,265917250,2455399379,94,16421,86,6,3447,1,12735768,7832,854584,0
Sand In My Boots,Dangerous: The Double Album,Morgan Wallen,2021-01-08,USUG12004193,"2,078",32,379462137,52985,7003255,72,144996999,759185,38414,17034027,137402135,75996858,23,192139,89,2,2873,12,161701201,48818,886799,0
Fouji Fojan Lofi 2 (feat. Aamin Barodi & Sapna Choudhary),Fouji Fojan 2 Lofi (feat. Aamin Barodi & Sapna Choudhary),Raj Mawer,2024-03-14,ING642402006,"2,088",32,41746,2,31,67,65576399,290795,182200,26534406,265917250,98142716,28,5954,86,15,237120,17,12735768,7832,3,0
A Cara do Crime (Nï¿½ï¿½s Incom,A Cara do Crime (Nï¿½ï¿½s Incom,Mc Poze do Rodo,2021-05-27,BCM9A2100020,"2,076",32,167885356,35425,5269761,59,623156045,4494258,62871,2554504,35359820,196485248,14,4,86,17,257093,7,12735768,7832,288490,1
Overseas,Overseas,D-Block Europe,2021-11-18,GB2DY2100828,"2,086",32,216354398,90545,5425432,64,92356896,647095,27652,13161166,148927892,33939271,14,5281,10,4,9626,11,38951,275,1065136,1
"I Pï¿½ï¿½ï¿½ ME, TU P","I Pï¿½ï¿½ï¿½ ME, TU P",Geolier,2024-02-07,ITQ002400009,"2,079",32,85967228,4033,5992539,71,55372624,370683,182200,26534406,265917250,615937940,14,7065,86,2,3097701,22,967,7832,162032,0
Monster (Shawn Mendes &amp; Justin Bieber),Monster,Shawn Mendes,2020-11-20,USUM72018810,"2,075",32,606018960,77941,24028281,61,249997553,4474871,148379,24539124,177089056,147014107,129,155635,86,39,360380,38,38810977,10996,2455342,0
Circo Loco,Her Loss,Drake,2022-11-04,USUG12208606,"2,077",32,201467069,74719,15970383,65,20937003,225873,21780,12829866,119899800,98142716,25,1,633,5,139795,8,31344634,4389,765958,1
Kiss Me More (feat. SZA),Kiss Me More (feat. SZA),Doja Cat,2021-04-08,USRC12100760,"2,083",32,1823871908,8460,1666482,46,462218257,4949298,182200,26534406,265917250,2309356254,90,111842,86,2,6198,2,12735768,7832,854584,0
Canï¿½ï¿½n Saï¿½ï,Canï¿½ï¿½n Saï¿½ï,Semicenk,2023-04-21,FRX282385759,"2,082",32,141252425,15291,5154828,69,194066158,587390,21400,722246,23818069,297624271,11,7224,86,1,1566667,17,12735768,7832,523400,0
Limbo,Freddie's Inferno,Freddie Dredd,2022-08-11,USRC12201645,"2,080",32,290154153,78735,11859340,68,23082946,421187,212440,107112714,914597307,909289,8,1155,3,10,97797,1,2050356,6853,2165418,1
Laad Piya Ke,Laad Piya Ke,Raju Punjabi,2022-05-04,INA1I1900134,"2,087",32,17675254,894,101013,55,573015231,1299244,182200,26534406,265917250,23808458,28,5954,86,15,237120,17,14,7832,65032,0
Coco Cola,Coco Cola,Ruchika Jangid,2020-09-04,INN172010039,"2,081",32,16483067,1547,487542,53,1019712247,4023690,182200,26534406,265917250,98142716,28,5954,86,15,237120,17,12735768,7832,41569,0
The Code,The Code,Nemo,2024-02-29,DEUM72401182,"2,091",32,52925522,4755,12993786,79,35640835,468153,182200,456500,7397500,2606582,37,5288,86,35,490971,34,12735768,7832,178195,0
Jï¿½ï¿½lale,Jï¿½ï¿½lale,Bb trickz,2024-05-02,ES5022400953,"2,102",32,23649304,1089,13373487,73,18261218,229451,20327,221800,1395100,2297932,5,3,85,4,27568,17,15096,85,114774,0
A Puro Dolor,A Puro Dolor - Single,Gabito Ballesteros,2023-12-02,USA2P2355925,"2,098",32,145332157,8065,19954898,80,79026835,407599,182200,115698,670588,1351870315,8,701,7,8,8103118,4,738838,412,233530,0
Baddie,I'VE MINE,IVE,2023-10-13,QMDA72364152,"2,094",32,97738080,9673,7806354,67,105403652,1173505,93100,58913003,599706698,563430275,13,1245,39,4,230164,18,228952,943,198905,0
Prisoner (feat. Dua Lipa),Prisoner (feat. Dua Lipa),Miley Cyrus,2020-11-20,USRC12003364,"2,101",32,795449825,89489,26707311,67,156172635,2182645,59449,27673273,248223677,18039448,199,204128,65,72,1381166,38,34048116,9490,2311374,0
Why Not,Why Not,Ghostface Playa,2022-04-01,QM4TX2235296,"2,099",32,187925725,56849,20452829,64,132788074,1959343,86033,73834050,790515512,1740665,12,6,86,2,83044,1,12735768,7832,1400731,1
Got It On Me,Shoot For The Stars Aim For The Moon,Pop Smoke,2020-07-03,USUM72013361,"2,096",32,501468322,167938,19174702,67,145512290,2125906,65170,21468930,199737055,45400,8,2184,86,4,1200,17,34152485,18559,855218,1
intro (end of the world),eternal sunshine,Ariana Grande,2024-03-08,USUM72317270,"2,090",32,216386557,6696,14339377,82,4613304,63775,182200,26534406,265917250,98142716,15,140,86,1,12028,7,177763,317,367285,1
QUE ME FALTE TODO,QUE ME FALTE TODO,Luck Ra,2023-10-26,CLPP22300109,"2,089",32,83544478,7535,12487998,66,106772777,296327,67500,1213643,19661922,224854786,2,5020,86,17,323249,1,2001,7832,80972,0
How To Fly (Abbey Road Remaster 2024),Caress Your Soul (Abbey Road Remaster 2024),Sticky Fingers,2024-03-08,AUUR12400049,"2,092",32,190342124,60,16287,67,148269610,1257935,182200,26534406,265917250,98142716,28,2,86,15,237120,17,43142557,9314,854584,0
Dj Dayak Full Beat Lagu Malihi Janji,Dj Dayak Full Beat Lagu Malihi Janji,Jeremya Ginting,2022-12-06,SGB502295030,"2,095",32,3211473,678,245209,67,148269610,1257935,2851400,64372906,1451994379,98142716,28,5954,86,15,237120,17,12735768,7832,854584,0
360,360,Charli xcx,2024-05-10,USAT22401341,"2,104",31,31940305,3363,94336088,76,3784807,147917,182200,26534406,265917250,190472731,85,1488,132,38,7757359,69,109331,130,50140,1
GATA ONLY (Con Cris MJ),GATA ONLY (Con Cris MJ),FloyyMenor,2024-02-02,QZDA62409561,"2,105",31,668280514,3,346,67,148269610,1257935,182200,26534406,265917250,98142716,28,5954,86,15,237120,17,12735768,7832,854584,0
Die Hard,Mr. Morale & The Big Steppers,Kendrick Lamar,2022-05-13,USUM72208965,"2,107",31,318340376,83638,10749840,71,43714392,491664,3974,1738489,11351079,7985091,36,57147,121,8,116857,33,11750858,3197,1032548,1
Akher Yawm,Akher Yawm - Single,Ghaliaa,2023-08-07,SGW502328333,"2,109",31,447624,133,28248,29,20172,453,1600000,23539380,479314735,98142716,28,7,86,15,237120,17,12735768,7832,42579,0
Ascend,Ascend - Single,Dezko,2023-06-09,QM7282324662,"2,114",31,76305266,31142,26310863,66,59140995,748335,161889,9494127,159434907,863864,8,12078,19,18,354311,17,73608,223,1327579,0
SI SABE FERXXO,SI SABE FERXXO,Blessd,2024-01-24,QZZ3N2400002,"2,117",31,124020754,8723,37831803,74,32907129,291898,182200,26534406,265917250,400807241,17,9413,38,21,1797464,13,675788,92,194069,1
Wind Up Missin' You,Wind Up Missin' You - Single,Tucker Wetmore,2024-03-29,QM24S2401097,"2,116",31,58496778,5573,30858408,74,6718753,63141,182200,1252899,50112477,185661403,22,2759,10,15,237120,13,2000917,1861,233617,1
ten,ten,Fred again..,2023-10-13,GBAHS2301151,"2,110",31,80795111,29807,14707999,67,3922613,53253,182200,26534406,265917250,98142716,30,5576,45,11,116217,15,415038,218,394864,0
"Dance For Me (1, 2, 3) - Stutter Techno","Dance For Me (1, 2, 3) [Stutter Techno]",Sonny Wern,2023-10-06,NL1DT2300205,"2,115",31,87323895,31519,22810387,67,148269610,1257935,21439,8893299,119926922,98142716,20,2057,86,22,142486,10,12735768,7832,403097,0
Paro,Paro,Nej,2021-05-21,FR96X2142743,"2,112",31,120054361,36872,4548963,56,468441213,5119403,864786,91708546,1160667367,113281222,6,19109,86,8,158949,17,12735768,7832,2275813,1
HOPE,HOPE,NF,2023-02-16,USUM72300445,"2,111",31,164875589,40366,16074335,64,124609202,2299632,23876,25274887,261238878,110745374,10,577,86,5,5883,7,6507190,4734,557175,0
Dancinï¿½ï¿½ï¿½ In The C,Dancin' In The Country,Tyler Hubbard,2022-08-19,USUM72206481,"2,129",31,142607318,17721,11539344,67,13270587,89854,14841,2675513,40035442,98142716,28,301252,131,2,89250,26,50982434,6178,596894,0
Starting Over,Starting Over,Chris Stapleton,2020-08-27,USUM72013812,"2,134",31,320586187,52739,9354750,71,174357045,850627,20041,5682477,50043423,414350862,50,105621,86,12,99431,35,391540206,40645,1663359,0
295,Moosetape,Sidhu Moose Wala,2021-05-15,INU252102408,"2,130",31,267897492,21677,5861599,68,677472355,11160045,135126,7799090,98802368,628498,8,52,86,15,237120,3,12735768,7832,335298,0
Gangsta's Paradise (feat. L.V.),...And You Don't Stop - A Celebration of 50 Years of Hip Hop,Coolio,2023-08-11,USTB12300126,"2,128",31,1666699743,7,2021,13,148269610,1257935,182200,26534406,265917250,98142716,28,5954,86,15,237120,17,12735768,7832,854584,0
Gulabi Sharara,Gulabi Sharara,Inder Arya,2023-07-27,INS7A2500864,"2,122",31,17389541,1613,158758,53,219300210,1776778,70,2742,38956,98142716,28,23,86,15,237120,17,12735768,7832,854584,0
Otro Atardecer,Un Verano Sin Ti,Bad Bunny,2022-05-06,QM6MZ2214891,"2,126",31,426439016,58352,12590067,71,187059915,1140762,63700,33219040,232987490,20261939,15,5954,2,2,605,3,17983505,2209,961174,0
ýýlle de Sen,ýýlle de Sen - Single,Muti,2023-11-17,TRCGH2300006,"2,132",31,49630584,7644,1077118,67,102074133,305216,38600,70954,6598274,304330982,3,1611,86,1,716,17,12735768,7832,182499,0
Soweto,Outlaw,Victony,2022-05-06,QZAKB2164097,"2,123",31,133353888,40696,2870988,69,152140804,845642,727366,52119320,614798320,15477584,43,16437,17,7,285721,13,3943214,1143,3191942,1
Enjoy,Enjoy,Jux,2023-07-14,ZA56E2303708,"2,127",31,7403756,2938,535879,19,13523535,99905,1397962,20258246,519353900,98142716,7,2810,86,1,9961,17,12735768,7832,963170,0
Poland,Poland - Single,Lil Yachty,2022-10-04,USUG12207318,"2,131",31,142817891,52177,9387393,58,9564773,374693,22311,9529259,134444259,98142716,30,155,1846,12,132440,3,2712267,5088,194400,1
BBY BOO,BBY BOO,iZaak,2023-12-21,USWL12303270,"2,125",31,6172030,1159,1788765,67,107931540,709294,182200,26534406,265917250,1207655028,1,11,167,15,237120,17,282002,337,55459,1
Brillarosa,Dolido Pero No Arrepentido - EP,Fuerza Regida,2024-02-09,QZ9QQ2400124,"2,120",31,69834726,3512,8863236,67,51351887,269848,182200,392037,8104799,125921167,14,2,86,4,15528,17,6181348,1338,259092,0
Bertaraf,Sir,Canbay & Wolker,2023-09-29,QZTPX2361588,"2,124",31,71190581,7887,3440542,70,127886162,447006,32200,607922,16097834,294412315,5,2245,86,2,15685,17,12735768,7832,412007,0
U My Everything (feat. Drake),In Sexyy We Trust,Sexyy Red,2024-05-24,QZS7J2409861,"2,133",31,13671209,1332,35500278,71,3143016,58858,182200,88700,400300,126237885,42,1687,86,4,329075,61,12735768,7832,130550,1
m y . l i f e (with 21 Savage & Morray),The Off-Season,J. Cole,2021-05-14,QMJMT2103634,"2,135",31,436133194,124236,21455262,68,78305305,910889,182200,26534406,265917250,26806812,78,30793,14,7,38073,16,42756940,16650,1399160,1
"Going, Going, Gone",Growin' Up,Luke Combs,2022-06-24,US6XF2100240,"2,139",31,192633758,25097,5307004,72,43607584,203727,33285,7739782,45564333,231390112,12,199434,199,1,71,8,130204437,8785,420418,0
HISS,HISS,Megan Thee Stallion,2024-01-26,USAT22400675,"2,141",31,80952546,6104,23088210,67,45378271,1259297,182200,603800,3270700,617644065,26,3,43,10,447386,27,13712563,3568,136893,1
Baarish Ki Jaaye,Baarish Ki Jaaye,B Praak,2021-03-27,INUM72100017,"2,142",31,53064181,6163,1029980,53,700321521,7293139,874600,10595202,144528086,242150653,1,40,86,15,237120,2,12638,7832,216531,0
Company,Company,Emiway Bantai,2023-01-22,FR2X42304449,"2,144",31,39899018,2423,691567,49,279246643,4502050,562900,4399190,93470365,795121,28,25,86,15,237120,4,12735768,7832,71016,0
get him back!,GUTS,Olivia Rodrigo,2023-09-08,USUG12305007,"2,140",31,287164579,1732,465956,67,148269610,1257935,182200,26534406,265917250,98142716,15,160631,86,15,237120,17,12735768,7832,854584,0
LA PEOPLE,LA PEOPLE,Peso Pluma,2023-06-22,QM7282306250,"2,143",31,261311116,21917,17543809,75,73174350,286276,1153,927518,10791305,37990067,4,20,86,2,4836584,5,6592452,5558,220819,1
BRAZILIAN DANï¿½ï¿½A P,BRAZILIAN DANï¿½ï¿½A P,6YNTHMANE,2023-05-12,QM6N22383605,"2,137",31,185914923,28387,19122650,72,114153936,1500822,182200,26534406,265917250,86472968,1,2,86,2,491228,5,313124,1606,1114212,1
REACT,REACT,Switch Disco,2023-01-13,GBARL2202525,"2,138",31,137897920,26625,54204917,69,61438933,366832,7625,1462045,33714095,149081593,73,122035,7,56,995516,23,23180,59,1621052,0
Wrecked,Wrecked,Imagine Dragons,2021-07-02,USUM72110166,"2,153",31,309587427,57487,5571645,64,199356851,1545728,13246,4225615,34312597,318221542,38,114484,64,15,234536,31,99574335,12684,3334562,0
Think U The Shit (Fart),Think U The Shit (Fart),Ice Spice,2024-01-26,USUG12400704,"2,155",31,82013588,8321,17390936,67,35869265,594381,182200,3783,40600,296107101,15,428,514,12,470265,21,3075586,5575,504447,1
Brown Munde,Brown Munde,AP Dhillon,2020-09-18,TCAFC2063050,"2,148",31,267617808,37741,5454166,64,756395439,7889556,222602,15409897,182472232,98142716,20,1757,86,1,1097,2,491910,1515,557124,0
"Kallo(Feat.Ajay Hooda,Pooja Hooda)","Kallo(Feat.Ajay Hooda,Pooja Hooda)",Komal Choudhary,2023-10-25,INT502310027,"2,146",31,15483918,978,136801,67,159198721,831982,182200,26534406,265917250,880969649,1,5954,86,15,237120,17,12735768,7832,854584,0
pov,Positions,Ariana Grande,2020-10-30,USUM72020441,"2,147",31,541397856,62958,23901981,66,195125143,1921318,1254926,161743407,1082235761,4630208,47,134263,328,7,163183,13,54217135,23039,1320353,0
Back Then Right Now,Back Then Right Now,Tyler Hubbard,2023-09-08,USUG12307215,"2,150",31,26917389,3411,8706253,67,2749241,22965,18,287407,7726317,4054,17,145192,5,6,1598341,16,19464678,784,229650,0
Boucan (feat. Franglish),Boucan (feat. Franglish),KeBlack,2024-04-25,FRPZ92414500,"2,145",31,21670034,1989,6717297,73,15271196,123620,182200,26534406,265917250,98142716,20,2531,86,22,18067425,24,12735768,7832,349565,1
Fulanito,Fulanito,Becky G,2021-06-03,USRC12100954,"2,151",31,254118106,38980,11054219,58,404064054,2732944,951433,333664664,2737871422,74410741,70,21512,421,13,97011,20,13501079,3852,821982,0
Only Love Can Hurt Like This (feat. Teddy Swims) - Remix,Only Love Can Hurt Like This (feat. Teddy Swims) - Single,Paloma Faith,2022-09-23,GBARL2201949,"2,156",31,10296798,1307,1725637,58,11726419,125802,3027666,1139840747,11601159321,98142716,5,5954,86,3,62278,17,31492,62,63534,0
Business (feat. Naza),Business (feat. Naza),DYSTINCT,2023-06-01,NL2BN2300047,"2,160",31,74769930,34206,3353721,60,72559154,484307,50200,1761449,36415193,34331053,12,9500,86,5,72590,17,8090,7832,1152489,0
MANIAC,ODDINARY,Stray Kids,2022-03-18,US5TA2200027,"2,163",31,293724552,27089,8506820,68,343273995,6840494,274400,180065845,866409009,208694354,7,2041,255,6,59109,17,2234511,6341,591662,0
A Real Playa,A Real Playa - Single,Parsa Nani,2024-05-24,GBARL2400577,"2,158",31,17255,17,64478,67,24805,335,182200,26534406,265917250,98142716,2,23,86,1,4848,17,12735768,7832,1867,0
Mona Lisa - Spider-Man: Across the Spider-Verse (Deluxe Edition),Mona Lisa - Spider-Man: Across the Spider-Verse (Deluxe Edition) - Single,Dominic Fike,2023-06-02,USQX92303644,"2,159",31,148686610,37054,15004163,63,445811,5554,6040,4875010,61668626,98142716,55,50791,86,10,47339,5,7417863,2235,740382,0
ADIï¿½,LA NENA DE ARGENTINA,Maria Becerra,2022-12-08,USAT22221820,"2,157",31,172082938,15951,6701830,66,215719591,857582,485700,55172498,874751736,17350637,3,11867,456,8,414587,10,196984,127,308507,1
Something About You,Something About You,Eyedress,2021-06-03,GBMYF2000174,"2,162",31,438511316,96233,22697396,77,27188286,573905,150543,73826869,434155492,1722430,4,422,37,3,18857,8,1559941,3275,1611142,0
Patadas de Ahogado,Patadas de Ahogado,LATIN MAFIA,2023-11-03,MXF012301101,"2,161",31,127503950,18981,16280436,67,39927538,505055,182200,26534406,265917250,35520584,20,2573,59,25,13071683,31,164324,337,775879,0
After LIKE,After LIKE - Single,IVE,2022-08-22,QMBZ92254957,"2,169",31,365203093,28691,12128682,69,281724902,2937674,4455,4713841,49211096,170632648,25,5378,122,6,76475,19,559111,595,613332,0
So Far,So Far,florias,2023-03-10,SE5752309413,"2,164",31,10554,18,541,10,333366384,362004,182200,26534406,265917250,98142716,28,66,86,15,237120,17,12735768,7832,275,0
Vem Desestressar,Vem Desestressar,MC PH,2024-04-04,BXG6R2400152,"2,177",31,35473387,3432,20567305,69,28992482,285938,182200,26534406,265917250,14913529,4,3,86,15,12589266,16,34,7832,38259,1
Call Me Every Day (feat. WizKid),Call Me Every Day (feat. WizKid),Chris Brown,2022-06-17,USRC12201904,"2,174",31,125056212,43939,9282167,61,123551829,1191440,93200,5963103,58980168,58989712,53,80954,271,16,143492,33,25014026,6095,1524739,0
World's Smallest Violin,OK ORCHESTRA,AJR,2021-01-01,QMRSZ2003324,"2,165",31,343227483,71196,5509068,63,239480315,4107386,532614,652146812,6292383402,988296994,9,38402,554,4,65921,6,8090551,75244,2936528,1
Thot Shit,Thot Shit,Megan Thee Stallion,2021-06-11,QMCE32100339,"2,176",31,319372639,63421,26904800,60,166781349,2497154,711938,542884940,3757736116,50913560,91,81209,175,15,143489,39,64291360,28935,1499357,1
Si La Calle Llama - Remix,3MEN2 KBRN,Eladio Carrion,2023-03-17,QM4TX2344392,"2,175",31,190420514,39949,11667012,65,109102453,801125,46300,30338931,272952215,3843594,20,692,86,3,3397,4,126414,229,315999,1
Kusu Kusu (feat. Pamela Jain),Top Hits - Single,Dev Negi,2021-12-22,NLHR52116995,"2,171",31,239850720,32312,13259481,67,684272012,6897951,182200,26534406,265917250,239634640,28,5954,86,15,237120,17,12735768,7832,854584,0
Waffle House,Waffle House,Jonas Brothers,2023-04-07,USUG12301227,"2,170",31,139105802,16162,24753071,63,18520292,175833,37347,12006571,147611576,1051178417,66,170601,1787,19,641414,17,16509877,6205,573574,0
Tacata,Tacata,Tiagz,2023-08-11,SGB502390555,"2,172",31,39715603,13502,1974605,60,84439011,951441,466855,94227206,1032372538,389715914,28,55,282,1,2078,17,126764,2097,854584,0
Got Me Started,Got Me Started,Troye Sivan,2023-09-20,AUUM72300183,"2,180",31,125169958,19673,11567850,5,22661967,332818,6720,8601376,136718693,1095965496,60,43542,3,29,395765,30,541336,671,982286,1
Low,SOS,SZA,2022-12-09,USRC12204586,"2,178",31,452881574,59064,17662712,73,30642267,285150,74165,53009405,449104323,9997,22,439,56,13,111469,1,5145081,4505,884773,1
BRODYAGA FUNK,BRODYAGA FUNK - EP,Eternxlkz,2023-11-17,QMFMF2345384,"2,183",31,73316998,6863,23952817,75,48425342,581515,300700,53837087,695420301,98142716,2,5954,86,15,237120,17,12735768,7832,698469,1
Private Jet,Mafia Musik,D. Savage,2023-02-17,USUYG1464173,"2,181",31,3608717,3268,109837,40,340092596,5238903,442,23970,316425,1600044,28,5,86,15,237120,17,55387,7832,854584,1
Baklava,Baklava - Single,Gya,2024-04-15,ROGRA2400294,"2,189",31,5633595,418,286571,61,38890559,213288,182200,26534406,265917250,30591117,2,5954,86,1,128640,17,12735768,7832,50894,0
bye,eternal sunshine,Ariana Grande,2024-03-08,USUM72317269,"2,194",31,127408697,6270,16012094,67,14508851,207049,182200,26534406,265917250,53107845,13,1455,83,9,205444,12,633253,684,89167,0
BIZCOCHITO,Find Your Line: Official Music from GRAN TURISMO 7,ROSALï¿½,2022-03-04,USSM12109223,"2,192",31,222910969,42182,10406462,61,69332188,971738,1874811,1019396452,11257489400,20397038,34,10985,2464,23,134321,28,3718270,2356,1284746,1
Veggie Dance,Veggie Dance,Gracie's Corner,2024-04-05,QZHNA2455146,"2,187",31,2279039,222,58855,55,43379343,332023,182200,21260608,161578600,98142716,1,5954,86,15,237120,6,251021,2748,33195,0
Sittin' On Top Of The World,Sittin' On Top Of The World - Single,Burna Boy,2023-06-01,USAT22305462,"2,196",31,44751795,23415,3622192,55,21737557,277948,98682,8807279,114732862,60598905,44,113508,855,11,118980,29,6837176,740,343757,1
Si Fuera Fï¿½ï¿,Si Fuera Fï¿½ï¿½cil - Si,Grupo Marca Registrada,2022-05-27,USDXS2201491,"2,195",31,285183501,28319,13770276,65,322857747,1566688,60681,10855957,125822489,98142716,6,29,86,2,194190,3,26370349,3167,411987,0
Mahiya Ve Gal Sun Mahiya Vey,Mahiya Ve Gal Sun Mahiya Vey - Single,Nimra Mehra,2023-09-29,DGA0M2361023,"2,190",31,209649,70,513,67,148269610,1257935,1300000,3450332,65658454,98142716,28,5954,86,15,237120,17,12735768,7832,854584,0
Engana Dizendo Que Ama,Dos Prï¿½ï¿½dios De,Veigh,2023-05-19,QZMWW2396003,"2,188",31,142474379,25470,5055407,67,144774313,822345,182200,26534406,265917250,98142716,8,5954,86,8,328165,16,12735768,7832,153295,1
"Arcï¿½ï¿½ngel: Bzrp Music Sessions, Vol","Arcï¿½ï¿½ngel: Bzrp Music Sessions, Vol. 54 - Si",Bizarrap,2023-03-22,UYB282301033,"2,191",31,146680564,28883,9546255,62,154916805,3043720,820,136267,1816865,1778092,8,8273,14,13,115418,5,904756,7832,199628,0
HVN ON EARTH (with Kodak Black),HVN ON EARTH,Lil Tecca,2023-08-18,USUM72311878,"2,201",30,114669893,39763,21760033,60,7212572,84826,16900,3459451,25286791,98142716,2,2043,10,3,36550,17,1616178,826,250753,1
Gently (feat. Bad Bunny),For All The Dogs,Drake,2023-10-06,USUG12306084,"2,204",30,123630149,25645,5218214,67,18057785,239269,32270,12450697,100624699,407,19,5021,340,7,140361,8,6544882,1899,761861,1
Baarish Ban Jaana,Baarish Ban Jaana,Payal Dev,2021-06-03,INUM72100032,"2,202",30,70622319,4554,1202197,57,764803929,5521315,492,4395,27723,1955607,3,35,86,15,237120,17,396,7832,162219,0
I CAN'T STOP ME,Eyes Wide Open,TWICE,2020-10-26,US5TA2000134,"2,200",30,384886220,32051,9361355,65,681682229,7966863,243659,94368004,666762692,63358966,31,2821,9,8,56015,7,2318090,3023,643653,0
Filhaal2 Mohabbat,Filhaal2 Mohabbat,B Praak,2021-07-06,INUM72100040,"2,206",30,72348363,6300,1979759,57,717290683,6865430,181300,5507080,90316836,1919497,5,247,86,15,237120,2,7696,7832,209262,0
8am in Charlotte,For All The Dogs,Drake,2023-10-06,USUG12306082,"2,207",30,81093233,34004,4164888,67,4234309,51965,17500,1977355,17415834,98142716,7,401,1,3,135946,17,391257,932,385268,1
Lullaby - BadWolf Remix,Lullaby (BadWolf Remix),TR-MEET,2023-03-24,DEEE72301691,"2,213",30,18204,113,5777,10,327499400,256952,182200,26534406,265917250,98142716,28,1,86,15,237120,17,12735768,7832,964,0
Love Not War (The Tampa Beat),Love Not War (The Tampa Beat) [Remixes] (feat. Jason Derulo),Jason Derulo,2020-11-19,GBARL2001440,"2,212",30,286179073,51888,9569404,59,239078390,1790062,465640,46773428,444068106,225346751,99,274839,86,28,344794,1,2735151,2045,4522347,0
WHERE SHE GOES,nadie sabe lo que va a pasar maï¿½ï¿,Bad Bunny,2023-10-13,QM6P42352188,"2,208",30,717849037,11199,4402776,67,148269610,1257935,182200,26534406,265917250,98142716,16,13,86,15,237120,17,22701001,8039,854584,1
My Oh My,My Oh My,Ava Max,2024-04-04,USAT22401759,"2,216",30,20012688,2365,37158651,1,7298437,149857,182200,26534406,265917250,56157311,51,22793,21,21,7073401,67,2730227,323,142814,0
Not My Fault (with Megan Thee Stallion),Not My Fault (with Megan Thee Stallion),Reneï¿½ï¿½ ,2023-12-15,USUM72318541,"2,221",30,81494626,8973,20213928,67,101469,1338,182200,26534406,265917250,98142716,23,74984,137,39,3444021,24,2269915,942,854584,1
willow,evermore,Taylor Swift,2020-12-10,USUG12004699,"2,217",30,844790027,67136,50350718,72,189534686,2729881,65010,20896955,212587391,139953667,167,150385,131,29,412109,77,80383509,30416,1987676,0
100 MESSAGGI,100 MESSAGGI,Lazza,2024-02-27,ITUM72400349,"2,219",30,69972816,5282,6183983,73,30283430,232134,182200,26534406,265917250,59168102,13,11835,86,3,3785899,25,1861,2,854584,1
OUT OUT (feat. Charli XCX & Saweetie),OUT OUT (feat. Charli XCX & Saweetie),Joel Corry,2021-08-13,UK4ZF2100518,"2,218",30,509445605,105947,68408965,68,21324881,168696,2521,849518,16050371,98142716,124,105328,307,72,1755222,37,5977100,1482,3151561,0
Cï¿½ï¿½,VICE VERSA,Rauw Alejandro,2021-06-25,USSD12100296,"2,215",30,596905923,83179,20128974,76,132634826,1011336,803336,177757652,1408309850,12050206,72,17091,181,18,238540,25,18530463,2252,1086469,1
Whatï¿½ï¿½ï¿½,Scary Hours 2,Drake,2021-03-05,USUG12101041,"2,220",30,383261731,94964,21697781,62,84527592,1340886,60864,41730155,320457752,112914243,62,40515,377,27,428254,26,55798346,49620,854584,1
Turn On The Lights again.. (feat. Future),USB,Fred again..,2022-01-17,GBAHS2201001,"2,214",30,190872805,102679,49713000,61,4804721,64070,89852,35100872,435794732,98142716,44,18922,1,16,491915,26,520655,501,1617989,0
Despï¿½ï¿½dase ,"Boca Chueca, Vol. 1",Carin Leon,2024-06-01,USA2P2432330,"2,211",30,10557337,393,42329224,72,4595134,65231,182200,26534406,265917250,2297932,9,36,86,6,642021,17,949464,155,110707,1
"Mommy, Mommy Give Me Yummy","Mommy, Mommy Give Me Yummy",D Billions,2021-04-20,AEA0Q2102685,"2,209",30,239850720,49,4311,21,833736978,1346347,262,14670,1175444,98142716,28,5954,86,15,237120,17,12735768,7832,7925,0
Calidad,Calidad,Grupo Firme,2022-07-12,QZDQH2257609,"2,238",30,308915484,18763,9876263,54,272892088,834521,479753,21899443,364940104,98142716,6,6556,86,1,4392,17,12735768,7832,972534,0
Chakalitos,Chakalitos,Angi Fire,2023-07-22,USMH92305308,"2,229",30,14137400,1570,171193,10,221422238,1754240,182200,71,1172,4356346,28,267,86,15,237120,17,12735768,7832,154184,0
1000 Blunts,"Sing Me a Lullaby, My Sweet Temptation",$uicideboy$,2022-07-29,QZAPK2000271,"2,237",30,189588270,43837,2663499,72,87680985,700043,190,31952,432059,4870198,28,2,86,15,237120,17,6559431,3552,240381,1
#BrooklynBloodPop!,#BrooklynBloodPop!,SyKo,2020-07-27,QZK6Q2049800,"2,230",30,289085486,76485,8876090,62,247178404,3983154,1939369,289578955,2184568318,86473112,4,10,86,15,237120,2,3362791,11273,4423775,1
Mï¿½ï¿½dchen auf dem P,Mï¿½ï¿½dchen auf dem P,Luca-Dante Spadafora,2023-05-12,CH7812350872,"2,226",30,119141939,46323,14389973,67,23993631,167659,58,89658,1318558,103548221,21,2297,86,15,212114,13,12735768,7832,409234,0
"Lutt Putt Gaya (From ""Dunki"")","Lutt Putt Gaya (From ""Dunki"")",Pritam,2023-11-22,INS182303353,"2,228",30,54461319,3298,5676613,67,122509013,1256731,182200,26534406,265917250,506287027,5,770,86,15,237120,13,12735768,7832,121292,0
girl$,girl$,Dom Dolla,2024-06-07,USQX92401650,"2,235",30,1920905,945,44490548,67,78608,3629,182200,26534406,265917250,98142716,33,276,2,22,987568,39,32222,31,12191,0
I love you,I love you,Dadju,2023-12-08,FR8FB2328300,"2,247",30,70592513,10432,9086026,63,30034889,219547,182200,26534406,265917250,236171714,25,25849,86,25,16463650,24,1984,7,1203361,0
Loucura,Amor e ï¿½ï¿,Borges,2023-12-12,BCM9A2300102,"2,248",30,79782529,10849,8194521,67,70231783,491126,182200,26534406,265917250,462163988,9,5,86,18,5792984,16,12735768,7832,854584,1
Forget About Us,Forget About Us,Perrie,2024-04-12,GBARL2400078,"2,245",30,16171953,1439,18871474,67,6223280,200833,9253,26534406,265917250,143422306,40,24806,86,38,2359911,41,330318,7832,107402,0
Malas Decisiones,K23,Kenia OS,2022-10-27,MXF012200331,"2,246",30,249199925,15573,11736236,68,141829637,1346158,1093900,310175951,3326289021,35896326,21,7079,479,15,100850,4,167084,654,576456,0
Dos Mil 16,Un Verano Sin Ti,Bad Bunny,2022-05-06,QM6MZ2214889,"2,249",30,426904285,50219,17690466,71,198252709,1323047,241013,89404506,679567159,20200537,15,355,86,4,120297,9,10610635,1775,629164,0
Termina Comigo Antes,Termina Comigo Antes,Gusttavo Lima,2022-03-31,BXBAL2200001,"2,241",30,194919563,12885,13054030,63,459414543,1879854,60675,4714394,61427214,3136649155,19,9315,86,62,1085113,4,17963,7832,134484,0
Baarish,Baarish,Payal Dev,2020-08-11,INUM72000050,"2,244",30,12208412,1424,362321,41,135529803,1794516,5941101,17311643,278475456,98142716,1,5,86,15,237120,17,12735768,7832,37064,0
ZITTI E BUONI,ZITTI E BUONI,Mï¿½ï¿½ne,2021-03-03,ITB002100112,"2,242",30,475549122,94637,9975524,69,259762159,2895468,139573,75858814,628509922,21047789,62,17041,86,28,566398,42,543933,1020,2395559,1
Dijeron Que No La Iba Lograr,Dijeron Que No La Iba a Lograr,Chino Pacas,2023-03-14,USA2P2313930,"2,254",30,241174958,23146,7025185,43,146033306,697531,182200,26534406,265917250,54,9,36,11,1,72,2,29986425,2582,522273,0
Is It Love,Is It Love,Loreen,2023-10-13,SEUM72301218,"2,252",30,68785555,7360,8210301,67,16708048,243108,187211,1802595,63753450,999638074,26,74905,86,31,12315494,4,34080,36,677013,0
Portobello Beach,Passport,Quiet as a Mouse,2022-10-21,GBMJG2221437,"2,255",30,239850720,32312,13259481,67,453903004,1010270,182200,26534406,265917250,98142716,28,2,86,15,237120,17,12735768,7832,1,0
Nevada,Nevada,YoungBoy Never Broke Again,2021-01-30,USAT22103399,"2,251",30,163974630,60031,4503801,64,109858521,915546,20233,5083710,48854928,122293460,23,264,2,2,55679,17,44161281,27622,854584,1
Melhor Eu Ir / Ligando os Fatos / Sonho de Amor / Deixa Eu Te Querer (Ao Vivo),Churrasquinho do Menos ï¿½ï¿½ Mais (Ao V,Grupo Menos ï¿½ï¿½ ,2020-04-23,USDY42060410,"2,260",30,270944683,6608,2522207,67,996737706,4480282,66,6369,102989,63527580,28,5954,86,7,22899,17,12735768,7832,854584,0
Overdose,Overdose - Single,natori,2022-09-07,JPU902203154,"2,259",30,191425175,26630,3407532,62,271219300,2855968,183701,53658710,662260750,19820354,21,244,86,15,237120,17,12735768,7832,367613,0
Techno Cumbia (Remasterizado 2024/30th Anniversary),Amor Prohibido (Remasterizado 2024/30th Anniversary),Selena,2024-03-22,USUM72402911,"2,256",30,50962805,12,74974,67,148269610,1257935,182200,26534406,265917250,98142716,2,5954,86,15,237120,1,33951456,27028,854584,0
Tak Segampang Itu,Tak Segampang Itu,Anggi Marito,2022-12-02,IDUM72200281,"2,253",30,415357981,14918,7489575,74,201860884,912928,399388,88921840,1171868533,418,8,4463,86,1,2405,17,12735768,7832,127265,0
If I Didn't Love You,If I Didn't Love You,Jason Aldean,2021-07-23,QMRSZ2101546,"2,268",30,143447350,22233,3205615,60,95029099,693003,2017,1558730,15893357,591874403,2,295116,83,2,39829,17,205296427,27410,991870,0
NO ME QUIERO CASAR,nadie sabe lo que va a pasar maï¿½ï¿,Bad Bunny,2023-10-13,QMFME2364196,"2,269",30,144801283,20979,16117371,73,33000813,284943,1380,750523,7437994,37948816,18,8135,86,4,321307,16,4129629,1305,538315,1
UNHEALTHY (feat. Shania Twain),UNHEALTHY (feat. Shania Twain),Anne-Marie,2023-05-18,GBAHS2300345,"2,274",30,107435709,18457,6727123,60,18349123,218523,7316,5194441,79827003,183272059,52,133743,86,22,287345,21,350335,118,1025913,0
ATORRANTE - con Los Palmeras,ATORRANTE - con Los Palmeras,Emanero,2023-07-05,ARP7V2300023,"2,280",30,65617109,7487,3295468,61,189591521,578345,291,711415,33073512,215348129,1,4559,86,4,252063,11,12735768,7832,101460,0
"Praise (feat. Brandon Lake, Chris Brown & Chandler Moore)",CAN YOU IMAGINE?,Elevation Worship,2023-05-19,USPJT2300015,"2,284",30,79621215,31102,3889566,70,87320948,873405,182200,26534406,265917250,191016370,20,673,2,11,246651,18,4474215,10838,567381,0
greedy,greedy - Single,Tate McRae,2023-09-15,USRC12301975,"2,281",30,1256101755,3984,2453761,67,148269610,1257935,182200,26534406,265917250,98142716,109,5954,86,15,237120,8,12735768,7832,854584,0
El Mejor,El Mejor,Chayï¿½ï¿½n R,2023-10-27,TCAHK2398379,"2,282",30,7178040,1181,235460,67,9465691,61294,970300,21282649,470202643,98142716,28,5954,86,15,237120,17,12735768,7832,156906,1
"0 Sentimientos (Remix) [feat. Baby Rasta, Noriel, Darkiel, Messiah & Lyan]",Chosen Few: New Generation,Boy Wonder CF,2023-11-21,BK4DA2319487,"2,272",30,272261201,871,379289,67,148269610,1257935,182200,26534406,265917250,98142716,2,1,86,15,237120,17,67028949,47571,854584,0
BEBï¿,BEBï¿,Camilo,2020-11-25,USSD12000562,"2,277",30,401104048,42742,14190262,66,458776041,3332448,1002990,85197306,718042201,73445402,82,26472,86,25,361819,36,11215155,5479,1090144,0
Palhaï¿½ï¿½a (Ao V,Palhaï¿½ï¿½a (Ao Vivo) - Si,Naiara Azevedo,2023-01-12,BX8WE2200062,"2,271",30,149801910,10235,8902883,58,296057090,899154,182200,26534406,265917250,787165088,4,1846,86,24,167705,9,12735768,7832,103032,0
Atmosphere,Atmosphere,FISHER,2023-08-11,QZA742318982,"2,278",30,105178211,40300,55773870,70,329644,6449,6091,770581,11685263,78603,33,4543,358,17,92002,23,47299,253,582149,0
Eid,Eid,Mehmood J,2022-06-24,USANG2274868,"2,273",30,10762,5,29,4,20819326,318193,3400423,19977613,274491219,98142716,28,8,86,15,237120,17,12735768,7832,3103,0
BABY NUEVA,nadie sabe lo que va a pasar maï¿½ï¿,Bad Bunny,2023-10-13,QMFME2364191,"2,283",30,118835954,23373,9125370,67,29487901,386863,40400,4048330,37952552,98142716,5,954,86,15,237120,3,6977653,1304,399333,1
ýýýýýýýýýý ýýýý ýýýýýý ýýýýýýýý,ýýýýýýýýýý ýýýý ýýýýýý ýýýýýýýý - Single,ýýýýýýýýýý ýýýýýýýý,2022-12-08,DGA082213263,"2,279",30,468162,114,21665,24,148269610,1257935,2500000,5971244,183524720,98142716,28,5954,86,15,237120,17,12735768,7832,95147,0
Lighter,Lighter (Extended Mix),Galantis,2024-02-16,USAT22400413,"2,295",30,35712909,4573,31483398,5,1679600,30410,182200,26534406,265917250,23503476,29,49835,69,31,1270197,15,502092,64,271031,0
"Halli Naatu (From ""Rrr"")","Halli Naatu (From ""Rrr"") - Single",Rahul Sipligunj,2021-11-10,INS182115577,"2,293",30,72962855,169,170665,67,636965758,3951628,182200,26534406,265917250,85650827,28,5,86,15,237120,17,12735768,7832,854584,0
Good Love,Good Love,Hannah Laing,2023-05-12,GBUM72304092,"2,296",30,100186243,26116,36440018,70,20691770,124812,10300,1602940,28216441,7827526,41,20568,85,16,329760,27,12735768,7832,505083,0
Little Girl Gone,Little Girl Gone,CHINCHILLA,2023-04-21,GBGLW2300286,"2,297",30,100397677,21963,13959755,68,44530380,526851,855579,97764564,975465555,98142716,6,358,12,1,79184,17,4469706,6951,854584,1
Blicky,Blicky,Fresh X Reckless,2023-01-11,TCAGT2316203,"2,292",30,19617254,6378,749928,40,5983105,119013,2272645,310986195,2956553569,2662671,1,95,969,15,237120,17,286822,1533,854584,1
Hotel,Hotel,Montell Fish,2022-09-16,QZVBE2200009,"2,291",30,296674882,56660,27811906,74,38522238,508119,124659,58661300,366838888,15453,16,1045,11,8,210339,5,2352924,3822,924914,0
Mas Altas Que Bajadas,Nata Montana,Natanael Cano,2023-06-30,USWL12301031,"2,288",30,157476564,15069,7363178,71,140916381,774193,13700,8423736,52545729,98142716,11,2,86,1,72,5,2563987,412,213453,1
Somewhere Only We Know,Somewhere Only We Know,Gustixa,2022-09-05,QZNWV2251985,"2,286",30,53532212,9646,1321681,43,98671018,1371770,1952800,122253971,1659044866,98142716,1,110,86,15,237120,17,30026,7832,1190146,0
X1,Little Hair,MC Cabelinho,2021-12-20,QZTVM2103308,"2,285",30,185050407,30221,5514940,62,389574452,2043151,542800,23727816,249329094,23545375,10,62,86,14,367281,5,12735768,7832,198749,1
Baby Shark,Pinkfong Bebefinn (Pt. 1),Bebefinn,2022-08-26,QM6P42230294,"2,289",30,1731282,162,21068,31,462509288,1209603,182200,3430,172700,98142716,28,3,86,15,237120,17,12735768,7832,4206,0
DISPARA ***,DISPARA ***,Nicki Nicole,2023-05-17,UYB282300010,"2,301",30,182184068,23852,8214976,66,132049541,854994,182200,26534406,265917250,523463948,11,5313,86,22,441318,12,182885,107,176341,1
By Your Side,By Your Side,Rod Wave,2021-11-22,USQX92105590,"2,303",30,164804108,40909,4353138,60,111437165,932922,24901,7795076,50358850,212457530,20,27123,168,5,26308,3,25392031,22335,569269,1
Very Sad,Very Sad,Enchan,2022-11-23,SGB502288016,"2,309",30,1426122,284,21377,67,1328757,33856,2500896,143257450,2151095470,98142716,28,2,86,1,98031,17,12735768,7832,314385,1
Miracle (Extended),Miracle (with Ellie Goulding) [Remixes],Calvin Harris,2023-06-16,GBARL2300301,"2,314",30,57151,92,28566,14,57477,1150,182200,26534406,265917250,98142716,28,257509,86,15,237120,17,8658,7832,854584,0
Zapateado Encabronado #3,Nuestra Historia de Voces Ediciï¿½ï¿½n de Oro 25 a,Alacranes Musical,2024-03-22,GBLFP2486472,"2,300",30,12495358,5,17,67,148269610,1257935,182200,26534406,265917250,98142716,28,5954,86,15,237120,17,16357353,46235,854584,0
Ainï¿½ï¿½ï¿½t Tha,One Thing At A Time,Morgan Wallen,2023-03-03,USUG12300807,"2,302",30,210072827,30503,5318773,74,35281929,221683,54106,6277486,92174906,91240010,8,2055,86,15,237120,2,61861012,13426,172414,1
Do It Again (feat. 2Rare),Do It Again (feat. 2Rare),NLE Choppa,2022-10-07,USWB12205833,"2,313",30,155142115,65297,6721980,60,54256746,737762,143228,121730150,1073599652,840774,8,1558,158,5,31849,12,8586595,9434,1008825,1
Te Felicito,"Unas Mï¿½ï¿½as y Otras Prestadas, Vo",Gerardo Coronel,2022-11-11,QZDQH2204268,"2,308",30,136999598,2515,1614193,57,352276536,848233,182200,26534406,265917250,38327211,2,4630,86,15,237120,1,12735768,7832,772708,0
Funny Song,Funny Song,Bruno Portinho Trilhas para filmes,2023-03-07,SGB502330766,"2,310",30,239850720,3,10,2,148269610,1257935,2200000,62055632,1572668280,98142716,28,5954,86,15,237120,17,12735768,7832,854584,0
The Smallest Man Who Ever Lived,THE TORTURED POETS DEPARTMENT,Taylor Swift,2024-04-18,USUG12401041,"2,304",30,122986507,2923,11950658,67,6094390,70607,182200,272700,1800000,98142716,25,236,86,4,2012467,49,1007443,1771,46678,1
Loading,Loading,Central Cee,2020-10-22,ZZOPM2003512,"2,311",30,356681497,137745,8267546,65,204509339,2198210,62042,21340597,200676951,687625,26,7138,12,3,7612,7,439821,2081,1028060,1
Tek Tek (feat. MHD),Tek Tek (feat. MHD),DYSTINCT,2023-05-11,NL2BN2300036,"2,326",30,69208147,30635,5622603,59,79305809,522795,137811,11380386,226312722,98142716,28,12198,86,10,239446,17,9782,42,1184458,0
Everyday Hustle,WE DON'T TRUST YOU,Future,2024-03-22,USSM12402030,"2,319",30,32935844,9191,3072155,67,4797753,77902,182200,26534406,265917250,98142716,9,97,86,15,237120,7,662243,493,296876,1
Dos Besitos,Dos Besitos,La Joaqui,2022-10-27,ARACN2200010,"2,320",30,100335960,18928,3742291,56,163408340,634796,1050557,214890689,2147808820,195644977,1,2867,86,4,28838,17,15137,7832,160060,0
Deep Down (feat. Never Dull),Deep Down (feat. Never Dull),Alok,2022-06-17,DEE862200810,"2,318",30,335203899,61133,99451251,76,22524199,241700,9193,17617670,262461997,1754376767,92,120261,95,111,2069650,53,1743890,872,1795229,0
ýýCýýmo Pasýý?,ýýCýýmo Pasýý?,Ela Taubert,2024-02-14,USUM72400711,"2,324",30,61288751,3662,17901827,67,41942760,443004,182200,26534406,265917250,17589313,10,3666,86,15,331202,15,73018,166,610292,0
Still Rollin,Still Rollin,Shubh,2023-05-19,QM6P42332209,"2,325",30,191465461,18344,7425022,69,126428962,1236685,211500,7326210,144465879,795121,21,5954,86,1,22131,12,94543,158,267764,0
Mal Hombre,Mal Hombre,Kim Loaiza,2023-10-25,USWL12302769,"2,323",30,28817964,1104,1717958,67,99108166,1733004,381005,47403198,450286431,51649075,1,20,86,2,60358,17,177302,391,49569,0
In The Dark,In the Dark,Purple Disco Machine,2022-01-21,AUDCB1701963,"2,330",30,177722624,34102,6137203,59,61447086,348517,7268,1055159,20533718,1172517820,62,276734,3,32,846073,32,126601,136,5644172,0
Felina,Felina,WIU,2022-09-22,BXW922200018,"2,331",30,227079649,35385,8942936,63,199523728,1291904,298000,27867511,299633568,30444210,18,26,86,21,258759,13,12735768,7832,252351,0
Meet you at the Graveyard,"Clean Sheets, dirty walls",Cleffy,2023-10-06,TCAHM2333379,"2,327",30,95871805,21000,7441709,14,13445854,223703,111800,28044301,187420165,128731,6,5954,86,6,53422,8,12735768,7832,1905641,1
Sexy to Someone,Sexy to Someone,Clairo,2024-05-23,USA2P2416224,"2,329",30,15290073,2626,37148745,74,1148601,33597,182200,26534406,265917250,98142716,53,1091,2,27,2902501,108,61624,50,19920,0
Se Le Ve,"Se Le Ve (feat. Justin Quiles, Arcangel, De La Ghetto, Lenny Tavï¿½ï¿½rez & Dï¿½ï¿½melo Flow) ",Dï¿½ï¿½melo ,2021-08-12,QM9WM2100063,"2,332",30,240138585,43572,11285970,56,200632603,1367067,1845758,267131680,3307238247,67529333,34,7909,86,7,33136,2,1857076,1135,601506,1
Coraï¿½ï¿½ï¿½ï¿½o,Manual de Como Amar Errado,WIU,2022-11-29,BXW922200010,"2,333",30,239669425,30426,7338920,63,181495900,1178870,223700,26184927,378296874,144121249,12,3265,86,29,657656,11,12735768,7832,235905,1
FEARLESS,FEARLESS,LE SSERAFIM,2022-05-02,USA2P2219222,"2,328",30,312942305,20231,4756698,62,386459691,4716534,107047,152757714,1245609565,62900174,19,2852,218,3,2892,19,12735768,7832,854584,0
Where It Ends,Where It Ends,Bailey Zimmerman,2022-08-19,USWB12202445,"2,343",30,178441881,28857,7439902,75,24354425,188213,62371,17306191,161742703,404410206,19,123672,36,10,1718435,3,50809758,6473,456834,0
drivers license,drivers license,Olivia Rodrigo,2021-01-08,USUG12004750,"2,341",30,2184754018,9903,2638527,57,148269610,1257935,182200,26534406,265917250,98142716,51,523873,86,2,424,17,12735768,7832,854584,0
Desenrola Bate Joga de Ladin (feat. DJ Biel do Furduncinho),Pros Menorzin (feat. DJ Biel do Furduncinho),L7NNON,2022-04-08,BR5TG2200015,"2,340",30,86262202,17907,7303868,53,17014183,149189,3048900,208928001,2990547999,98142716,10,330,2,37,107890,12,12735768,7832,316099,0
Carry You Home,Carry You Home,Alex Warren,2024-05-31,USAT22403017,"2,339",30,9428361,1095,21925889,71,1902586,62041,182200,26534406,265917250,98142716,13,85,86,6,77312,45,582602,56,57380,0
City Boys,Workout Rap 2024,Burna Boy,2022-02-23,USAT22307528,"2,342",30,152289860,58113,19505579,69,79913960,578895,620950,37260289,546510983,307313090,79,32815,198,25,983428,45,5325630,1797,1398310,1
Wellerman - Sea Shanty,Wellerman (Sea Shanty),Nathan Evans,2021-01-21,GBUM72100297,"2,336",30,405754991,103694,5805294,66,93190559,1333319,113523,28646084,166376605,1114,14,31997,86,1,892,8,12543789,98802,4316684,0
Every Summertime,Every Summertime,NIKI,2021-08-10,USUM72114018,"2,346",30,383171089,60923,13164145,70,88319558,994946,1733862,271687291,2493175114,511367,26,27116,172,4,7021,5,165874,942,979445,0
MANDA BALA,MANDA BALA,Ariis,2023-12-08,GBLV62301933,"2,344",30,63016744,8387,6543410,67,13616356,166299,113600,31835762,286003280,18132086,1,5954,86,15,237120,17,12735768,7832,545233,0
TQMQA,TQMQA - Single,Eladio Carrion,2023-12-14,QMFMG2300652,"2,335",30,42043071,9916,8275134,67,55659616,244536,182200,26534406,265917250,1348852534,14,18208,322,7,12107030,4,574831,122,166487,0
Face Off,Face Off,Tech N9ne,2021-10-07,USZHR2100088,"2,347",30,194908788,58039,6855506,59,140886656,3277009,1004500,614002238,5338367302,277022606,4,1236,121,5,10634,2,11414784,34887,1640152,1
BOOKER T,EL ï¿½ï¿½LTIMO TOUR DEL M,Bad Bunny,2020-11-27,QMFME2066844,"2,351",29,403041493,62435,9324189,66,452234537,4763627,467766,137827484,1329875404,7229929,38,630,86,35,295037,9,11983033,7443,686025,1
Girls Never Die,<ASSEMBLE24>,tripleS,2024-05-08,KRA382402695,"2,352",29,8797665,769,17349465,67,19762635,804351,182200,26534406,265917250,98142716,13,106,86,4,7100,8,12735768,7832,30149,0
"24/7, 365","24/7, 365",elijah woods,2023-07-24,QZNWU2345439,"2,359",29,91124161,12758,7968409,71,31715988,242939,614000,19960842,303931523,98142716,13,2410,86,15,237120,10,310794,212,382697,0
POCPOC,POCPOC,PEDRO SAMPAIO,2023-11-23,BRWMB2301411,"2,360",29,137276005,9079,26226576,72,73127958,395431,182200,494473,8230779,474943607,21,3128,86,43,4550743,32,6858,7832,118848,0
Je M'appelle,Je M'appelle,Benzz,2022-04-21,GBUM72202219,"2,358",29,231745345,83611,6994071,65,96088327,1318047,87017,32191365,354699237,32996599,13,576,86,6,18881,7,12900,99,1068455,1
Bam Yang Gang,Bam Yang Gang,BIBI,2024-02-13,KRA382401062,"2,357",29,33558829,3403,11994440,67,61203352,659950,182200,1941024,21319700,522211096,6,972,86,15,237120,17,13851,58,89031,0
Tyler Herro,Tyler Herro,Jack Harlow,2020-10-22,USAT22006588,"2,355",29,555631717,127984,22280549,66,124710525,1463633,31218,16324267,148481502,4142863,78,22583,39,16,9685,10,71194296,12787,1141637,1
Manos Rotas,Manos Rotas,DELLAFUENTE,2023-11-16,QMFMF2333158,"2,356",29,106759874,18359,8998620,71,35214805,168576,182200,26534406,265917250,101018682,12,5740,86,6,49793,13,12735768,7832,315849,0
Ella No Es Tuya - Remix,Ella No Es Tuya (Remix),Rochy RD,2021-02-03,USSD12100003,"2,353",29,364856266,76669,15412661,62,214069737,2307973,1403400,122737092,1045339221,11945131,57,14881,16,15,192642,20,1572648,2206,955292,0
Satellite,Harry's House,Harry Styles,2022-05-20,USSM12200619,"2,373",29,455718141,51605,21294785,70,75741997,1437701,159300,64041346,440110491,22853340,40,85417,29,33,1564725,3,14752886,3113,1138012,0
Monï¿½ï¿½y so,Up 2 Mï¿,Yeat,2021-09-10,USLD91734275,"2,368",29,378668802,110916,13349294,71,46877855,687841,96000,82992212,658699167,6350,6,43,86,15,237120,1,2408379,13688,3103353,1
Ranjha Maahi,Ranjha Maahi - Single,Siddhant,2023-01-12,INS172224058,"2,375",29,40654,75,45363,7,361176372,4152958,182200,26534406,265917250,251709559,1,29,86,15,237120,17,12735768,7832,344,0
Talibans,No Love,Byron Messia,2023-01-20,QZFZ22348066,"2,371",29,54683202,28810,5603761,61,117764650,714375,73400,6149280,85578368,25028845,51,53047,155,4,173622,25,3335883,3812,1296410,1
Love Story (Taylorï¿½ï¿½ï¿½s Ve,Love Story (Taylorï¿½ï¿½ï¿½s Ve,Taylor Swift,2021-02-12,USUG12100342,"2,363",29,763292840,71179,60479422,74,95479909,1954310,580400,238529478,2195330963,146268449,100,55204,86,28,455783,7,59534342,31885,1405713,0
Skin de Bandida,Skin de Bandida - Single,Oscar Maydon,2023-09-22,QM3DF2294123,"2,364",29,176958728,14482,10063839,67,81376781,379156,9269,308866,2498673,98142716,10,2,86,9,1545158,17,220742,128,308713,1
Escapism. - Sped Up,Escapism. (Sped Up),RAYE,2022-11-25,QMFME2222462,"2,376",29,270327239,47167,13191481,66,148269610,1257935,309300,181625399,1908957097,98142716,13,5184,86,7,68716,13,445280,3246,1692925,1
Lisa,Lisa,Young Miko,2023-03-03,QZXD92300001,"2,365",29,209988103,30013,8335647,67,141919199,1514197,9195,10364955,87467392,9998025,14,4506,316,7,78288,4,1395619,1138,429046,1
I Can Feel It,I Can Feel It - Single,Kane Brown,2023-09-21,USRN12300040,"2,369",29,36059521,4589,5737335,67,1031056,17134,9892,814451,19880210,98142716,19,132947,108,3,1795,11,19210194,1671,251945,0
ýýýý ýýýý ýýýýýýýý,ýýýý ýýýý ýýýýýýýý - Single,ýýýýýýýý ýýýýýýýýýýýý,2024-05-02,CAQ8S1636173,"2,374",29,239850720,32312,13259481,67,32341045,31153,182200,26534406,265917250,98142716,28,5954,86,15,237120,17,12735768,7832,854584,0
FBI,FBI,Picus,2024-02-29,MXUM72400426,"2,386",29,6591040,295,852893,67,68503599,712779,182200,26534406,265917250,161194840,1,323,86,1,50451,1,12735768,7832,35815,0
Come and Say - Original Mix,Relyt Conections 3,"""XY""",2022-11-14,ES98I2200881,"2,379",29,239850720,1,9,67,415159148,745345,182200,26534406,265917250,98142716,28,1,86,15,237120,17,12735768,7832,854584,0
Somebody (2024),Somebody (2024),Gotye,2024-02-09,GBUM72311281,"2,378",29,51862502,14144,76264974,74,1992397,46818,182200,26534406,265917250,786338,32,6377,86,40,781938,31,102841,99,230260,0
Malvada,Malvada,Zï¿½ï¿½ Fe,2022-01-28,BRTLW2100037,"2,382",29,166427224,17110,7754576,53,401495057,2782962,660700,105899920,1504623313,724605425,18,1462,86,25,320796,6,7412,7832,141986,0
Not Fair,Not Fair,Niklas Dee,2023-06-02,DEN062300306,"2,392",29,164667038,46918,61515543,69,902072,8290,11100,1242953,14577073,98142716,23,11279,86,31,573152,15,12735768,7832,322313,0
Benjamins Deli,Benjamins Deli - Single,JRitt,2023-10-24,QZTBA2358000,"2,389",29,996881,446,255703,67,637836,17513,1100000,368388871,3461361475,98142716,28,45,86,15,237120,17,12735768,7832,854584,0
STAY (with Justin Bieber),Stay,The Kid LAROI,2021-07-09,USSM12104470,"2,385",29,3107100349,11726,2225897,53,148269610,1257935,182200,26534406,265917250,98142716,146,5954,86,1,8421,20,12735768,7832,15411173,0
TIKTOK,TIKTOK,Ian Lucas,2024-05-23,ARAE52400089,"2,381",29,2164864,113,1773907,59,15887461,533961,182200,26534406,265917250,19444997,28,132,86,15,237120,17,12735768,7832,3101,0
Call Your Friends,Call Your Friends - Single,Rod Wave,2023-08-18,USQX92304741,"2,395",29,47296342,10429,2724041,46,33439568,316661,39420,4468377,37869926,248768688,10,1223,16,13,31977,9,14954542,6060,208435,1
Rosa Pastel,Rosa Pastel,Peso Pluma,2023-04-20,QM4TX2394694,"2,391",29,192231633,22780,5337724,65,111990624,724790,9007,2993894,32536991,98142716,12,64,86,1,72,7,11822210,1981,289402,1
Dirt Cheap,Leather,Cody Johnson,2023-11-03,QMCQK1900317,"2,387",29,44047842,8961,11610924,11,11326093,90929,48500,1058781,8486978,1690515321,16,43529,4,1,1149,35,15957709,8376,252283,0
Tï¿,Encerrados Pero Enfiestados (Live Vol. 1),Carin Leon,2020-05-22,USDXS2007349,"2,393",29,327311508,31216,7536781,68,699298520,2643453,200001,16337762,271173077,2872858,15,6744,27,7,81984,39,48730708,21508,1353689,0
All Eyes on Me,All Eyes on Me - Single,Dj Belite,2022-12-20,TCAGR2239010,"2,401",29,155367,512,52259,67,21746915,272517,1502840,91479861,2017012601,98142716,20,5954,86,15,237120,17,12735768,7832,8238004,1
En El Radio Un Cochinero,En El Radio Un Cochinero,Victor Cibrian,2022-05-13,USDXS2201437,"2,399",29,215837483,26581,6387381,61,306900769,1945111,227800,63866568,1027674393,3372124,3,77,86,15,237120,8,11290790,12206,655686,0
ýýýýýýýýýýýýýýýýýýýýýýýýýýýýýýýýýýýýýýýýýý,ýýýýýýýýýýýýýýýýýýýýýýýýýýýýýýýýýýýýýýýýýý - Single,ýýýýýýýýýýýýýýý ýýýýýýýýýýýýýýý,2024-04-05,FRX282414002,"2,403",29,2409532,128,136647,52,44586424,222685,182200,26534406,265917250,98142716,3,5954,86,15,237120,17,12735768,7832,14731,0
ROCKSTAR,$AD BOYZ 4 LIFE II,Junior H,2023-10-05,QZ9QQ2300720,"2,404",29,266127900,13021,14018925,79,59903646,419337,182200,54480,487133,245310483,3,1,86,6,1853363,11,4270463,1328,445730,1
Boy's a liar,Boy's a liar,PinkPantheress,2022-11-30,GBAYE2202560,"2,400",29,203628716,39800,6108454,62,148269610,1257935,779078,350397327,2935382291,98142716,23,42341,863,5,15572,4,1882133,11408,557783,0
B.O.T.A. (Baddest Of Them All),B.O.T.A. (Baddest Of Them All) / Move To The,Eliza Rose,2022-06-15,QZAKB2166448,"2,397",29,47723324,34495,3089794,52,90212996,801572,1100254,330038147,3829712483,879640561,16,26742,865,1,817,1,103851,977,3631070,0
Love Terremoto - Ao Vivo,"Resenha Preferida, Vol. 2 (Ao Vivo)",Os Barï¿½ï¿½es Da Pisad,2022-08-03,BXDW72200033,"2,413",29,17075528,1868,3645660,40,458564536,2110326,182200,26534406,265917250,433210004,8,21,86,4,201570,3,2569,7832,5899,0
Lucky Girl Syndrome,SUPER REAL ME,ILLIT,2024-03-25,USA2P2413261,"2,408",29,29089538,1933,2045965,72,39607373,513074,2906,2701200,28210200,3169280,6,156,86,15,237120,17,57995,100,43383,0
...Baby One More Time (from Kung Fu Panda 4),Kung Fu Panda 4 (Original Motion Picture Soundtrack),Tenacious D,2024-03-08,USQ4E2205653,"2,406",29,28423160,5020,3964955,67,33548614,846916,182200,26534406,265917250,98142716,12,3160,12,15,237120,17,769869,607,854584,0
Whatever She Wants,Whatever She Wants,Bryson Tiller,2024-02-12,USRC12400300,"2,418",29,207093873,529,187667,67,148269610,1257935,182200,26534406,265917250,98142716,30,48554,86,15,237120,9,12735768,7832,854584,0
Diable,Bocaterrosa,Ven'nus,2023-02-28,ES11D2300869,"2,423",29,53058,117,4155,10,326994714,529872,182200,26534406,265917250,98142716,28,7,86,15,237120,17,12735768,7832,142,0
Chunni Me Perfume Lagawe,Chunni Me Perfume Lagawe - Single,Gajendra Gurjar,2022-06-13,INN852200075,"2,412",29,239850720,32312,13259481,67,501846542,2581637,182200,26534406,265917250,98142716,28,5954,86,15,237120,17,12735768,7832,2,0
Koka,Koka,Mankirt Aulakh,2023-11-06,INSD11935132,"2,417",29,28816253,1287,3341218,67,142222735,949673,147,2349,34208,751929599,2,2,86,15,237120,2,22494,7832,41257,0
ELEVEN,ELEVEN,IVE,2021-12-01,KRA382163861,"2,407",29,306760464,23542,9642342,66,458931624,5675068,121090,160432414,1292286614,174221581,33,4020,124,3,10722,10,661185,828,493607,0
Poker Face ( Remix ),Poker Face ( Remix ),Bora Media,2023-10-17,ES64E2323174,"2,410",29,1271094976,1,5,67,148269610,1257935,182200,26534406,265917250,98142716,28,5954,86,15,237120,17,12735768,7832,854584,0
November Rain (2022 Version),November Rain / Double Talkin' Jive / You Could Be Mine,Guns N' Roses,2022-11-04,USUG12200195,"2,420",29,14394612,2572,13575009,53,148269610,1257935,182200,26534406,265917250,98142716,16,1885,86,2,92713,11,158428263,255845,122032,0
ýýýýýýýýýýýý ýýýýýýýýýýýý,The End,Lusia Chebotina,2021-10-29,QMDA62163216,"2,421",29,32318892,13584,1196310,51,366398853,1436406,1300000,103763490,2526424724,68840482,23,902,86,3,657583,17,12735768,7832,1544949,0
We Ride,We Ride - Single,Bryan Martin,2022-10-28,QMDPP2201707,"2,414",29,200017368,30976,8143503,76,35463149,219282,31143,1516946,27411983,363631289,6,74959,86,5,1596411,12,47905972,5769,503044,1
Rich Spirit,Mr. Morale & The Big Steppers,Kendrick Lamar,2022-05-13,USUM72208971,"2,437",29,254191262,68188,10639841,71,66231224,1090031,19580,2720712,33984850,38505821,23,3925,35,7,165039,27,12592517,4106,555350,1
Cochinae,Querian Perreo?,Julianno Sosa,2022-04-19,QZQAY2209019,"2,438",29,155050178,35527,6146030,58,285012395,1652366,364400,175847558,1442464830,39888848,3,718,86,2,1607668,8,293997,435,430196,1
Murder,Murder,Bgnzinho,2023-02-14,SGB502322635,"2,431",29,2613573,1475,166424,37,1141572,13557,2226114,181896286,2582559682,98142716,28,5954,86,15,237120,17,12735768,7832,71048,1
Major Distribution,Her Loss,Drake,2022-11-04,USUG12208599,"2,430",29,199662854,70800,15434966,62,26734808,271645,11861,11825705,100007156,82427107,27,37,118,4,14577,8,14356375,2621,312418,1
Psikopat,Psikopat,Butrint Imeri,2024-05-16,QZNFJ2402312,"2,426",29,2112678,387,318456,67,18494570,108824,182200,26534406,265917250,98142716,1,1,86,15,237120,17,12735768,7832,13123,0
Piï¿½ï¿½man Deï¿,Piï¿½ï¿½man Deï¿½ï¿½ilim ,Semicenk,2023-06-02,FRX762391695,"2,434",29,134291091,16247,2133867,65,147910091,435023,182200,26534406,265917250,289637676,10,9012,86,1,1566667,17,12735768,7832,409388,0
GIVENCHY,Temporada de Reggaetï¿½ï¿,Duki,2022-07-20,UYB282240021,"2,436",29,240519561,48629,9332907,62,203263077,2270776,46349,38804922,313936580,5144948,13,1020,100,8,183474,15,36312,105,177813,1
COME UN TUONO (feat. Guï¿½,RADIO SAKURA,Rose Villain,2024-03-07,ITQ002400077,"2,433",29,53590796,2987,6810196,75,26526323,97934,182200,26534406,265917250,65522800,21,8728,86,2,3766780,25,98,7832,488628,1
Royalty,Royalty,Egzod,2021-04-22,GB2LD2110089,"2,432",29,317252487,52261,12634570,74,156128236,2068133,663619,152831129,1989420692,221808922,6,7016,86,8,279094,2,345081,403,4302673,0
Tennessee Orange,Tennessee Orange,Megan Moroney,2022-09-02,TCAGJ2289254,"2,424",29,227893586,28139,12480714,73,30913276,159791,77661,13324305,117505652,238206228,33,129172,34,5,1370,49,56972562,26968,708143,0
Still Trappin' (with King Von),The Voice,Lil Durk,2020-12-24,USUM72024651,"2,448",29,176140377,76081,7784086,61,90527434,1019305,9759,1195071,12014523,35450506,36,10226,36,7,31768,13,27955730,8002,494233,1
De Fresa y Coco,De Fresa y Coco,Luis R Conriquez,2023-11-10,QMANG2226771,"2,445",29,81186913,7818,5727811,67,92334733,526817,182200,26534406,265917250,242836946,3,3,86,1,2878,1,340543,2169,147308,0
He Dead (Oil Thief Remix),REMXNG 2.1,clipping.,2022-09-21,USSUB2246603,"2,456",29,14148,31,543,67,434179026,4911572,182200,26534406,265917250,229589,28,3,86,15,237120,17,12735768,7832,7,0
YUM YUM (Slowed),YUM YUM,LXNGVX,2023-06-23,GB8KE2311722,"2,450",29,52295701,10792,6471028,64,82604684,950767,662600,63872371,573262137,98142716,28,5954,86,15,237120,5,12735768,7832,353346,1
n.h.i.e.,n.h.i.e.,21 Savage,2024-01-10,USSM12304895,"2,459",29,102829758,16786,13717188,67,4997224,62319,182200,26534406,265917250,98142716,32,846,74,32,262612,28,4081079,758,165768,1
GOD'S COUNTRY,UTOPIA,Travis Scott,2023-07-28,USSM12305008,"2,455",29,96802469,34681,3243869,64,10285324,247844,2052,1668880,10714123,4558,7,39,86,1,237120,9,483677,477,69071,1
El Paso del Gigante,Los Reyes de los Sonidos,Grupo Soï¿½ï¿½,2023-11-24,QZW9L2351948,"2,444",29,25684,1,1,67,148269610,1257935,182200,26534406,265917250,98142716,28,5954,86,15,237120,17,73951432,83085,854584,0
F Boy,F Boy,Ander Huang,2020-08-22,QZHNC2078374,"2,451",29,1415206,973,166740,19,59644,960,6501183,161122861,2181208314,98142716,3,5,86,2,378,17,12735768,7832,145931,1
Ain't Shit,Planet Her,Doja Cat,2021-06-25,USRC12101540,"2,454",29,599547543,90475,27073255,70,154979267,2179826,139585,104260172,557527051,45865195,112,157,86,17,159069,5,16469827,27559,1075422,1
SIRENS,UTOPIA,Travis Scott,2023-07-28,USSM12305009,"2,449",29,102510409,39218,4027424,65,22490105,254512,1541,902391,8554938,174645699,6,95,86,3,350471,2,258711,409,110863,1
Conexï¿½ï¿½es de Mï¿½ï¿½fia (feat. Rich ,Conexï¿½ï¿½es de Mï¿½ï¿½fia (feat. Rich The Kid) ,Matuï¿,2023-04-30,BXW922200014,"2,453",29,159579530,29495,10067664,67,113216772,1817753,21800,7387254,68969483,92356691,20,2829,86,32,618294,18,12735768,7832,161952,1
2 Hielos,2 Hielos,King Savagge,2023-02-02,QM4TW2352901,"2,443",29,76078240,16848,2644680,67,60811918,330400,1301526,130766543,1479348962,39905,4,235,86,15,237120,2,12110,35,187445,1
BAD BOY,BAD BOY,Chris Jedi,2024-02-07,QZZU32400012,"2,474",29,42027577,7316,25238956,67,42037919,380896,182200,26534406,265917250,373425529,15,841,86,11,147812,17,869749,317,120993,1
I Love Mama Mantu,I Love Mama Mantu,Bulan Sutena,2021-11-01,FRX872121045,"2,468",29,8887656,1905,405342,37,102934351,1234889,3700000,116906472,1978705486,994101,28,99,86,15,237120,17,12735768,7832,105455,0
SLAY!,SLAY!,Eternxlkz,2024-03-15,QM4TX2453776,"2,471",29,81775807,5560,36721527,80,21914068,393262,182200,3885047,40996820,86472968,4,5954,86,15,237120,17,12735768,7832,854584,1
Deixa,Deixa,Maria Marï¿½ï,2023-03-21,BRMKP2300072,"2,467",29,64736609,4611,7326714,67,254836186,1434198,65367,3439863,67989343,232438870,7,16,86,25,1000880,4,12735768,7832,854584,0
We Didnï¿½ï¿½ï¿½t Start Th,We Didnï¿½ï¿½ï¿½t Start Th,Fall Out Boy,2023-06-28,USAT22306291,"2,464",29,52240739,18224,4939707,59,19520315,328759,9851,8607238,71305547,16462540,10,110265,44,2,9501,30,12735768,7832,794504,0
ýýýýýýýýýýýýýýýýýýýýýýýýýýýýýýýýý- Sayonara,ýýýýýýýýýýýýýýýýýýýýýýýýýýýýýý!- Sayonara - Single,Kenshi Yonezu,2024-04-08,JPU902400966,"2,473",29,22739117,1119,5275757,71,33961165,359831,5596,26534406,265917250,9849140,20,329,86,1,9615,10,32268,7832,59510,0
Proud Mary - 2023 Remaster,What's Love Got to Do with It (30th Anniversary Deluxe Edition),Tina Turner,2024-04-26,GBAYE2300346,"2,460",29,20455,3,165,67,148269610,1257935,182200,26534406,265917250,98142716,28,5954,86,15,237120,17,11750230,24739,854584,0
Ley Seca,Ley Seca,Jhay Cortez,2021-09-02,USUM72113444,"2,462",29,412597562,80841,20936024,66,209120821,1034481,54784,15795689,201664757,101896667,76,17486,63,14,26817,41,6085764,2044,917173,0
Dawns (feat. Maggie Rogers),Dawns (feat. Maggie Rogers) - Single,Zach Bryan,2023-01-27,USWB12300176,"2,461",29,261468916,44088,11298879,75,8880434,54195,86609,19696611,127691196,153448242,25,320,4,3,7503,18,13386628,10886,481576,1
Mesafe,Mesafe,Semicenk,2023-09-01,TR0012300295,"2,470",29,59964248,9504,1321095,67,112511884,361436,116100,2824547,77807288,358119762,4,8226,86,3,1567829,17,12735768,7832,274026,0
So High School,THE TORTURED POETS DEPARTMENT: THE ANTHOLOGY,Taylor Swift,2024-04-19,USUG12402544,"2,478",29,97601615,3397,13075013,87,5528058,78517,182200,2761040,17893741,98142716,18,187,86,15,237120,50,1393596,1657,854584,0
Sand Monkey,Sand Monkey,Kid Pharaoh,2022-09-01,AUOXM2200511,"2,479",29,239850720,14,690,67,456529791,536208,182200,26534406,265917250,98142716,28,102,86,15,237120,17,12735768,7832,476,1
Dil Galti Kar Baitha Hai,Dil Galti Kar Baitha Hai,Jubin Nautiyal,2021-09-25,INS182101589,"2,482",29,64013323,5573,1466888,53,633429136,6478665,1807,257436,4052529,159126966,2,594,86,15,237120,1,12735768,7832,179409,0
Is There Someone Else?,The Highlights (Deluxe),The Weeknd,2021-02-05,USUG12106692,"2,485",29,669099980,87216,26997782,76,213028772,2081644,771,6034599,101980300,608054184,13,4608,90,7,240246,15,4076339,2222,1352593,0
Wild Side (feat. Cardi B),Wild Side (feat. Cardi B) - Single,Normani,2021-07-16,USRC12101473,"2,476",29,181529121,36504,12624326,60,235286963,3057740,117317,51611106,406413864,71073242,88,125766,456,15,74166,19,98376412,28049,1916244,1
Bi' Tek Ben Anlarï¿½,Bi' Tek Ben Anlarï¿½,Kï¿½ï,2022-03-18,TRAUR2200002,"2,480",29,214391030,27588,8269792,58,301701293,1063678,315600,8311405,196090529,16824491,12,29501,86,3,1622897,17,12735768,7832,861877,0
Mon Amour,Mon Amour,Annalisa,2023-03-31,ITQ002300239,"2,488",28,86387703,9584,2241484,56,98278396,404177,757539,21805849,376919346,260464298,23,20746,86,4,11160,10,10290,7832,739131,0
"Ve Kamleya (From ""Rocky Aur Rani Kii Prem Kahaani"")","Ve Kamleya (From ""Rocky Aur Rani Kii Prem Kahaani"")",Pritam,2023-07-18,INH102310310,"2,495",28,97050082,6294,9201752,68,159263795,1268052,182200,26534406,265917250,86077494,14,475,86,15,237120,6,12735768,7832,112876,0
Cake By The Ocean - Cover,SEXY BEACH SONGS,MUSIC LAB JPN,2023-05-28,TCJPV2335795,"2,540",28,1614203949,32312,13259481,67,148269610,1257935,182200,26534406,265917250,98142716,28,5954,86,15,237120,17,12735768,7832,854584,1
p r i d e . i s . t h e . d e v i l (with Lil Baby),The Off-Season,J. Cole,2021-05-14,QMJMT2103642,"2,487",28,367165473,125205,14849325,65,69280791,766589,182200,26534406,265917250,208599431,56,9531,52,10,139412,19,33574737,8037,561364,1
Position,Prime,Franglish,2024-02-15,FRD8V2400040,"2,492",28,44456165,3922,6621845,73,34743986,212617,182200,26534406,265917250,27440932,25,7608,86,25,17769679,13,3433,7832,620606,0
Motley Crew,Motley Crew,Post Malone,2021-07-09,USUM72111566,"2,486",28,399297877,98593,24244488,66,113586161,1283651,17033,10213659,90781226,3037447,98,36784,24,26,868677,9,22951936,15374,1280385,1
Poppin,2 Alivï¿,Yeat,2022-02-18,USUM72202097,"2,493",28,152999496,61870,4946068,63,41680427,625297,29807,19583763,165647395,342558492,5,67,47,15,237120,17,970494,3191,162198,1
Memories,Memories,Conan Gray,2022-04-15,USUM72204111,"2,494",28,445742307,68570,23007042,72,65247352,1302190,118871,53270295,299317588,2205915138,9,2878,3,9,12015,18,1484701,5098,2074587,0
Casi Completa,PRESENTE,Juliï¿½ï¿½n ï¿½ï¿½lvarez y su Norteï,2023-11-17,QZ7HP2300096,"2,489",28,64656678,2743,8231330,67,104860686,407632,182200,15299,194766,457588979,28,1128,86,1,1666,17,4162490,1496,249980,0
JOLENE,COWBOY CARTER,Beyoncï¿,2024-03-27,USSM12402711,"2,500",28,57163264,3903,8284613,67,13386365,216945,182200,544300,21400000,151388634,37,6071,8,25,1640251,30,1158781,3796,98889,0
Roï¿½ï¿½a Em,Roï¿½ï¿½a Em,Zï¿½ï¿½ Fe,2022-11-17,BRTLW2200006,"2,502",28,192684719,15067,10379433,63,253199155,1310110,224000,35623717,547404253,954262875,12,2805,86,33,801839,11,842,2,125189,0
"Sugarcane (Remix) [feat. King Promise, Mayorkun & Darkoo]","Sugarcane (Remix) [feat. King Promise, Mayorkun & Darkoo]",Camidoh,2022-04-08,GBX722200156,"2,498",28,52418564,24196,1963638,57,112013583,498515,1606103,28958781,375062387,29687855,37,7758,86,4,477056,13,779135,365,3557237,1
Kya Hua,Blackout (Original Motion Picture Soundtrack),Vishal Mishra,2024-05-31,INP912410081,"2,497",28,96766,20,1453389,67,10605392,57310,182200,26534406,265917250,98142716,28,5954,86,15,237120,17,12735768,7832,854584,0
10 Things I Hate About You,10 Things I Hate About You,Leah Kate,2022-03-23,QZES62254244,"2,496",28,238502829,38595,7419495,4,26154092,390129,1569194,185586256,2205444414,3453749,17,33938,760,8,66599,7,23587662,15146,692500,1
X ï¿½ï¿½LTIMA,LEGENDADDY,Daddy Yankee,2022-03-25,USUG12201738,"2,503",28,409394001,53657,22643350,64,123846563,1120466,442700,135938706,1334863571,330802357,45,15971,81,18,2038434,36,23456449,1603,526470,1
Poco A Poco,Poco A Poco - Single,Xavi,2023-09-23,USA2P2344729,"2,514",28,283079113,15570,15950378,82,41149970,328843,84726,9560738,60287119,98142716,7,118,86,11,13607485,3,4030323,2105,271176,0
The Alchemy,THE TORTURED POETS DEPARTMENT,Taylor Swift,2024-04-18,USUG12401042,"2,513",28,106201248,2992,15108991,67,5521347,70034,182200,26534406,265917250,98142716,19,290,86,11,226234,47,2070315,1695,24502,0
Sunday Service,Sunday Service,Latto,2024-02-09,USRC12400151,"2,505",28,12270831,1736,2704404,67,22668627,309518,182200,729900,3400000,361916750,18,19404,112,12,132145,16,5371441,3307,172799,1
Red Ruby Da Sleeze,Red Ruby Da Sleeze,Nicki Minaj,2023-03-03,USUM72302705,"2,504",28,148574146,25770,27326995,59,39166702,619142,6500,2704073,21611489,21914535,39,90970,156,8,113301,26,21922593,6693,1090214,1
Puta Mexicana,Som das Regiï¿½ï,DJ Jeeh FDC,2022-12-06,QZW9M2275605,"2,508",28,172602494,38926,14426720,63,122947771,1241098,312400,143003405,1722398168,12348511,28,76,86,18,1950340,5,12735768,7832,854584,1
Out of Time,The Highlights (Deluxe),The Weeknd,2021-02-05,USUG12106689,"2,507",28,451878749,78793,18239674,70,221123432,2660730,23842,20880385,233301151,3022110413,41,114661,709,17,330997,21,2975758,4342,1722436,0
Karma,Midnights (3am Edition),Taylor Swift,2022-10-21,USUG12205729,"2,510",28,777305444,2358,643308,47,83446,3275,182200,26534406,265917250,98142716,17,281124,86,15,237120,17,12735768,7832,854584,0
About You,Being Funny In a Foreign Language,The 1975,2022-10-14,GBK3W2202321,"2,506",28,350348521,48286,23268627,75,63111604,494666,117002,112061372,793536731,2197815,32,27952,5,5,224543,16,1164726,818,508585,0
BED,BED,Joel Corry,2021-02-26,UK4ZF2100069,"2,512",28,480737112,91401,37879799,66,55185277,280740,90700,11811407,149754997,1432752,185,199418,60,124,487788,36,6887843,1178,2464219,0
23,23,Chayce Beckham,2021-05-14,QMRSZ2101045,"2,511",28,217524988,52661,12543368,69,84504714,547950,20410,1883404,21694150,566879139,23,165757,86,1,577,20,99882249,21221,1269712,0
I Can Do It With a Broken Heart,THE TORTURED POETS DEPARTMENT,Taylor Swift,2024-04-18,USUG12401053,"2,525",28,250430303,648,818594,67,148269610,1257935,182200,26534406,265917250,98142716,55,5954,86,15,237120,17,12735768,7832,854584,0
Remember,Club House,Becky Hill,2021-04-23,GBUM72102420,"2,529",28,453644642,78241,59982572,67,68753113,442500,14109,6520234,86516663,1081753404,135,227360,583,64,505344,27,3974042,1957,1721093,0
Here's Your Perfect,Here's Your Perfect,Jamie Miller,2021-04-30,USAT22101294,"2,523",28,418998816,42598,8678739,69,349432726,3317953,810145,216927258,1962424177,1152785855,40,19753,86,6,6309,17,1401958,1877,1072765,0
Highs & Lows,Highs & Lows,Prinz,2023-06-02,GBARL2300644,"2,530",28,64747926,19758,4733486,63,30831455,515719,726042,24154119,304170641,848300,4,756,86,8,81597,2,476637,6463,434423,0
Survivorï¿½ï¿½ï¿½s R,Survivorï¿½ï¿½ï¿½s R,Roddy Ricch,2024-05-31,USAT22403043,"2,535",28,4462637,789,28882654,66,2244519,116431,182200,26534406,265917250,20570003,27,134,20,7,1298626,29,703876,89,49126,1
Halloween,Halloween,Blood Dance,2022-10-06,CAENV2255241,"2,534",28,7332,45,1692,2,416430705,7483560,182200,26534406,265917250,98142716,28,1,86,15,237120,17,12735768,7832,152,0
Impossible,Impossible - Single,RIIZE,2024-04-18,KRA302400078,"2,533",28,16327372,987,16575491,69,29637408,364827,5892,11035987,64226700,98142716,21,291,30,6,21219,25,19003,18,39544,0
El Rescate,El Rescate - Single,Grupo Marca Registrada,2022-07-22,USDXS2202347,"2,528",28,391773238,34952,16586286,69,133887895,711785,431726,98990436,1102477168,6037,7,19,86,1,186322,8,36067031,3703,840393,1
Wockesha,A Gangstaï¿½ï¿½ï¿½,Moneybagg Yo,2021-04-23,USUM72105621,"2,518",28,138100044,64635,5451499,56,168383616,1456308,30274,13135047,94781829,56308304,59,134739,187,4,64845,8,87481688,35657,1470349,1
Mirame,Mirame - Single,Blessd,2024-04-17,QZZ3N2400057,"2,532",28,24345826,1758,36846830,72,22781812,162339,182200,26534406,265917250,22448661,21,334,86,11,1615702,10,69725,41,155799,1
Pantysito,Pantysito,Alejo,2022-03-18,USUG12201485,"2,526",28,332175085,63085,23635638,66,119541325,763188,378000,93005063,866018385,213451655,37,20428,108,17,1616786,36,3756960,524,616074,1
brutal,SOUR,Olivia Rodrigo,2021-05-21,USUG12101242,"2,524",28,639900946,87550,20272841,73,147309966,3536634,180855,114118319,774173668,56822531,41,8153,85,8,43721,21,17091110,32850,820892,1
Daylight,For All The Dogs,Drake,2023-10-06,USUG12306070,"2,521",28,78417212,26088,13353722,67,4514270,53581,4865,4204924,38589807,98142716,7,374,43,15,237120,17,1294581,1122,152693,1
Lovefool,Lovefool,twocolors,2020-05-08,DEUM72001376,"2,519",28,359757970,73161,29218709,62,216865947,1581781,621587,49479727,658030330,25128259,149,181538,86,65,2659118,8,33047274,4223,4918636,0
Rich Flex,Her Loss,Drake,2022-11-03,USUG12208614,"2,520",28,811888874,5471,1026240,46,34057109,415396,182200,26534406,265917250,98142716,23,224115,86,15,237120,17,12735768,7832,854584,0
MEMORIAS,Microdosis,Mora,2022-04-01,QM4TX2252943,"2,527",28,359336745,67125,16316500,70,143505182,823971,20600,9094523,82205989,340159905,38,8665,170,4,54118,14,367017,319,868434,0
Mood Malandro,Mood Malandro,Cï¿½ï¿½dig,2023-08-24,QM3DF2276204,"2,538",28,188309858,15111,13192945,71,87069499,318350,100,1927,18855,98142716,6,4,86,7,582040,3,3910844,1376,422023,0
JACKIE BROWN,WASTELAND,Brent Faiyaz,2022-07-08,QM24S2203177,"2,542",28,247386146,57298,14371239,70,48937559,461922,25012,12211067,119045728,129119126,21,2377,553,5,494840,1,13188304,5989,1184981,1
TELEFONO NUEVO,nadie sabe lo que va a pasar maï¿½ï¿,Bad Bunny,2023-10-13,QMFME2364190,"2,544",28,101706440,22195,4712903,67,37327301,496072,608,1421099,11568535,98142716,12,893,86,15,237120,3,2910823,708,304399,1
Kalkatiya Raja,Kalkatiya Raja,Pawan Singh,2023-09-22,DGA092395791,"2,545",28,8607782,231,175674,67,171883395,997466,182200,2661,36029,98142716,28,5954,86,15,237120,17,12735768,7832,14483,0
Drippy,Drippy,Sidhu Moose Wala,2024-02-02,INU252412475,"2,537",28,39891157,2503,5333908,67,68785789,2273476,182200,26534406,265917250,238867734,6,165,86,15,237120,14,12735768,7832,67474,1
Never Going Home,Summer 2021,Kungs,2021-04-28,FR9W12110749,"2,539",28,304069347,89224,17836102,63,87407927,580798,20117,6207518,94926621,80707655,89,117243,24,53,959302,18,675312,417,5206645,0
Problemï¿½,Problemï¿½,Alvaro Diaz,2021-10-22,USUM72118879,"2,548",28,275492185,47297,14033837,68,104950820,697838,1698681,279415195,2603158294,31265536,35,6549,2,13,759534,14,7459382,848,779473,0
Waiting for the End,Papercuts,Linkin Park,2024-04-12,USWB12401899,"2,541",28,160127218,5,55,67,148269610,1257935,182200,26534406,265917250,98142716,28,5954,86,15,237120,17,12735768,7832,1451466,0
Pacto (feat. Luar La L),Pacto (feat. Luar La L),Jay Wheeler,2023-04-24,USUYG1480456,"2,547",28,58652026,19596,3713869,54,74399520,458583,508800,31900743,344636407,9720627,14,66,6,2,9119,2,4123989,2062,397215,1
Talk talk,BRAT,Charli xcx,2024-06-07,USAT22401345,"2,540",28,6446985,830,35947142,67,201264,3929,182200,9765,78500,98142716,52,156,86,27,1854240,85,190049,20,4307,0
Daisy,Daisy,Ashnikko,2020-07-09,GBAYE2000596,"2,543",28,509353753,87580,20339605,63,231541575,3846027,893392,124467502,842856226,1767008,45,14716,112,21,15708,3,18916451,32263,2842135,1
Fast Forward,GAME PLAN,JEON SOMI,2023-08-07,KSA002301968,"2,556",28,88499180,9715,3943924,59,134376601,256505,58748,54797372,291191318,48337673,16,1383,33,8,271497,23,190079,291,258644,0
Ice Attack,WE DON'T TRUST YOU,Future,2024-03-22,USSM12402029,"2,553",28,38912003,9619,2346613,67,3915932,59814,182200,26534406,265917250,1596946,4,46,86,1,41760,17,459198,307,58111,1
Set Me Free Pt.2,Set Me Free Pt.2,Jimin,2023-03-17,USA2P2251867,"2,554",28,350802342,12581,16368476,76,150660549,5807332,182865,104841360,494628703,166154392,5,2402,86,24,4592140,8,2552268,686,437897,1
Satu Rasa Cinta,Satu Rasa Cinta,Fira Cantika,2022-12-16,IDA601902645,"2,555",28,239850720,1,3,67,1858910,8964,2400948,5143214,133463784,98142716,28,5954,86,15,237120,17,12735768,7832,854584,0
LOCATION,LOCATION,KAROL G,2021-02-12,USUM72023897,"2,551",28,236644328,36130,7600107,50,525752748,3073337,182529,34209228,329180615,25193373,56,29536,18,17,120355,36,9793641,3562,962269,1
Terminator,Terminator,King Promise,2023-05-05,GBARL2300512,"2,559",28,34026239,8723,6659055,58,56469190,290499,1047639,28395882,391501573,57032887,23,3290,4,2,5829,17,351027,246,527365,0
Orang Yang Salah - Sped Up Version,Orang Yang Salah (Sped Up Version),Luvia band,2023-09-20,IDA192303865,"2,552",28,3900009,239,152396,67,2001200,23163,1200000,21126908,529234742,98142716,28,5954,86,15,237120,17,12735768,7832,21387,0
Hurricane,Donda,Kanye West,2021-08-29,USUM72116311,"2,549",28,404497617,108795,16231758,62,45337894,615908,20272,10266783,91838300,506294,51,33710,185,16,456029,24,11239141,5307,1304734,0
Rumah Singgah,Rumah Singgah,Fabio Asher,2022-05-05,SGB502214308,"2,550",28,239624643,13095,3228030,67,228923419,1210579,1205145,227531657,3306847230,45889,11,7479,86,15,237120,17,12735768,7832,142151,0
IT GIRL - Sped up Version,IT GIRL (Sped up Version),Aliyah's Interlude,2023-09-30,QZTB22394231,"2,570",28,23708233,7125,3235480,67,148269610,1257935,883600,344205330,3090790304,98142716,2,110,382,2,28927,1,124021,300,363715,1
Khodni,Khodni - Single,AL SHAMI,2024-05-16,LBA132400598,"2,566",28,916695,97,384024,67,19150049,391641,182200,26534406,265917250,2606582,4,51,86,1,11587,17,12735768,7832,16597,0
Minha Heranï¿½,Minha Heranï¿½,Ana Castela,2024-05-30,BKA7Y2400034,"2,575",28,3582494,506,20021976,64,8320170,107335,182200,26534406,265917250,30623624,2,18,86,10,7390687,4,236,7832,2856,0
Diva Yorgun,Diva Yorgun,Melike ï¿½ï¿½,2023-06-16,TRBYM2000179,"2,574",28,62458329,7526,1713723,58,167062542,417472,11529,693244,25252458,297624271,10,18186,86,2,1346,17,12735768,7832,412905,0
Can't Get Enough,Can't Get Enough,Jennifer Lopez,2024-01-10,QMRSZ2301148,"2,565",28,9293098,1348,2545397,67,19200761,262872,6015,5065489,1752700,2407922034,16,70306,57,6,5901816,9,888313,305,294615,1
The Man He Sees in Me,The Man He Sees in Me,Luke Combs,2024-06-06,US6XF2400108,"2,569",28,5942861,766,17968556,71,417205,14380,182200,26534406,265917250,156,24,50,86,6,22284,32,1140678,189,14609,0
20 Tragos,20 Tragos,Yiï¿½,2022-11-25,USL4Q2255557,"2,568",28,477396,29,18081,67,388682045,2199489,20,3983,52662,2285487,28,7,86,15,237120,17,12735768,7832,315,1
My wrist (with Young Thug),My wrist (with Young Thug),Yeat,2023-05-26,USUM72307802,"2,572",28,83393310,32703,6521059,64,14159412,193138,1618,985058,9909365,1602,10,288,57,3,30356,17,310482,567,180040,1
GigaChad Theme - Phonk House Version,GigaChad Theme (Phonk House Version),g3ox_em,2022-08-22,QZNWS2230712,"2,571",28,282776356,45283,24157482,69,152603363,1541141,64,255172,1672858,23643910,13,677,86,6,105684,8,1120269,4144,1358899,0
Words (feat. Zara Larsson),Words (feat. Zara Larsson),Alesso,2022-04-22,USUG12202336,"2,563",28,383945607,58627,45560940,72,51670623,427016,20633,9518866,159467861,2170376776,83,109284,409,31,987836,41,5618643,886,1125402,0
Bombonzinho - Ao Vivo,Bombonzinho (Ao Vivo),Israel & Rodolffo,2022-11-03,BRRGE2200815,"2,576",28,343704935,21379,13592125,61,208025693,659040,176878,8502888,153392985,699848365,22,6760,86,35,1242324,12,1634,7832,206908,0
Mil Preguntas,Mil Preguntas - Single,The La Planta,2024-03-07,BK4DA2407011,"2,567",28,27026914,2367,8527648,70,46888149,156738,182200,26534406,265917250,141902141,2,530,86,6,326442,8,12735768,7832,63178,0
OJALï¿,OJALï¿,Maria Becerra,2022-06-01,USAT22205402,"2,579",28,168710415,16559,4927487,56,358805694,1890653,72000,24990011,248098853,365354168,12,10771,1,12,232266,16,1069872,237,182061,0
Bejeweled,Midnights,Taylor Swift,2022-10-21,USUG12205715,"2,577",28,536110386,32472,22834672,71,19011964,168023,791802,171672855,1573795763,120036973,46,6686,84,5,282241,46,12812687,11319,361280,0
Lovin On Me,Lovin On Me - Single,Jack Harlow,2023-11-10,USAT22311372,"2,583",28,669206771,4166,982289,67,148269610,1257935,182200,26534406,265917250,98142716,59,29951,86,4,82197,17,12735768,7832,854584,0
Back for More (with Anitta),Back for More (with Anitta),TOMORROW X TOGETHER,2023-09-15,USA2P2342327,"2,580",28,93990459,8050,7207941,67,112494830,3245862,55727,53080335,296861046,313625362,9,4542,530,14,490711,15,520450,225,182465,0
That Girl,That Girl,Amrinder Gill,2024-05-24,CBEGD2400001,"2,582",28,4128853,234,2317956,62,11272889,177421,182200,26534406,265917250,19904542,10,16,86,15,237120,17,12735768,7832,10176,0
FERXXO 151,FERXXO 151,Feid,2023-08-25,USUM72312300,"2,587",28,106899723,23959,10822808,64,54351042,362313,34200,3566805,44045683,22628351,15,2942,24,15,751335,12,485490,175,195030,0
Dhaniya Ae Jaan,Dhaniya Ae Jaan,Pawan Singh,2023-09-14,ING642306994,"2,589",28,5842217,191,173325,67,180823113,1072157,182200,26534406,265917250,182061559,28,5954,86,15,237120,17,12735768,7832,9082,0
United In Grief,Mr. Morale & The Big Steppers,Kendrick Lamar,2022-05-13,USUM72208961,"2,578",28,246425341,81509,7710812,71,38465606,807082,108559,43090164,342828836,34138596,5,732,11,3,15986,6,2364415,2500,1169011,1
La Vida Sin Ti,La Vida Sin Ti,Rels B,2024-04-22,UYB282476005,"2,581",28,50171337,3367,20131086,74,9998588,151631,182200,26534406,265917250,764121,15,418,86,8,173353,18,7872,9,101871,0
FREAK,YUQ1,YUQI,2024-04-23,KRA392400004,"2,604",28,9956970,918,11306595,66,28265816,825743,182200,3714416,16415876,98142716,6,95,8,2,1891,7,12735768,7832,22273,0
Casa Mia,Casa Mia,Ghali,2024-02-07,ITQ002400008,"2,607",28,55157600,3119,3112859,74,41112701,322239,182200,26534406,265917250,195777143,19,15737,86,1,8291,15,4515,7832,269837,0
Kaikai Kitan,ýýýýýýýýýýýý,Eve,2020-10-03,JPTF02017001,"2,596",28,404765225,64972,8591521,68,470390576,3380515,119922,70942249,561999669,100993171,36,714,86,2,19827,10,1050151,1537,812814,0
Opp Stoppa (feat. 21 Savage),Opp Stoppa (feat. 21 Savage),YBN Nahmir,2021-01-22,USAT22100132,"2,603",28,246949197,80591,7682255,64,62144315,935278,5645,715700,4922539,101060286,19,4210,86,22,419,17,4954305,6168,209692,1
Crocodile Tearz,Might Delete Later,J. Cole,2024-04-05,USUG12402403,"2,600",28,37057985,5769,25367830,67,7966475,130502,182200,26534406,265917250,5801422,12,101,86,1,1070810,17,4380830,498,88038,1
PLIS,PLIS,Camilo,2024-02-06,USSD12400017,"2,593",28,37814314,2461,22699959,67,21688661,208161,202354,19478404,336367149,185050927,11,12642,86,27,1668327,11,821286,112,117790,0
Back to Me,VULTURES 1,Kanye West,2024-02-09,QZ7XS2400005,"2,599",28,77403728,13507,6358959,67,5768907,96404,182200,268900,1600000,453047,10,500,86,4,58110,17,12735768,7832,139433,1
Antidepresan,Antidepresan,Mert Demir,2022-11-04,USA2P2247676,"2,605",28,172362945,25648,5961079,62,164304790,644688,293300,15092029,428987615,7986595,13,20439,86,3,1567627,17,12735768,7832,903938,0
8:00 AM,8:00 AM,Nicki Nicole,2023-05-17,UYB282300034,"2,601",28,135465283,20671,8011051,63,106663098,736558,197600,59387239,500108092,24978941,20,2340,5,19,222294,15,892114,331,225730,1
Double Fantasy (with Future),Double Fantasy,The Weeknd,2023-04-21,USUG12302627,"2,597",28,180940067,36631,14272823,66,51093878,753208,4000,5091663,47997951,12311591,31,8147,27,10,290434,11,6271165,1216,854584,1
Jungle,Jungle,Alok,2023-09-22,DEE862301476,"2,590",28,111266488,19017,69287736,67,10259020,89765,5925,409916,17703236,98142716,33,45605,80,54,1289949,9,1532504,260,670189,0
Fisherrr,Fisherrr - Single,Cash Cobain,2024-02-28,NL8RL2403852,"2,598",28,9215777,2816,3862691,28,12076033,245565,182200,5321778,40589924,68208595,13,12552,41,15,237120,7,72082,237,286190,1
Thank You for Being You,Thank You for Being You,OctaSounds,2022-09-07,SGB502236932,"2,602",28,2248788,739,35130,43,1577614,20317,2863057,70652797,1050704352,98142716,28,3,86,15,237120,17,12735768,7832,109624,0
Wild as Her,Wild as Her,Corey Kent,2022-03-04,TCAGA2290354,"2,614",28,180186017,32769,6038439,66,36595510,280859,33689,1974569,23448462,2792,23,187197,111,4,976,11,113592411,13103,670748,0
Black Friday,Black Friday,Tom Odell,2023-09-20,USA2P2342595,"2,616",28,126929488,23805,42713528,67,11445116,165135,20254,10350073,59075543,9939532,24,4372,7,22,405914,21,201918,372,485209,0
Summertime Sadness (Sped Up),Summertime Sadness (Sped Up),Lana Del Rey,2022-05-04,GBUM72206500,"2,613",28,68235585,10765,7466559,59,444569952,2796117,671,220759,1468789,1411876789,1,173,86,1,27653,8,74530,127,33174,0
Risk,Risk,Gracie Abrams,2024-05-01,USUG12401764,"2,617",28,41114784,2686,35162711,78,3726904,134081,182200,26534406,265917250,98142716,41,5382,4,36,7998062,78,65016,138,61468,0
"Nathy Peluso: Bzrp Music Sessions, Vol. 36","Nathy Peluso: Bzrp Music Sessions, Vol. 36",Bizarrap,2020-11-27,UYB282001011,"2,615",28,286381494,54422,8157305,61,445932496,5316366,517875,137985248,1257208158,19505413,37,3999,52,19,73121,8,221741,747,1435096,0
WY@,WY@,Brent Faiyaz,2023-09-19,QZNMX2317490,"2,609",28,54763093,15316,7846247,67,14737929,247838,6009,10284542,72141490,1678363681,16,66225,29,1,644,8,4730630,1648,536845,1
Acapulco,Acapulco,Jason Derulo,2021-09-03,USAT22102812,"2,608",28,442260324,67318,33339871,65,83588626,799248,42377,35703303,310298540,865166511,65,129690,160,34,1756415,18,47696206,7006,854584,0
GHOST TOWN,GHOST TOWN,Benson Boone,2021-10-15,USWB12103472,"2,612",28,382177076,65369,34887197,66,78537068,806081,146179,60677641,629205287,968287446,46,105931,115,22,651078,14,27159277,7396,1864419,0
Bande organisï¿½,Bande organisï¿½,13 Organisï¿,2020-08-15,FRX282066018,"2,625",28,267241905,62950,4938947,63,515808378,2686256,5066,641873,12209681,11896873,51,17239,86,42,6246257,10,12735768,7832,2065953,1
Cha Cha Cha,Cha Cha Cha,Kï¿½ï¿½ï¿½,2023-01-17,FIWMA2200519,"2,624",28,143311775,42463,3803730,66,85239745,891585,78568,18889271,304146444,11041200,29,8321,86,6,58900,7,20792,1989,281032,0
Raining In Manila,Raining In Manila,Lola Amour,2023-06-14,PHW012300171,"2,633",28,136169854,11506,4813121,63,117339013,473732,279014,57862276,567845644,46522818,4,1084,86,15,237120,17,12735768,7832,28884,0
Diabï¿½ï¿½,Diabï¿½ï¿½,Cris Mj,2023-11-08,QMFME2394856,"2,628",28,83966111,12847,42315256,73,51878795,239672,182200,2323,21053,146683266,8,10,86,8,1878242,8,4824,30,313530,1
HE KNOWS (feat. Lil Nas X),HE KNOWS (feat. Lil Nas X),Camila Cabello,2024-05-10,USUG12402116,"2,632",28,14234598,1591,38201815,67,6333352,231932,182200,26534406,265917250,134773880,31,6010,22,44,4764407,66,250375,112,35203,1
Another Love (Tiï¿½ï¿½sto Re,Another Love (Tiï¿½ï¿½sto Re,Tom Odell,2022-05-13,GBARL2201039,"2,620",28,141141890,32658,32977028,67,26048435,224730,1662320,900971288,8556410580,98142716,20,37145,86,23,557055,17,172209,366,770960,0
"His & Hers (feat. Don Toliver, Lil Uzi Vert & Gunna)",His & Hers,Internet Money,2021-05-13,QZJ842000873,"2,631",28,224820131,81921,11821621,67,49154791,830423,1713669,151684690,1272691476,19446900,66,294,86,11,40645,17,4052813,5397,993226,1
Tu Aake Dekhle,The Carnival,King,2020-09-21,FRX762050882,"2,629",28,410639967,33664,5963459,69,619113386,7584160,132004,4491970,61728216,98142716,9,508,86,1,1097,6,1824,7832,475672,0
Red Leather,WE STILL DON'T TRUST YOU,Future,2024-04-12,USSM12403108,"2,630",28,22715763,6606,6526571,67,3791463,74013,182200,26534406,265917250,381728,4,111,86,9,1201097,14,305314,512,155058,1
Nice to Meet You,Nice to Meet You,Imagine Dragons,2024-05-24,USUM72404007,"2,623",28,15062636,1446,39911356,75,4507011,112133,1034,570876,6372350,112054624,40,258,86,29,894139,29,1020471,224,27497,0
Mother,Takin' It Back (Deluxe),Meghan Trainor,2023-03-04,USSM12300425,"2,640",27,79738242,12390,2274976,57,51124809,845191,702284,224708419,2678819017,431870420,15,54053,1088,4,7837,7,8318506,13444,538792,1
Flashback (feat. Gazo),Flashback,Favï¿,2023-09-15,DGA082396900,"2,654",27,88014813,16418,4788967,66,53097639,393538,99500,3276455,26517142,118125080,10,6432,86,15,5475765,12,13,7832,541305,1
OKAY,OKAY (Versions),JT,2024-04-24,USUG12400080,"2,641",27,16446111,1966,36576049,65,5578963,138920,182200,26534406,265917250,98142716,33,370,29,5,86874,42,1687958,1032,178540,1
Big City Life,Big City Life,Luude,2022-06-16,AUDCB1702119,"2,653",27,181323700,71547,13471679,65,17510125,116193,37362,12550708,160730392,16109408,23,16173,86,4,4860,2,3,7832,780420,0
Luchï¿½ï¿½ La,Luchï¿½ï¿½ La Ley - Si,BoomBoxRepairKit,2022-05-20,QZHN62294886,"2,645",27,239850720,32312,13259481,67,511029390,1611310,182200,26534406,265917250,98142716,28,1,86,15,237120,17,12735768,7832,10,0
Wife,Wife,(G)I-DLE,2024-01-21,KRA392300032,"2,643",27,58909647,3850,12472972,67,65760732,1341331,182200,26534406,265917250,1405713659,3,288,86,1,151363,13,130093,122,82069,0
Jumbotron Shit Poppin,Her Loss,Drake,2022-11-04,USUG12208610,"2,635",27,126296463,44782,4407877,62,37702345,528716,23780,8679451,70817893,146398901,22,841,86,1,891,17,5094223,3119,588261,1
La Nota,La Nota,Manuel Turizo,2020-10-08,QZDYA1800024,"2,648",27,560949285,80872,37192436,64,298415218,1583803,267500,58834137,576560432,35850480,124,22639,86,21,1781933,49,29259483,3194,1440068,0
Solo,Solo,Myles Smith,2023-11-15,UKXN22382205,"2,647",27,95747052,18521,23770824,67,13990236,198993,1907,604177,9054387,45935756,29,8090,86,44,696335,3,176881,306,313239,0
UNFORGIVEN (feat. Nile Rodgers),UNFORGIVEN,LE SSERAFIM,2023-05-01,USA2P2310663,"2,639",27,223652808,18262,11833709,70,129099788,2078161,85400,75312218,705088821,266676222,29,2567,32,4,24189,38,493588,471,324686,0
ýýýýýýýýýýýýýýýýýýýýýýýýýýýýýýýýýýýýýýýýýýýýýýýýýýýýýýýýýýýýýýýýýýýýýýýý,ýýýýýýýýýýýýýýýýýýýýýýýýýýýýýýýýýýýýýýýýýýýýýýýýýýýýýýýýýýýýýýýýýýýýýýýý,Bonnadol,2023-03-15,THSOH2301617,"2,652",27,478756,207,18460,21,5028021,4866,2000000,13777952,193347455,98142716,28,5954,86,15,237120,17,12735768,7832,4666,0
Elini Ver,Elini Ver,Amo988,2024-05-15,TRBUL2400025,"2,637",27,15352061,639,5601320,72,11854252,76636,182200,26534406,265917250,98142716,12,390,86,2,1581911,17,12735768,7832,130733,0
P power (feat. Drake),DRIP SEASON 4EVER,Gunna,2022-01-07,QMCE32200042,"2,671",27,307122295,91786,17784294,69,31666337,395808,142300,49947875,327835388,42553980,19,3448,154,11,64551,3,14840512,9645,1132723,1
I Can See You (Taylorï¿½ï¿½ï¿½s Version) (From The ,Speak Now (Taylor's Version),Taylor Swift,2023-07-07,USUG12302091,"2,673",27,247056218,19231,16723973,69,41065721,1260603,139100,34732272,386594049,756308958,30,21779,3,13,387578,43,3133286,2751,459379,0
Prada (Valexus Remix),Prada (feat. Valexus) [Valexus Remix],cassï¿,2023-09-08,GBCEN2300156,"2,667",27,47098121,16949,17937069,67,148269610,1257935,182200,26534406,265917250,98142716,4,321,86,7,3429,5,128025,111,185116,1
"A ver, a ver - Ric Piccolo Edit","A ver, a ver (Ric Piccolo Edit)",Donald,2022-08-24,GBUQH2200069,"2,666",27,67852,531,98875,10,421207701,529059,182200,26534406,265917250,98142716,1,557,86,15,237120,17,12735768,7832,854584,0
Pepas,Pepas - Single,Farruko,2022-08-20,QZN882262975,"2,974",27,1490710634,11,1849,67,148269610,1257935,182200,26534406,265917250,98142716,1,5954,86,15,237120,17,12735768,7832,854584,0
Satu Rasa Cinta,Satu Rasa Cinta - Single,Happy Asmara,2022-12-03,DGA082216479,"2,662",27,3451208,248,31310,37,10165956,42703,2410953,11483292,319066421,98142716,28,12,86,15,237120,17,12735768,7832,854584,0
MATHEMATICAL DISRESPECT,MATHEMATICAL DISRESPECT,Lil Mabu,2023-05-05,QZVEM2324634,"2,657",27,165642949,39238,3356524,62,13111498,338766,202400,91978574,709390008,277235691,3,63,555,15,237120,17,1467373,10053,328655,1
Dick (feat. Doja Cat),Dick (feat. Doja Cat),StarBoi3,2021-04-23,USRC12100749,"2,669",27,247462687,55580,12451213,61,76319678,1242250,881035,270293066,1691904373,33255959,26,937,86,5,4470,8,3787909,12036,3937642,1
Otra Noche,Otra Noche - Single,Los ï¿½ï¿½ngeles Az,2021-11-11,MX1722101437,"2,659",27,238849559,26517,11475144,64,401770615,1536208,1275,1185903,16815994,10816168,12,12312,211,13,369524,5,3690918,2072,885927,0
Yet To Come,Proof,BTS,2022-06-10,USA2P2226300,"2,656",27,344744597,16095,22964291,64,264915434,15060408,359475,122010208,973086190,559165676,28,25341,77,15,304852,8,920415,869,625565,0
When I'm Gone,When Iï¿½ï¿½ï¿½m Gone (with Katy ,Alesso,2021-12-29,USUG12106230,"2,658",27,279996207,36648,30173875,64,42705657,691402,1943,977042,19367991,1087314726,71,251715,901,43,750115,44,50039519,3089,1785826,0
Girlfriend,The Second Wave (Deluxe),Ruger,2022-06-17,GBARL2201233,"2,691",27,56670689,18344,1864537,16,126849797,654337,1373186,19812568,344920965,34681748,31,6751,1,2,131930,8,529966,444,2142023,1
WATATI (feat. Aldo Ranks) [From Barbie The Album],WATATI (feat. Aldo Ranks) [From Barbie The Album],KAROL G,2023-06-01,USAT22305791,"2,680",27,100094720,10333,11971076,62,114762460,834616,389200,34507211,686876114,2604422,28,5954,183,12,233950,17,8878410,902,854584,0
911,911,Fuerza Regida,2022-11-30,QZ9QQ2200130,"2,676",27,181695722,14262,7383896,68,188904937,781510,270390,104665493,1079156243,65064,8,1645,86,3,32011,1,23076731,5904,567312,0
Always,NEVER ENOUGH,Daniel Caesar,2023-04-07,USUG12209355,"2,688",27,281707091,40049,16537367,74,23447030,216253,119645,29519019,236748049,38135485,13,9,26,3,2038,5,444186,872,494628,1
Damage,Damage,H.E.R.,2020-10-21,USRC11903897,"2,686",27,108241832,24791,8314569,53,206773555,1296813,164089,11238095,122657966,32626219,82,229820,378,24,606294,29,183123789,60457,1838870,0
Rags2Riches 2 (feat. Lil Baby),Pray 4 Love (Deluxe),Rod Wave,2020-08-07,USLD91728036,"2,687",27,227802182,65190,11346495,61,69718488,722875,2019064,105311337,749906169,98142716,14,82591,101,3,4527,9,76274129,39356,534826,1
No Wahala,No Wahala,1da Banton,2021-07-02,QZHZ52129395,"2,685",27,154010050,66808,4409868,63,234249323,1315242,417782,60004357,729439284,35766547,38,8575,129,13,538366,17,8880471,1657,2109482,0
HONEY BEES,HONEY BEES - Single,Hachi,2023-02-06,TCJPU2362002,"2,675",27,423395,229,2853,29,316523235,1071321,31700,2392537,14242780,121017,28,1,86,15,237120,17,12735768,7832,314,0
Gypsy,Gypsy,G.D. Kaur,2022-05-10,FR96X2229645,"2,682",27,58989412,4708,1055037,3,457435947,2665092,475,34450,756707,98142716,28,3,86,15,237120,17,12735768,7832,116513,0
Ojos Marrones,Ojos Marrones,Lasso,2022-06-03,MXUM72200528,"2,690",27,370988405,33800,12228512,68,69184223,532555,856300,142179351,1614554007,80243,23,50826,392,9,88374,36,332657,2595,1087892,0
WASTE,DISORDER,Kxllswxtch,2021-10-29,USUYG1393224,"2,684",27,272051636,64633,11550020,72,39751949,818015,298019,180786694,1314232560,98142716,3,38,86,15,237120,17,399622,1480,1447289,1
512,Primer Dia de Clases,Mora,2021-02-05,QM4TW2165662,"2,674",27,475820416,85784,28617350,70,270122797,1714650,110300,53172890,369308687,41079392,30,7754,76,8,62828,15,3189429,2491,698305,1
MTG MALDIï¿½ï¿½ï¿½ï¿½O ET,MTG MALDIï¿½ï¿½ï¿½ï¿½O ET,DJ GLK,2022-08-05,BXIV82279381,"2,689",27,239850720,6258,1213114,67,148269610,1257935,2809514,97960938,1396251598,98142716,28,5954,86,15,237120,17,12735768,7832,854584,1
Little Things x Gypsy Woman - L BEATS MASHUP,Little Things x Gypsy Woman (L BEATS MASHUP),Jorja Smith,2023-06-30,QM7282376030,"2,677",27,123627077,39465,44425341,71,148269610,1257935,4200,1046261,19231842,98142716,13,15034,86,30,549938,13,15420,191,420572,0
Wake Up (feat. Chris Brown),Wake Up (feat. Chris Brown),Skylar Blatt,2024-04-26,USAR12300479,"2,683",27,8040021,1100,6340545,67,4152404,115149,182200,26534406,265917250,16204986,13,14072,37,2,623,11,2166042,394,160973,1
Arranca (feat. Omega),Arranca (feat. Omega),Becky G,2023-03-10,USRC12300209,"2,699",27,161172707,23604,23467570,66,52352229,353891,33264,7184433,140240096,6507698,48,71615,534,45,1978100,35,12462344,1009,1364052,0
The Family Madrigal,Encanto (Original Motion Picture Soundtrack),Stephanie Beatriz,2021-11-19,USWD12112911,"2,698",27,217919853,22687,11527473,63,351386257,1758940,189071,135800782,1067404078,117035357,19,714,86,1,81124,9,45064909,42262,143875,0
Flawlï¿½ï¿½ss (feat. Lil Uzi V,Lyfï¿,Yeat,2022-09-09,USUM72217061,"2,701",27,233573513,67981,8674549,69,39331190,479798,34666,20275957,122612542,185705404,12,25,72,3,126922,4,466511,3737,647093,1
Praise Jah in the Moonlight,Praise Jah in the Moonlight - Single,Uzii BigTalk,2023-12-25,TCAHS2392343,"2,694",27,239850720,121,660,67,148269610,1257935,182200,7381338,94798200,98142716,28,42282,86,15,237120,17,12735768,7832,3863739,1
Stay With Me,Candy Baby,1nonly,2020-07-30,TCAFE2016912,"2,693",27,398942581,99939,11061124,68,231553878,3275110,799566,111636857,1054813567,526856,3,5,86,15,237120,17,3386783,2811,1102075,1
Typa Girl,BORN PINK,BLACKPINK,2022-09-16,KRA402200021,"2,697",27,357054107,20864,10226449,66,199710937,2549362,225000,94313386,790229870,117807648,5,1109,14,2,80569,7,1790458,2002,359205,1
ELA PIROU NA DODGE RAM,ELA PIROU NA DODGE RAM - Single,Luan Pereira,2023-03-17,BCX5C2300005,"2,692",27,149455007,13028,12083352,17,185077693,990325,101800,22395889,272723903,325427233,2,10,86,20,988870,9,202,7832,53011,1
Like What (Freestyle),Like What (Freestyle),Cardi B,2024-03-01,USAT22401675,"2,696",27,23475715,2809,14222754,67,21710598,476670,182200,3270800,27373700,648487,21,5417,120,14,176615,31,9313905,2075,164762,1
Dhani Ho Sab Dhan,Dhani Ho Sab Dhan,Pawan Singh,2023-01-31,INS7A2352922,"2,709",27,1332230,592,95570,67,307838128,1528273,4972,162043,2278729,98142716,28,5954,86,15,237120,17,12735768,7832,7289,0
Next Level,Next Level,aespa,2021-05-17,KRA302100169,"2,715",27,245384123,26925,9940497,68,514192282,6129641,94211,98935007,693149332,171506164,41,5409,43,2,5767,33,972338,1538,547626,0
Bado Badi,Bado Badi,Chahat Fateh Ali Khan,2024-04-23,GX5PW2400002,"2,708",27,901007,18,713,67,31008582,437421,182200,26534406,265917250,98142716,28,5,86,15,237120,17,12735768,7832,854584,0
Esta Vida,Esta Vida - Single,Marshmello,2023-04-13,USSD12300013,"2,719",27,94359848,23027,26530704,61,66093104,558819,52600,645712,13515544,112544154,37,53605,86,51,759785,17,5455072,1197,1195281,0
Bolide allemand,Liens du 100,SDM,2022-12-01,FRUM72202503,"2,711",27,152546936,33014,4883069,68,129655800,510676,97575,4800473,54647905,87631959,32,6839,86,23,5408422,12,12735768,7832,1390093,1
New Gold (feat. Tame Impala and Bootie Brown),New Gold (feat. Tame Impala and Bootie Brown),Gorillaz,2022-08-31,GBAYE2200462,"2,723",27,155399041,62013,13710934,60,32481842,684033,21669,11544855,135832597,1424027,26,53724,44,14,128215,32,5895530,1892,562309,1
MANIAC,The 4th Mini Album 'VERSUS',VIVIZ,2023-11-02,KRA382321414,"2,718",27,77590300,6575,6127218,67,94172195,738147,3247,22942690,170046435,572720093,7,5954,86,1,151363,17,12735768,7832,168452,0
Dientes,Dientes,J Balvin,2023-09-15,QZM5U2300388,"2,721",27,38622215,13808,12799845,4,16445144,247700,1894,2705205,59118842,100931285,29,61312,685,30,498777,17,1106891,375,1517721,1
Wake Up! (feat. Juice WRLD),11th Dimension,Ski Mask The Slump God,2024-06-07,USUM72406359,"2,707",27,2886460,470,4717544,67,329080,29751,182200,26534406,265917250,98142716,28,1,86,15,237120,17,3173,5,854584,1
Midnight Rain,Midnights,Taylor Swift,2022-10-21,USUG12205712,"2,714",27,658208129,36730,23499391,72,83795730,757210,86657,36893385,256300464,2047640,26,2505,9,2,124794,26,9631678,8584,334608,0
Burn It Down,Never Enough,Parker McCollum,2023-05-12,USUM72223494,"2,737",27,42332727,7018,6690589,65,23741737,116972,3495,835693,14014956,479304859,22,139251,5,6,1675871,16,36872121,7254,307193,0
Tu Fan,tu fan,mafalda cardenal,2023-05-26,QZMZ92325070,"2,735",27,65670361,8193,4692658,66,96035934,736076,608500,55379246,493111688,37699119,2,613,86,15,237120,17,12735768,7832,467250,0
Whole Lotta Choppas,Whole Lotta Choppas,Sada Baby,2020-08-14,US39N2000446,"2,731",27,55312275,16559,2391593,45,39808873,574179,5063590,297105838,2188871458,61820,19,5395,186,3,1550,17,4746084,9297,732768,1
Galaxy Express,Galaxy Express - Single,D Gerrard,2024-01-05,THW092305121,"2,732",27,20710234,1513,1465628,61,89001571,370896,182200,26534406,265917250,736027111,7,1203,86,15,237120,17,405,7832,58364,0
Skate,Skate,Bruno Mars,2021-07-30,USAT22104222,"2,733",27,248947222,70726,16159530,63,129102965,1676120,1494,372385,5258682,747385177,95,122909,20,51,781953,36,15760107,7726,1701042,0
Enemy - from the series Arcane League of Legends,Enemy (from the series Arcane League of Legends),Imagine Dragons,2021-10-27,USUM72120989,"2,728",27,313209345,57092,6389142,65,148269610,1257935,33762,17669829,145431218,98142716,6,5954,86,1,173,1,24726484,20793,9602713,0
Dear John,End of the World,Wild Child,2023-03-31,QMB622200356,"2,730",27,271785,152,7172,21,281209604,1652039,182200,26534406,265917250,483188,28,365,86,15,237120,17,7503,7832,854584,0
Escï¿½ï¿½n,Escï¿½ï¿½n,ýýengo Flow,2023-08-25,QZ7R42353128,"2,736",27,63748913,11841,9184869,60,109386782,532629,13700,438906,4695060,434486494,4,481,113,4,34988,17,306518,289,202893,1
LAISSE MOI,LAISSE MOI,KeBlack,2023-09-08,DGA092316630,"2,743",27,76805130,12362,2698463,67,62061765,290394,110539,21137395,261958744,196973081,7,12888,86,17,6791140,17,587,7832,972269,1
This Is The Life,This Is The Life,LIZOT,2023-10-13,DEUM72311113,"2,750",27,72773866,23003,14286816,71,5868964,68984,182200,26534406,265917250,98142716,15,1222,86,21,317385,9,12735768,7832,209235,0
More Than My Hometown,More Than My Hometown,Morgan Wallen,2020-04-17,QZ22S1800117,"2,755",27,503296417,55067,8724047,74,198319407,665110,101364,12089070,124574139,360980228,27,114836,31,3,3237,9,183787853,38592,986413,0
Fall In Love Alone,Fall In Love Alone,Stacey Ryan,2022-05-13,USUG12202833,"2,746",27,250626750,28158,11808223,66,42387613,401947,1724955,158358329,1888735985,18603572,17,14448,7,8,296083,2,90855,566,438027,0
Huntinï¿½ï¿½ï¿½ W,Might Delete Later,J. Cole,2024-04-05,USUG12402405,"2,747",27,36972292,5914,4824184,67,7753794,139155,182200,26534406,265917250,399839,3,56,86,15,237120,17,1780082,576,66418,1
Clap For 'Em (feat. Flo Milli & Sada Baby),Clap For 'Em (feat. Flo Milli & Sada Baby),YungManny,2021-03-20,USRC12003901,"2,753",27,21634137,6881,1871089,40,1198045,19492,4857888,200277564,1553141547,98142716,10,62,11,5,12192,17,670016,1356,282245,1
Righteous,Righteous,Juice WRLD,2020-04-24,USUG12000979,"2,749",27,553627198,108088,18837961,64,293505196,3213599,79391,5994142,43552260,48193048,32,298,31,12,64179,6,36471765,20123,672702,1
Casei Com a Putaria,Casei Com a Putaria,Mc Paiva ZS,2022-07-01,BXKG22200702,"2,748",27,255564797,31242,9239751,63,264486017,1523924,46722,23505507,183685728,173994448,28,43,86,23,2170095,7,12735768,7832,854584,1
9mm,Memphis Cult Vol. 6,Memphis Cult,2023-02-23,UKEX32307199,"2,754",27,157826873,34124,27264746,4,33874675,706576,564,43560,587731,98142716,5,2,86,1,70402,17,12735768,7832,1530751,1
DEJA VU,DEJA VU,Luan Santana,2023-12-07,BR27R2300050,"2,762",27,117285775,5157,14287746,67,74303022,525485,182200,26534406,265917250,1329005783,16,2808,86,41,10451762,17,12735768,7832,79791,0
Gï¿½ï¿½r,Gï¿½ï¿½r Bak - Si,Fatih Bulut,2024-03-08,TRBIY2400022,"2,770",27,11315262,557,765288,67,53172804,172426,182200,26534406,265917250,83084501,2,5954,86,1,1566667,17,12735768,7832,94321,0
vendetta!,vendetta!,MUPP,2022-05-20,QM4TX2285434,"2,773",27,317919778,77387,27153082,68,51618223,617981,11600,6821906,60936894,28998158,17,5954,86,3,91280,17,3261038,2540,825474,1
Tï¿½ï¿½ OK (Re,Tï¿½ï¿½ OK (Remix) (feat. MC Kevin o Ch,DENNIS,2023-08-03,BRSME2301107,"2,775",27,112629182,13995,21476863,68,45525215,604580,367300,37624994,569736479,21091552,16,3689,86,43,1673614,29,5997084,1423,488961,0
I'll Be Waiting,I'll Be Waiting,Cian Ducrot,2022-11-10,GBUM72205880,"2,756",27,185042019,41058,8054809,62,35977202,482490,923,7073614,68670799,143011080,35,78838,189,19,88224,2,1099976,1460,958912,0
Admirin' You (feat. Preston Pablo),Admirin' You (feat. Preston Pablo),Karan Aujla,2023-08-01,CAW112300241,"2,760",27,97989585,11146,3310108,63,102363097,1045313,182200,26534406,265917250,98142716,16,663,86,1,117,19,25772,17,157502,0
Untitled #13,Untitled #13,Glwzbll,2023-04-04,RUA1D2328942,"2,757",27,32244050,12908,2414592,58,103148536,1493640,549545,144496419,1579523296,98142716,1,1,86,15,237120,17,12735768,7832,416085,0
El Belicï¿½,El Belicï¿½,Peso Pluma,2022-02-04,QMFMF2141501,"2,767",27,254275891,27949,5762358,64,326775934,1525536,65900,15883571,217432850,3365559,10,15,1,15,237120,15,25341310,7579,488932,1
imgonnagetyouback,THE TORTURED POETS DEPARTMENT: THE ANTHOLOGY,Taylor Swift,2024-04-19,USUG12402541,"2,764",27,88244010,2659,8584946,67,7381186,96742,5844,1925300,14644000,98142716,9,91,86,1,21170,13,1597647,490,32559,0
BANZAI!,BANZAI!,Kazuo,2022-12-24,JPWP02202338,"2,769",27,118164,91,607,10,341971709,1203797,4,2599,20739,8732,28,11,86,15,237120,17,12735768,7832,854584,1
Calling For You (feat. 21 Savage),For All The Dogs,Drake,2023-10-06,USUG12306068,"2,758",27,74265576,23221,3122350,67,148269610,1257935,182200,26534406,265917250,98142716,6,2407,86,5,157363,17,795559,695,163845,1
Like That,WE DON'T TRUST YOU,Future,2024-03-20,USSM12402255,"2,774",27,352623365,932,622889,67,148269610,1257935,182200,26534406,265917250,98142716,136,5954,86,2,126445,17,12735768,7832,854584,0
Mentalitï¿,EP2,Baby Gang,2022-06-17,ITC6Q2200040,"2,761",27,120605300,50347,2257680,66,116373773,1063920,316335,18244859,261974228,33886375,6,157,86,3,6160,8,12735768,7832,1812780,1
ýýýýýýýýýýýýýýýýýýýýýýýýýýýýýýýýýýýýýýýýýýýýýýýýýýýýýýýýýýýýýýýýýý,ýýýýýýýýýýýýýýýýýýýýýýýýýýýýýýýýýýýýýýýýýýýýýýýýýýýýýýýýýýýýýýýýýý,Djpaoremix,2023-02-03,QZDA42300052,"2,792",27,134274,70,4970,67,6873380,41796,2100000,20188963,379926509,98142716,28,5954,86,15,237120,17,12735768,7832,3926,0
I'll Be There,I'll Be There,Robin Schulz,2023-10-13,DEA622302401,"2,789",27,21067560,4684,9704010,67,8446909,70328,182200,253568,3385213,33125935,21,108458,19,17,5754915,12,35204,22,633019,0
Heavy stunts (with Don Toliver),King tonka,Yeat,2024-05-03,USUM72405093,"2,777",27,11680886,2796,4428363,67,148269610,1257935,182200,26534406,265917250,98142716,4,26,2,15,237120,9,23440,54,28986,1
Time Today,Time Today,Moneybagg Yo,2021-02-03,USUM72101019,"2,785",27,191071471,61218,9916175,65,109977159,1028822,60304,8245826,67883730,64439007,53,144521,676,8,74205,11,147467680,30372,1381684,1
messy in heaven,messy in heaven,venbee,2022-09-23,GBARL2201891,"2,779",27,120785398,45503,9878550,59,25495861,202181,24429,3729330,64940140,330803,34,62413,231,17,214166,26,836667,276,742291,0
Maquillaje,Maquillaje - Single,Renn,2024-01-10,QZZ662405291,"2,776",27,71320813,6751,23980309,76,42538475,287894,182200,760808,7603158,22607618,5,1952,86,17,817857,13,32907,116,428764,1
Shiver,Shiver,John Summit,2024-02-14,USUG12401003,"2,788",27,30048265,7304,26556055,67,5098200,65463,182200,26534406,265917250,50446943,26,12133,50,12,281673,55,1813290,438,268143,0
Novidade na ï¿½ï¿,Novidade na ï¿½ï¿,Mc Livinho,2023-06-23,BCDMP2300045,"2,794",27,191234818,26907,12302377,64,67753459,593702,182200,26534406,265917250,95148914,14,2970,86,21,311304,6,12735768,7832,242735,1
Coming for You (feat. A1 x J1),Coming for You (feat. A1 x J1),SwitchOTR,2021-10-29,GBARL2101712,"2,786",27,169896142,75491,4711796,56,75289061,945215,897591,130156421,1737382885,40640524,13,7525,86,9,30030,4,12735768,7832,1055110,1
Toxic Pony,Toxic Pony (feat. Britney Spears & Ginuwine),ALTï¿½ï,2022-01-21,USRC12200203,"2,783",27,103232015,33577,15250725,60,9695261,155015,2254200,271083554,2866098547,98142716,13,23216,73,6,35415,6,6187775,3305,575418,0
Grey,Grey - Single,Yung Filly,2024-01-26,GBAHT2400033,"2,780",27,48858795,9713,6487656,67,14953162,318976,182200,679900,7540800,70543438,18,2166,86,10,89729,1,12735768,7832,215596,0
Aquï¿½ï¿½ A,Aquï¿½ï¿½ A,Christian Nodal,2020-07-10,MXUM72006101,"2,791",27,423313161,33148,12012992,66,597262135,2506019,18138,2257511,35488227,19729407,17,6932,341,15,694760,21,47114049,7626,902218,0
Ceux qu'on ï¿½ï¿½,Ceux qu'on ï¿½ï¿½tait - Si,Pierre Garnier,2024-02-07,FRZ052400042,"2,793",27,50498801,2884,6002529,70,27905696,361990,182200,26534406,265917250,91399340,30,22697,86,40,17971354,13,12735768,7832,442987,0
Apaga El Cel,Apaga El Cel,Calle 24,2023-12-22,USDXS2304292,"2,778",27,145975016,6115,16399686,82,54043783,310905,182200,26534406,265917250,1098765819,4,5954,86,5,1265523,8,12735768,7832,326991,0
ýýýýýýýýýýýýýýýýýý - ýýýý ýýýýýýýý ýýýýýýýý ýýýýýý,ýýýýýýýýýýýýýýýýýý (ýýýý ýýýýýýýý ýýýýýýýý ýýýýýý),Ahmed Saad,2023-06-20,FRX872398704,"2,781",27,20588020,3465,1820609,58,179178650,649493,133700,9283133,274048028,27579261,6,1323,86,3,29136,17,12735768,7832,161826,0
LATTE (feat. Maria Becerra),The Academy: Segunda Misiï¿½,The Academy: Segunda Misiï¿½,2024-03-28,USWL12400693,"2,806",26,25813787,3297,10885827,68,27340680,205074,182200,26534406,265917250,10030985,1,477,86,15,237120,1,95858,48,59027,1
In My Head,In My Head,Lil Tjay,2022-04-01,USSM12202421,"2,804",26,237061046,82335,8632456,63,47378172,923407,374,356522,3442700,341463881,13,13487,652,14,94957,18,12629283,6451,665891,1
Plan A,Plan A,Paulo Londra,2022-03-23,USWL12200224,"2,808",26,275416061,45154,6010438,58,237452601,5966974,50200,38034415,356327284,183244953,17,12401,66,13,69057,19,127152,284,243094,0
GoodSin,Avana - EP,Olivetheboy,2023-04-21,TCAGY2352982,"2,802",26,9513971,1470,136347,67,17460383,97768,1626005,17984432,262199462,98142716,5,1405,86,15,237120,17,12735768,7832,854584,1
Little Bit of Love,Little Bit of Love,Tom Grennan,2021-01-08,GBARL2001197,"2,810",26,389164529,60436,21604450,62,96711789,597354,22228,9869894,82984646,22709518,75,249186,56,37,212978,11,1555422,711,3654247,0
Fresh Out The Slammer,THE TORTURED POETS DEPARTMENT,Taylor Swift,2024-04-18,USUG12401034,"2,811",26,105424914,2473,7785632,67,7227379,113318,182200,348700,2500000,98142716,12,241,86,3,52518,41,1332898,721,21372,0
Left and Right (Charlie Puth) [feat. Jung Kook of BTS] - Sped Up Version,Left and Right (Charlie Puth) [feat. Jung Kook of BTS] [Sped Up Version],sped up nightcore,2022-07-18,USAT22210335,"2,807",26,3492767,807,484998,27,412119147,8660129,122000,1891966,24601626,5322461166,1,5954,86,15,237120,8,8844,7832,854584,0
Save Me,Save Me,Jelly Roll,2020-06-25,USZHR2000088,"2,799",26,143528699,26295,1211007,65,395691039,3870422,115695,13408126,184322890,442453830,2,1328,8,1,2482,17,89016137,161227,795577,0
ýýýýýý,ýýýýýý,SPRITE,2021-04-29,TH2DY2100061,"2,803",26,9126545,2349,139340,41,440738171,3204368,1821332,96385707,1185912241,27961594,7,819,86,15,237120,17,12735768,7832,117936,1
Best For Me,Best For Me,Joyner Lucas,2024-03-18,QM4TX2423210,"2,798",26,18852560,3014,3041643,67,18904500,468752,182200,120700,1200000,1283674,10,5873,3,6,7688,28,8477163,1522,208479,1
Ni Me Debes Ni Te Debo,Colmillo De Leche,Carin Leon,2023-05-19,QZQMB2105022,"2,797",26,168963270,9329,6528413,52,138646834,561807,83980,6759488,90780465,7517627,7,6941,7,6,21467,2,7647073,808,327415,0
Ya No Vuelvas,Ya No Vuelvas,Luck Ra,2022-08-09,CLPP22200035,"2,816",26,28739240,4519,1778008,51,378611518,826925,43939,2316894,26531589,4172329,28,1411,86,2,6728,17,12735768,7832,854584,0
21,THE GOAT,Polo G,2020-05-15,USQX92002597,"2,814",26,500766243,134529,11500707,67,161831915,1890192,62100,5844781,22513039,25064335,21,36,72,2,9498,2,25620725,25187,436240,1
NOSTYLIST,NO STYLIST,Destroy Lonely,2022-08-12,USLD91740130,"2,818",26,100973437,55772,4769511,63,14289584,264058,153000,72100628,552255188,98142716,8,511,34,15,237120,1,466721,911,443594,1
Respect (2021 Remaster),The Genius of Aretha Franklin,Aretha Franklin,2021-02-19,USRH12000996,"2,812",26,607726217,158,18327,20,148269610,1257935,182200,26534406,265917250,98142716,28,5954,86,15,237120,17,539329824,183461,854584,0
SO DONE,SO DONE,The Kid LAROI,2020-10-23,USSM12005922,"2,820",26,428787524,95178,8705363,62,63666862,1060419,39225,15383747,116127311,26679235,69,39027,86,18,2013,7,30609251,13139,636078,0
The Boat Beat,The Boat Beat,Ricky Desktop,2020-05-12,QZES92025420,"2,813",26,13847072,3177,474041,33,8068836,219118,6220932,241086839,3081391270,98142716,28,5954,86,1,749,17,503167,2221,142921,0
New Jeans,NewJeans 'Super Shy',NewJeans,2023-07-07,USA2P2330067,"2,840",26,253890110,22593,5131270,73,32342210,1238077,93504,33300089,242425753,52890440,7,350,86,1,18402,14,880833,3042,221882,0
Cat Partying (TikTok Sped Up) - Remix,Cat Partying (TikTok Sped Up) [Remix],Music Factory,2023-03-20,ARIXB2303741,"2,826",26,2368578,1128,61944,67,148269610,1257935,1900000,12239089,196993859,98142716,28,5954,86,15,237120,17,12735768,7832,854584,0
Yï¿½ï¿½reï¿½ï¿½i,Yï¿½ï¿½reï¿½ï¿½i,Amo988,2023-09-15,TRBUL2300064,"2,841",26,75979813,7579,4760968,68,104439157,350883,33300,3921299,60449279,369727517,2,2174,86,3,1583000,17,12735768,7832,372000,0
No Angels,Everything I Thought It Was,Justin Timberlake,2024-03-14,USRC12400002,"2,839",26,11092257,1607,7250700,67,148269610,1257935,182200,26534406,265917250,98142716,30,41925,1,39,1094377,11,621190,208,184790,0
Champagne Poetry,Certified Lover Boy,Drake,2021-09-03,USUG12104397,"2,836",26,308396120,99705,14089454,66,63664549,669096,258830,147816112,1204022719,22392532,16,981,12,10,140499,2,6705531,7745,298898,1
ýýýýýýýýýýýýýý,ýýýýýýýýýýýýýý - Single,Akris & Teddy,2024-05-31,FRX872442897,"2,828",26,306040,1,13,15,148269610,1257935,182200,26534406,265917250,98142716,28,5954,86,15,237120,17,12735768,7832,610446,0
Om Jai Jagdish Hare,The Bhajan Project 2,Shivali,2023-02-16,INS172300521,"2,824",26,8313,7,75,8,314513125,1120176,182200,26534406,265917250,98142716,28,1,86,15,237120,17,12735768,7832,854584,0
Your Power,Your Power,Billie Eilish,2021-04-29,USUM72105934,"2,838",26,423439672,79149,22567177,68,170437339,4244477,124714,54016040,347631092,47423810,130,51953,33,28,568814,43,15646904,6432,1144737,0
Bling Bling,Bling Bling - Single,Grupo Marca Registrada,2023-11-27,USA2P2358699,"2,837",26,96383243,10187,4406109,67,51056879,376116,182200,596994,4336957,1280723741,2,717,86,3,77873,17,332742,435,259613,1
PERO Tï¿,PERO Tï¿,KAROL G,2023-02-23,USUM72222545,"2,827",26,212911684,22815,8668393,71,106041009,588756,215518,9084718,131834580,7517627,9,528,125,6,404308,9,12174494,1543,313441,1
N'y pense plus,N'y pense plus,Tayc,2020-06-19,FR8FB2002810,"2,833",26,177952382,60714,3538535,63,217526800,1861229,1855774,227091507,2758905591,17779700,26,10488,86,12,110119,3,1004432,880,5257817,0
Body,Good News,Megan Thee Stallion,2020-11-20,QMCE32000683,"2,831",26,327693363,59033,19679788,63,215966337,3070939,1180141,371525726,2873316705,1231737,19,97610,401,10,24852,26,12735768,7832,854584,1
Where You Are,Where You Are,John Summit,2023-03-03,USUG12301338,"2,822",26,123058600,41625,65080812,71,15090329,160292,12651,2501719,30233661,35904201,40,19860,16,22,409177,30,3482823,1553,763897,0
bigger thï¿½ï¿½n everyt,bigger thï¿½ï¿½n everyt,Yeat,2023-08-10,USUM72311204,"2,832",26,48790265,26044,5580526,59,11963045,259674,182200,239969,2309009,191102695,6,242,56,2,43891,17,230247,7832,158531,1
Princess Diana (with Nicki Minaj),Princess Diana (with Nicki Minaj),Ice Spice,2023-04-14,USUG12300211,"2,829",26,220270601,34862,34947789,67,32354134,356483,219907,98324852,905030524,98142716,28,8968,1620,15,237120,17,12735768,7832,854584,1
The Chicken Wing Beat,The Chicken Wing Beat,Ricky Desktop,2020-06-13,QZHN72010372,"2,842",26,68033539,13060,1293542,60,88796716,1038952,4890413,206433932,2164370742,7628776,2,90,38,15,237120,5,20368923,3606,593992,0
Nï¿½ï¿½o Vou Nam,Nï¿½ï¿½o Vou Nam,DJ Ws da Igrejinha,2024-01-19,QZZEC2322612,"2,850",26,73192291,7800,40120103,79,34522299,269890,182200,26534406,265917250,15869838,1,6,86,24,14916452,17,12735768,7832,143297,1
Rim Tim Tagi Dim,Rim Tim Tagi Dim,Baby Lasagna,2024-01-12,AT2DY2400003,"2,848",26,34926866,4003,4119043,75,50347276,837359,10600,26534406,265917250,12801813,13,2543,86,18,177178,8,12735768,7832,151826,0
Ms. Jackson,Ms. Jackson,Pashanim,2023-08-24,DECE72302560,"2,847",26,91200208,31859,7752540,69,9615800,108288,1020,502312,4482394,171987731,16,9735,86,10,9087073,4,12735768,7832,118882,0
Sï¿½ï¿½PER ULTRA ,Sï¿½ï¿½PER ULTRA ,Picus,2023-04-15,MXUM72300426,"2,844",26,14167450,963,227636,56,246398948,1783107,182200,10206545,145453664,80150371,28,374,86,15,237120,1,12735768,7832,55529,0
Happier (feat. Clementine Douglas),Happier (feat. Clementine Douglas) - Single,The Blessed Madonna,2024-02-02,GBAHT2301515,"2,846",26,30812151,5012,42546998,71,4200741,25745,182200,26534406,265917250,24444704,48,9139,99,32,3648043,66,38754,47,428557,0
Sin Tanto Royo,Sin Tanto Royo,Luis R Conriquez,2023-10-20,QMANG2210115,"2,853",26,92158242,10988,6195525,67,73651632,328795,363,134310,1349277,242792313,5,1,86,15,237120,17,609823,333,268720,0
Rhyme Dust,Rhyme Dust,MK,2023-02-24,GBARL2300220,"2,843",26,116992202,44035,62486297,65,7745796,95181,12594,8695476,92238960,7025105,50,14692,281,22,274665,18,1299775,674,762785,0
Tu Foto,Tu Foto,Q' Lokura,2024-05-16,QM6N22456323,"2,869",26,9244547,925,8931821,69,12781421,82897,182200,26534406,265917250,98142716,1,91,86,1,231785,17,12735768,7832,10458,0
Loco,Loco,Justin Quiles,2021-05-13,USWL12100223,"2,864",26,417078369,80390,22262789,61,22493718,150440,779826,109132088,1310854382,982702,61,36058,86,25,73195,31,18046754,5964,2963547,0
Siempre Pendientes,Siempre Pendientes,Peso Pluma,2022-08-15,QM6P42200426,"2,865",26,395739041,34865,14461323,69,115349777,497323,256000,27864309,347269682,98142716,18,651,86,1,4087,9,31933007,5538,525859,1
LALALI,SEVENTEEN BEST ALBUM '17 IS RIGHT HERE',SEVENTEEN,2024-04-29,USA2P2415976,"2,858",26,11282322,625,1779055,67,23217618,887493,182200,2229,22700,5822984,1,70,86,2,5672,17,26409,24,15240,0
Slut Me Out,Slut Me Out - Single,NLE Choppa,2022-04-15,USWB12200942,"2,867",26,346862697,72540,23493477,67,28725574,481537,60398,29004515,186623555,29533696,8,156,35,8,35925,4,7754964,27818,814265,1
Real Love,Real Love,Martin Garrix,2023-09-22,NLM5S2302045,"2,859",26,23089149,7090,14537779,67,1508079,15100,700500,9061381,160449801,98142716,35,23382,156,47,838246,17,376057,7832,115557,0
Wasted Love (feat. Lagique),Wasted Love (feat. Lagique),Ofenbach,2021-01-08,FR9W12028036,"2,868",26,385903701,66419,24104595,61,67488485,440351,728654,53819526,771965593,27764465,153,193630,86,54,1047713,7,9489011,724,2080227,0
Y Si Se Quiere Ir,Y Si Se Quiere Ir,"Luis Angel ""El Flaco""",2021-11-19,QZDQH2154311,"2,866",26,110244949,10233,6570771,39,442934526,1510804,2407,864180,12667235,37522385,1,4747,200,15,237120,19,45568995,2967,854584,0
Stuck In The Middle,Stuck in the Middle,Tai Verdes,2020-05-29,QZHN52001856,"2,861",26,143421888,46095,5506539,54,23355896,429911,4300313,895618190,6940732133,1036956,26,3496,150,5,176782,3,4696434,7554,570828,1
Step Back!,Step Back!,1nonly,2022-09-02,USWB12203894,"2,860",26,166436749,48250,16940138,68,49886904,632581,58547,24932289,219657145,72266,9,3,86,3,91280,17,3588218,2028,850249,1
ýýýýýý,ýýýýýý,YOASOBI,2021-01-06,JPP302000760,"2,855",26,311307250,48587,6777195,61,460930832,3166818,73300,18691633,275649626,78255590,38,938,86,4,20773,7,1427765,827,556492,0
UK Rap,Split Decision,Dave,2023-06-04,GBUM72305710,"2,882",26,107742416,42998,15708278,67,11323598,134265,182200,68,921,15202,32,1310,39,10,367040,6,167290,634,186901,1
Yugur,Yugur - Single,Dildora Niyozova,2024-02-21,GBLPF6787759,"2,886",26,17009,6,20,67,66083451,231545,182200,26534406,265917250,98142716,28,5954,86,15,237120,17,12735768,7832,37489,0
Always This Same Old Song,Better Lucky Than Beautiful,Bingo Club,2023-02-24,FR9W12223053,"2,879",26,84198,27,527,15,295297180,1257935,182200,26534406,265917250,98142716,28,7,86,15,237120,17,12735768,7832,41,0
True Love,True Love,Kanye West,2022-05-27,USQX92202485,"2,884",26,269363579,84173,16979097,70,3464827,61192,162,39781,139748,197936,14,2567,300,10,99320,13,7132702,3069,706611,0
La Triple T,La Triple T,TINI,2022-05-05,USHR12243202,"2,877",26,265244748,27965,12696928,58,219911011,1029281,439688,63221453,837142924,38389154,29,17457,424,21,249287,16,383784,211,226814,0
Northern Attitude (with Hozier),Northern Attitude (with Hozier),Noah Kahan,2023-11-10,USUM72315552,"2,874",26,269280631,16841,7676990,67,4294607,37332,182200,26534406,265917250,98142716,12,5954,86,12,95510,30,4995688,1999,199947,1
Devil Doesnï¿½ï¿½ï¿½t B,(Un)Commentary,Alec Benjamin,2022-04-15,USAT22200712,"2,888",26,203417763,41522,3635691,66,69712050,939096,624819,85472081,686244417,1916679817,12,18320,111,2,3773,7,43710605,11796,885217,0
Vamos Aclarando Muchas Cosas - En Vivo,Vamos Aclarando Muchas Cosas (En Vivo),Codiciado,2022-09-02,QZQMB2102927,"2,887",26,145135597,15952,3101333,65,226936682,537097,235860,10955274,181357126,34156826,3,536,86,15,237120,1,25569248,5096,486827,1
Haja Colï¿½ï¿½rio (feat. Hugo & Guilherme) - Ao ,Haja Colï¿½ï¿½rio (feat. Hugo & Guilherme) [Ao V,Guilherme & Benuto,2022-06-23,BCVV82000055,"2,871",26,290735048,17734,15206997,60,296249830,565573,51900,5612563,91683933,3084523872,25,8531,86,42,605462,7,218,7832,136717,0
Just Pretend,THE DEATH OF PEACE OF MIND,Bad Omens,2022-02-25,USYFZ2264208,"2,872",26,209635991,54470,8885780,71,26381437,281014,161246,24563445,231239811,12295099,18,99987,102,3,29711,13,23457347,11141,832908,0
older,older,Isabel LaRosa,2023-09-15,USRC12302056,"2,870",26,174933335,20035,16854153,67,13345496,254331,1,496198,3421698,98142716,4,290,86,13,244120,17,1110727,934,810245,0
Happy Dance,Happy Dance,Elmo,2023-02-03,USRH12206010,"2,889",26,239850720,32312,13259481,67,323018594,550826,182200,26534406,265917250,98142716,28,5954,86,15,237120,17,90623,791,854584,0
Alone,Black Panther: Wakanda Forever - Music From and Inspired By,Burna Boy,2022-11-04,USHR12244832,"2,875",26,139783785,44303,5375418,63,37874489,402994,41400,17092754,129948415,644,25,5116,1,11,109328,14,3097330,2488,2203339,0
Labios Mordidos (with KAROL G),Labios Mordidos (with KAROL G),Kali Uchis,2023-11-24,USUM72315069,"2,883",26,91553012,8921,15207574,67,48246407,514286,321,234356,265917250,381759122,20,6121,126,36,7295757,9,6723078,1095,196870,0
"No Me Conocen (Remix) [con DUKI, Rei & Tiago PZK]","No Me Conocen (Remix) [con DUKI, Rei & Tiago PZK]",BANDIDO,2021-06-16,UYB282113006,"2,892",26,203081704,47164,7286295,59,409311269,2277370,182200,26534406,265917250,31484427,12,324,86,4,21147,4,19948,7832,373244,0
Be My Lover (feat. La Bouche) - 2023 Mix,Be My Lover (feat. La Bouche) [2023 Mix],Hypaton,2023-04-21,DEE862300656,"2,893",26,136778408,38192,48561484,74,148269610,1257935,1937,301660,16053583,98142716,31,27969,86,59,1248462,30,887691,205,936908,0
Butterfly x Boom - Remix,Butterfly x Boom (Remix),LEA,2022-01-13,HKK972201900,"2,897",26,239850720,382,26476,67,148269610,1257935,3700884,12129705,201918963,98142716,28,5954,86,15,237120,17,12735768,7832,85064,0
On The Radar Freestyle,On The Radar Freestyle,Drake,2023-07-26,USLD91749183,"2,894",26,86155124,34804,13487736,62,17603372,566251,4799,2344363,21751158,465664,22,884,1,1,12802,18,1836178,1081,260921,1
Forever (feat. Fridayy),It's Only Me,Lil Baby,2022-10-14,USUG12207233,"2,906",26,101717995,43236,7266342,61,28422099,327967,63,1372,15743,98142716,18,3843,932,3,908794,17,96992333,15344,1196752,1
"""Slut!"" (Taylor's Version) (From The Vault)",1989 (Taylor's Version),Taylor Swift,2023-10-26,USUG12306687,"2,908",26,265932119,15133,21522387,67,10688311,218021,57311,24038841,148790467,1023354836,14,6497,5,19,512287,33,2649309,1180,362874,0
icantbelieveiletyougetaway,icantbelieveiletyougetaway,aldn,2024-05-31,QZMEQ2463576,"2,896",26,3162942,520,4539512,63,247697,13414,15900,26534406,265917250,98142716,28,5954,86,15,237120,17,3490,26,46746,0
Harmless Python,INKUBATOR,Hot Lemon,2023-02-25,USCGJ2325873,"2,905",26,239850720,32312,13259481,67,307570754,3929196,182200,26534406,265917250,10540020,28,1,86,15,237120,17,12735768,7832,854584,0
Funk Estranho,Funk Estranho - Single,prod.67,2024-05-31,QZNWR2410858,"2,902",26,3589,32312,13259481,15,148269610,1257935,182200,26534406,265917250,98142716,1,5954,86,15,237120,17,12735768,7832,589007,0
Yo No Soy Celoso,Un Verano Sin Ti,Bad Bunny,2022-05-06,QM6MZ2214880,"2,901",26,370800055,49381,6786167,68,130681979,909372,9631,12486570,123346772,20198310,8,1209,86,1,4012,1,11215211,2417,336808,1
Head Shoulders Knees & Toes (feat. Norma Jean Martine),Head Shoulders Knees & Toes (feat. Norma Jean Martine),Ofenbach,2020-05-08,FRY682000003,"2,909",26,437558372,91322,17073985,65,131588669,803725,52346,9680657,88146717,46616431,97,213903,86,80,3693604,15,4728071,5923,3913562,0
JEALOUSY (feat. Cardi B),JEALOUSY (feat. Cardi B),Offset,2023-07-28,USUM72311135,"2,907",26,58058696,20289,18874374,56,31124272,674922,8543,7585680,62820921,267510966,18,35668,359,11,189549,35,18553797,2371,519567,1
Clash (feat. Stormzy),Clash (feat. Stormzy),Dave,2021-07-08,GBUM72103840,"2,898",26,237619076,109634,9288222,61,83880421,827499,29127,12773383,121310762,13321285,68,6889,6,10,95781,21,248457,109,995591,1
Problema,Problema,Carlos Agassi,2023-09-27,TCAHM2313718,"2,904",26,125395,32,2558,67,148269610,1257935,1100739,21961859,325076048,98142716,28,5954,86,15,237120,17,12735768,7832,380,1
Shoong! (feat. LISA of BLACKPINK),Down to Earth,TAEYANG,2023-04-25,KSA002300722,"2,903",26,156994096,14231,5565204,61,147699486,22687,15086,27140570,180459570,53993902,17,3500,18,3,19908,11,959435,375,628505,0
Boyz In Paris (with VINAI),Boyz In Paris (with VINAI),Marnik,2023-07-28,FR9W12333643,"2,919",26,136709117,28764,62770976,73,5623146,62157,1046,438190,11060327,3380195,34,17195,86,72,1464103,16,12735768,7832,1065826,1
Ngozi,Trench to Triumph,Crayon,2023-07-21,US23A1567556,"2,928",26,48581084,11373,7780743,65,35448614,206819,549399,23105995,270727164,65962506,38,3397,9,2,51430,22,21965,146,1291258,0
i am not who i was,i am not who i was - Single,Chance Peï¿½,2023-09-21,QZTPX2322912,"2,910",26,188215390,24322,21529351,67,3624497,1257935,6448,2220665,21944041,29364635,6,1022,217,3,1026164,17,9796656,668,222417,0
Single Again,Single Again,Harmonize,2023-02-19,HKC371724447,"2,915",26,239850720,3,4,67,31741874,229907,1904084,16348061,230507109,98142716,28,5954,86,15,237120,17,12735768,7832,854584,0
Andamos Mejor,Andamos Mejor,Los Gemelos De Sinaloa,2022-01-24,USDXS2200425,"2,930",26,209092342,22379,7376777,63,265900557,1262410,246700,11562330,200533647,186,6,20,86,15,237120,6,71876275,11600,443034,0
Tu Turrito,Tu Turrito,Rei,2022-05-04,UYB282208022,"2,918",26,187818818,26770,6270168,57,291692983,1352658,154200,30899907,365176711,757784,8,2741,86,8,55693,2,12735768,7832,187231,0
greedy,greedy (Official Video),Tate McRae,2023-09-14,USRV82300987,"2,913",26,1256101755,32312,13259481,67,148269610,1257935,182200,26534406,265917250,98142716,28,5954,86,15,237120,17,12735768,7832,854584,1
ýýýý ýýýýýýýýýý,ýýýý ýýýýýýýýýý,ANNA ASTI,2022-06-03,RUA1D2242027,"2,922",26,21081306,7633,496465,51,375871120,962835,31931,3332788,74908911,27887420,20,1266,86,15,237120,17,12735768,7832,1180992,0
Get Off The Wall,Get Off The Wall,Philly Goats,2023-06-02,USUM72307453,"2,926",26,8470479,2776,1823591,43,8291412,112395,1400151,60596180,503891783,98142716,2,277,11,15,237120,3,467480,1111,170102,1
It'll Be Okay,It'll Be Okay,Shawn Mendes,2021-12-01,USUM72122321,"2,925",26,344658498,61117,28999986,65,114495950,2357556,130670,165436212,1514925086,1423088796,58,50031,97,36,1186938,22,20569697,3821,1497439,0
"Cayï¿½ï¿½ La Noche (feat. Cruz Cafunï¿½ï¿½, Abhir Hathi, Bejo, EL IMA)","Cayï¿½ï¿½ La Noche (feat. Cruz Cafunï¿½ï¿½, Abhir Hathi, Bejo, EL IMA)",La Pantera,2022-01-14,ES5152101308,"2,924",26,283228006,63076,8936948,62,169044728,998010,147165,84459330,906688195,237830514,13,4039,86,8,12464,22,12735768,7832,696795,1
Number 2,Number 2 / Never Last,Lil Tecca,2024-05-03,USUM72404634,"2,914",26,20742763,3204,22484728,67,148269610,1257935,182200,26534406,265917250,98142716,11,33,4,1,296367,6,326922,83,854584,1
Cartï¿½ï¿½o B,Cartï¿½ï¿½o B,MC Caverinha,2023-05-11,BRRGE2300377,"2,917",26,143421339,23431,7023908,63,108239669,1037417,40500,12310702,125638371,5015995,6,449,86,14,399034,10,12735768,7832,75108,0
Jai Jai Shivshankar (The Unwind Mix),The Unwind Mix,Benny Dayal,2022-05-07,INY092200047,"2,945",26,6355,1,12,67,490930106,2737821,182200,26534406,265917250,1252385,28,5954,86,15,237120,17,12735768,7832,854584,0
Fuck Niggaz,Fuck Niggaz,YoungBoy Never Broke Again,2024-02-06,USUG12400657,"2,937",26,11393565,3743,3570364,67,8173541,207558,182200,26534406,265917250,1879137711,1,8,1,15,237120,17,2623375,880,169424,1
Entre Nosotros,Entre Nosotros,Tiago PZK,2021-07-08,ARGT32100004,"2,935",26,472107491,65462,8388402,63,221630313,1721936,121905,37557078,295962547,98142716,25,5418,31,4,19286,7,1413561,2071,1367342,0
Casanova,Casanova,Soolking,2023-12-07,FRPZ92346900,"2,940",26,68705759,12259,10918400,73,31447677,196411,182200,1130,111700,69933889,23,9271,86,32,1541609,20,12735768,7832,465456,0
Fruto,en dormir sin Madrid,Bizarrap,2023-10-03,UYB282301044,"2,938",26,188131570,21455,9973821,67,23791636,267266,3639,867907,13208632,1485906,3,2131,86,6,28215,20,21481,118,205456,0
Bandana,Bandana,Fireboy DML,2022-07-13,USUYG1433884,"2,934",26,118971684,31855,4511954,63,14545093,88499,1215978,15330860,169166011,98142716,53,8313,6,6,462602,29,2603667,748,3424214,1
the perfect pair,Beatopia,beabadoobee,2022-07-15,GBK3W2202093,"2,936",26,230129740,56091,10688364,72,34590747,614842,93552,53961135,369833975,4625790,13,25825,131,3,16868,17,479950,1776,409448,0
F.N.F. (Let's Go),F.N.F. (Let's Go) - Single,Hitkidd,2022-05-03,QZRD92201643,"2,948",26,68460285,16340,2772856,54,107349472,1053855,75908,44299693,301331608,475299208,21,168821,976,1,891,30,12735768,7832,676048,1
Falling Angel,Falling Angel,HCTM,2022-08-13,SGB502232845,"2,942",26,72997,79,42003,14,32345,813,2800259,54293951,1159454840,98142716,28,5954,86,15,237120,17,12735768,7832,10193,0
Speed Drive (From Barbie The Album),Speed Drive (From Barbie The Album),Charli xcx,2023-06-29,USAT22306163,"2,943",26,222975612,22763,17412929,67,22571591,343660,163194,71994032,770931522,13940,28,20572,821,12,221955,17,7051002,3762,854584,0
A N X I E T Y (feat. Doechii),Boy Meets World,Sleepy Hallow,2023-09-15,USRC12202650,"2,939",26,63607535,28203,6565433,67,7769494,107161,7102,2436874,21062791,98142716,6,9892,441,14,181610,20,2021815,746,288746,1
SLUT ME OUT 2,SLUT ME OUT 2,NLE Choppa,2024-04-12,USWB12401318,"2,947",26,21488710,2617,7228064,72,148269610,1257935,182200,329169,2503565,98142716,11,812,86,2,55279,18,702427,2091,116381,1
He Ya Pyar Sajena,He Ya Pyar Sajena,TOADI,2022-09-30,SGB502283597,"2,941",26,3574,3,20,1,148269610,1257935,2605592,7545187,312937612,98142716,28,5954,86,15,237120,17,12735768,7832,1260,0
Silent Hill,Mr. Morale & The Big Steppers,Kendrick Lamar,2022-05-13,USUM72208981,"2,933",26,151507054,63279,7054692,63,46312741,658950,4105,2019515,19198685,299341436,24,53408,663,4,44675,22,34835337,5706,641828,1
The Autotrem 1.0,The Autotrem 1.0 - Single,DJ RICK 013,2023-06-08,QM3DF2224166,"2,950",26,45821951,10088,13570884,63,30710090,461516,924639,47616112,637314253,98142716,2,5954,86,15,237120,17,12735768,7832,404939,0
Attention,NewJeans 1st EP 'New Jeans',NewJeans,2022-08-01,USA2P2230221,"2,962",26,384965888,32389,10240290,72,174618135,3601820,107394,93982619,745435770,193192586,18,4715,16,2,2400,13,731316,1227,378304,0
Spring Snow,"Lovely Runner, Pt. 8 (Original Soundtrack)",10CM,2024-05-14,KRA492400665,"2,968",26,18800716,1180,12952009,73,7398997,168846,182200,26534406,265917250,98142716,12,52,86,15,237120,17,4319,12,193276,0
Tshwala Bam (feat. S.N.E) - Remix,Tshwala Bam (feat. S.N.E) [Remix],TitoM,2024-05-12,ZA56E2416068,"2,957",26,13092462,1818,13699750,75,148269610,1257935,182200,26534406,265917250,98142716,46,1286,86,11,470272,38,218056,194,468483,0
Halls na Lï¿½ï¿½,Halls na Lï¿½ï¿½,Kadu Martins,2023-03-24,BRTS22300004,"2,969",26,150516046,13034,10626005,63,146315225,673901,288400,23319532,269119367,225214,6,5954,86,19,847205,5,12735768,7832,854584,0
21 Reasons (feat. Ella Henderson),21 Reasons (feat. Ella Henderson),Nathan Dawe,2022-04-29,GBAHS2200261,"2,964",26,305830522,49204,75701853,70,33342986,195870,9907,3779521,88167309,2477288175,88,130577,86,44,784381,30,136071,182,1765444,0
Yeshua (dance cruise),YESHUA (dance cruise) - Single,Dj Bentoa,2023-04-22,QZHNB2325204,"2,975",26,4546579,2741,77751,3,2359297,31587,1500000,12810334,242636617,98142716,2,48,86,15,237120,17,12735768,7832,1189899,0
Zaalim,Zaalim,Badshah,2024-02-24,INS182400465,"2,966",26,7682285,243,651177,67,63874916,507287,182200,26534406,265917250,308909728,28,10,86,15,237120,11,12735768,7832,26541,0
Aa,Aa,Roach Killa,2023-09-28,GBMW42301521,"2,963",26,22552299,1850,2721792,67,136381379,1340784,182200,26534406,265917250,946681826,28,678,86,15,237120,5,12735768,7832,180207,0
Wonder,Wonder,Shawn Mendes,2020-10-02,USUM72018522,"2,965",26,595220757,70162,30030265,63,147218521,3004385,240319,98444287,783096025,37319723,123,150637,207,28,959405,46,37981648,14822,1620195,0
Search Bar,Search Bar,NANI,2023-03-17,GBMJG2304014,"2,971",26,6610,15,122,67,291003266,1151687,182200,26534406,265917250,34,28,4,86,15,237120,17,12735768,7832,11,0
Muï¿½ï¿½ekita (with El Alfa & JT from City Gi,Muï¿½ï¿½ekita (with El Alfa & JT from City Gi,Kali Uchis,2023-08-04,USUM72311229,"2,967",26,96105220,17341,10481728,60,40245884,594327,253268,62889421,531122265,82583,16,2188,69,16,179869,44,1583340,1130,443624,1
Sal y Perrea,42,Sech,2021-04-15,QM9WM2100010,"2,952",26,266525796,49242,13991180,57,195376978,1221210,1345600,137030763,1268200579,8141977,37,12713,23,8,36046,17,19618476,3164,647891,0
IDGAF (feat. Chris Brown and Mariah the Scientist),Tee's Coney Island,Tee Grizzley,2023-11-02,USAT22311000,"2,973",26,20520983,65,29213,67,148269610,1257935,182200,26534406,265917250,98142716,1,130720,86,15,237120,17,12735768,7832,854584,0
drunk text,drunk text,Henry Moodie,2023-01-27,GBARL2202513,"2,961",26,238841927,21346,34578100,81,116840454,948904,20779,4155809,75170850,472723306,25,10016,3,14,191813,16,156080,275,705603,0
UNA NOCHE EN MEDELLï¿½ï¿½N - R,MAï¿½ï¿½ANA SERï¿½ï¿½ BONITO (BICHOTA,KAROL G,2023-08-10,USUG12305258,"2,959",26,192439879,16960,28438488,73,53961405,347263,84218,8041478,134541936,98142716,14,5954,86,13,2464704,12,9220102,1150,213623,1
Hari Hari Odhani,Hari Hari Odhani,Pawan Singh,2022-11-04,INS7A2268218,"2,960",26,35308201,954,297281,58,344702201,2125668,3992,67043,825399,98142716,28,5954,86,15,237120,17,12735768,7832,854584,0
AM Remix,AM Remix,Nio Garcia,2021-06-24,QMBZ92185047,"2,956",26,571325612,91249,39134041,66,71477120,340270,50,995,20390,98142716,89,20797,11,19,298331,61,47749041,6786,833419,1
Baby Me Atende,Baby Me Atende,Matheus Fernandes,2021-02-26,BRWNV2100001,"2,951",26,258464933,26029,9231717,50,544475392,2878528,140939,9191410,150293932,243981722,36,9835,86,41,371980,6,12735768,7832,289070,0
Creatures in Heaven,Creatures In Heaven,Glass Animals,2024-04-03,GBUM72310164,"2,979",26,18564601,3063,11762071,67,1512853,39971,182200,26534406,265917250,17203895,38,20218,3,27,327799,42,1071295,313,120498,0
die,die,lucidbeatz,2023-03-03,QZTLA2301933,"2,991",26,28779088,5564,1998350,61,2872410,63751,1711764,155337385,1580363321,98142716,28,5954,86,15,237120,17,12735768,7832,9429,0
Late At Night,Late At Night,Roddy Ricch,2021-06-04,USAT22102236,"2,990",26,257661585,97161,10116206,56,23225337,276490,48458,21485493,187075625,668848,102,14552,559,16,101316,25,93599614,18917,1681335,1
Blank Space (Taylor's Version),1989 (Taylor's Version),Taylor Swift,2023-10-26,USUG12306673,"2,992",26,177731392,12908,25416651,67,15781241,283039,22100,1905153,20466555,98142716,53,18711,86,4,407207,48,8616929,4491,194854,0
Dancing in My Room,Dancing in My Room,347aidan,2020-10-26,USQX92004785,"2,976",26,335188091,86549,11975787,61,122687107,2529521,1154302,413677323,3434097182,1051743,54,5455,119,9,18086,17,7989935,19258,1709213,1
CAKE,KILL MY DOUBT,ITZY,2023-07-31,US5TA2300075,"2,981",26,73213687,7423,2784630,62,132379481,1601412,66945,57624378,348717938,58113305,8,626,11,3,83410,15,222663,542,142388,0
I AM WOMAN,I AM WOMAN,Emmy Meli,2021-11-19,USAR12100239,"2,993",26,257984057,57742,17194990,62,23407759,341367,952346,229098695,2037905390,1964603664,28,36218,455,18,41161,6,18267210,12861,1967790,1
THUNDER Y LIGHTNING,nadie sabe lo que va a pasar maï¿½ï¿,Bad Bunny,2023-10-13,QMFME2364198,"2,988",26,96595281,22799,6473640,67,23983245,280298,182200,26534406,265917250,98142716,12,319,86,15,237120,11,2420053,347,125371,1
Evergreen (You Didnï¿½ï¿½ï¿½t Deserve Me A,Ivory,Omar Apollo,2022-04-08,USWB12200423,"2,986",26,331332225,63568,40680913,71,48857418,519822,231208,151059649,1181420700,128639662,60,22823,192,28,891836,25,1824815,4330,1380833,0
Lionheart (Fearless),Lionheart (Fearless),Joel Corry,2022-10-21,GBAHS2201155,"2,985",26,110545738,19914,24272196,62,23040928,130379,1731,355693,6584480,87589134,55,201798,40,26,644909,15,132408,150,1431373,0
Needle (feat. Drake),Pink Friday 2,Nicki Minaj,2023-12-08,USUM72318690,"2,982",26,70351205,16234,8057395,67,5380786,100456,182200,180200,1100000,277434171,19,14774,3,23,1126860,8,2325746,791,361943,1
Dale Don Dale,Dale Don Dale,ElMusto,2024-05-17,TRADS2300163,"2,978",26,14289955,745,4805106,71,10933199,73479,182200,26534406,265917250,98142716,4,268,86,2,16378,17,12735768,7832,61976,0
I Wrote The Book,3 Songs At A Time Sampler,Morgan Wallen,2023-01-31,USUG12300808,"2,984",26,140137839,23619,2972229,64,22406782,129416,19912,4142242,47494771,98142716,19,1377,39,15,237120,4,119778007,13739,157892,0
It's Plenty,"Love, Damini",Burna Boy,2022-07-01,USAT22205418,"3,000",25,134909945,52025,5536233,62,84020549,655144,186414,18776554,282521651,37145932,62,10146,6,4,365034,7,3633343,1424,2366651,1
sneaky,american dream,21 Savage,2024-01-12,USSM12309176,"3,005",25,54062895,14363,8542239,67,8912416,129552,182200,26534406,265917250,98142716,22,623,86,8,29006,1,4770909,1057,101226,1
Moletom,MOLETOM - Single,Luan Pereira,2023-06-29,BCX5C2300009,"3,004",25,139669652,9634,9093959,39,138602281,827735,182200,26534406,265917250,987706018,2,2096,86,17,653104,15,12735768,7832,52401,0
Now That We Don't Talk (Taylor's Version) (From The Vault),1989 (Taylor's Version),Taylor Swift,2023-10-26,USUG12306689,"2,999",25,269790122,15686,16083942,67,15244891,196230,182200,6869584,66176311,1052734147,7,3068,100,2,16245,28,5065425,3774,194561,0
Matilda,Harry's House,Harry Styles,2022-05-20,USSM12200615,"3,003",25,502585349,64618,37636137,72,50100652,768251,98069,68560234,395014106,1946706640,33,3342,80,23,510201,22,2630860,4181,377249,0
GIRL LIKE ME,Translation,Black Eyed Peas,2020-06-18,USSM12003821,"2,996",25,529297852,818,139276,29,791895421,5811346,182200,26534406,265917250,1758509489,21,5954,86,1,3985,17,12735768,7832,854584,0
Khalasi | Coke Studio Bharat,Khalasi | Coke Studio Bharat,Aditya Gadhvi,2023-07-05,INUM72300746,"2,995",25,45526343,6003,1405864,59,159627251,2001280,29800,1623490,34961102,98142716,2,355,86,15,237120,9,792,72,389827,0
ýýýýýýýýýýýýýýýýýýýýýýýýýýýýýýýýýýýýýýý Feat.IIVY B,ýýýýýýýýýýýýýýýýýýýýýýýýýýýýýýýýýýýýýýý (feat. IIVY B) - Single,bonnadol,2022-07-15,THSOH2206117,"3,006",25,9045662,2307,416469,39,148269610,1257935,2800000,137742080,1523347880,98142716,1,5954,86,15,237120,17,12735768,7832,28399,0
Chyba ï¿½ï¿½e z T,Chyba ï¿½ï¿½e z T,MODELKI,2024-04-04,PLUM72400116,"3,010",25,20661452,1206,2480648,69,30566261,214059,182200,26534406,265917250,98142716,3,779,86,1,106258,17,12735768,7832,88150,0
Chica Ideal,Chica Ideal,Sebastian Yatra,2020-10-16,USUM72017740,"3,009",25,494889776,54042,14455796,63,369062658,2399193,340064,36220539,308973919,9444521,72,36197,204,27,238843,24,2222494,1673,1193044,0
august,folklore,Taylor Swift,2020-07-24,USUG12002842,"3,016",25,1101296591,84267,76240482,79,143962401,1331866,640459,106537532,779402493,7241031,50,2616,9,16,358706,30,10172679,11371,909574,0
Doomsday,Doomsday,Juice WRLD,2023-06-23,USUG12303674,"3,019",25,78001581,40820,8704480,60,148269610,1257935,182200,26534406,265917250,98142716,9,1246,86,3,113494,12,8503111,1335,163078,1
Body Moving,Body Moving,Eliza Rose,2023-11-17,GBARL2301617,"3,015",25,40047588,9525,44892824,67,2471348,25676,182200,26534406,265917250,58903948,44,73088,355,55,722222,35,379697,93,854584,0
MODERN JAM,UTOPIA,Travis Scott,2023-07-28,USSM12305006,"3,023",25,104724143,33500,4843707,65,19688739,200663,2553,1537450,99508915,98142716,8,225,86,11,204862,9,238041,663,101264,1
Seya,Les derniï¿½ï¿½res volontï¿½ï¿½s de Mozart (S,SativaMusic,2022-12-02,DGA0M2330144,"3,017",25,159144858,35171,7779465,64,106347047,622153,68170,18218057,239495826,334769492,13,6397,86,14,1172826,9,12735768,7832,854584,0
La Familia Dedo de Cuquï¿½,La Familia Dedo de Cuquï¿½ï¿½n - Si,Cleo y Cuquï¿½ï¿½n - Familia Tele,2023-12-10,QZZ8B2348977,"3,022",25,3560,32312,13259481,67,119311487,439743,182200,26534406,265917250,98142716,28,5954,86,15,237120,17,12735768,7832,854584,0
Maybach (feat. Future),Free Dem Boyz,42 Dugg,2021-05-21,USUG12101418,"3,014",25,75717094,34136,5124318,55,216661579,1234087,24023,4773399,50774936,61994241,42,9269,86,1,145,17,82146544,17117,1103585,1
Epidemic,Epidemic,Polo G,2020-09-25,USSM12005752,"3,013",25,171728710,72794,6961853,56,121946777,1186806,13022,826564,8566421,35431228,40,251,86,7,10302,17,14067701,6626,699585,1
BOUNCY (K-HOT CHILLI PEPPERS),THE WORLD EP.2 : OUTLAW,ATEEZ,2023-06-16,KRD442300010,"3,024",25,95981326,10042,3932343,66,143134654,1478912,42200,14351920,69044436,59307320,9,607,29,5,108835,22,875138,1544,220808,0
Liquor & Cigarettes (feat. ArrDee),Liquor & Cigarettes (feat. ArrDee),Chase & Status,2023-09-15,GBUM72307879,"3,021",25,44316864,24103,5837265,67,10388436,105979,182200,26534406,265917250,11253019,6,136,86,9,285929,10,45325,84,261966,0
pa,pa - Single,TINI,2024-04-01,USHR12347039,"3,020",25,29604808,1636,6683447,72,28828792,677113,182200,26534406,265917250,8849214,15,588,86,17,375284,11,35981,26,144260,0
UNA BALA,UNA BALA,Milo j,2023-11-29,UYB282384014,"3,026",25,94097213,9345,4283676,67,56612055,670867,182200,26534406,265917250,1644399457,1,1215,86,1,231785,17,34640,98,118143,0
Ya Pedo Quiï¿½ï¿½n ,Ya Pedo Quiï¿½ï¿½n Sabe - Si,Grupo Frontera,2024-03-07,FR96X2441011,"3,027",25,45905973,2184,4012784,67,34714612,273830,182200,26534406,265917250,98142716,11,1719,17,5,73612,1,2173096,348,137018,0
Take My Name,Songs from 'For You',Parmalee,2021-07-09,QMRSZ2101303,"3,032",25,120964748,18114,1669415,61,13919928,116035,76552,4369463,43546200,5849617,6,381075,428,15,237120,17,107276978,14900,854584,0
Danza Kuduro - Cover,YOU&TUBE Over 100 million views,LOVE BGM JPN,2023-06-13,TCJPV2350416,"3,038",25,1648192461,32312,13259481,67,148269610,1257935,182200,26534406,265917250,98142716,28,5954,86,15,237120,17,12735768,7832,854584,1
"Rauw Alejandro: Bzrp Music Sessions, Vol. 56","Rauw Alejandro: Bzrp Music Sessions, Vol. 56 - Single",Bizarrap,2023-06-21,UYB282301037,"3,025",25,170834610,35849,20377164,65,7206357,63881,182200,26534406,265917250,98142716,26,13249,40,13,83337,5,437698,159,290293,1
Amor Na Praia,Amor Na Praia,NATTAN,2024-03-07,BKFGT2400043,"3,034",25,45545495,1965,21917356,74,40452826,252818,182200,26534406,265917250,134698737,8,364,86,26,13646745,15,12735768,7832,26011,0
Too Rolling Stoned - 2024 Remaster,Bridge of Sighs (50th Anniversary Edition),Robin Trower,2024-06-07,UKKP22400242,"3,395",25,8820808,2,14442,67,148269610,1257935,182200,26534406,265917250,98142716,28,5954,86,15,237120,17,12735768,7832,854584,0
AUTOMï¿½ï¿½,AUTOMï¿½ï¿½,Maria Becerra,2022-09-08,USAT22213513,"3,036",25,204236514,25243,8322243,58,179427174,968498,171636,73100787,793805115,20772372,13,24832,86,14,70291,27,784095,174,386958,0
Sability,Sability / Rush / Bloody Samaritan (with Kelly Rowland),Ayra Starr,2023-02-09,NGA3B2316001,"3,028",25,44122161,13796,2652844,57,54277243,469883,935300,43618684,600873369,38164052,29,7557,163,9,174966,11,816650,222,1366850,0
Naach Meri Rani,"Naach Meri Rani(Feat. Guru Randhawa,Nora Fatehi)",Guru Randhawa,2020-10-20,INS182006593,"3,056",25,77941531,7966,2976409,55,737123050,6472849,182200,26534406,265917250,233098421,1,2202,86,15,237120,6,12735768,7832,95016,0
Praise The Lord (Da Shine) (feat. Skepta) - Durdenhauer Edit,Praise The Lord (Da Shine) (feat. Skepta) [Durdenhauer Edit],Durdenhauer,2022-11-18,USRC12204018,"3,039",25,99316941,58228,27538538,65,5711976,91362,33703,18769387,304670358,98142716,28,4799,86,26,355827,6,3120,7832,604632,1
ýýýýýýýýý,ýýýýýýýýý,tuki.,2023-09-29,JPW462364925,"3,050",25,69340146,4747,3839570,71,102713271,935435,44600,11152820,349668362,1113228730,26,152,86,1,9615,2,12735768,7832,206249,0
World Cup,World Cup,IShowSpeed,2022-11-04,USWB12207021,"3,052",25,75577819,19796,1372880,55,143710823,3896344,373432,169444010,1901333753,1976125,2,93,86,1,645,17,582712,20261,234259,0
Summer Too Hot,Summer Too Hot,Chris Brown,2023-06-23,USRC12301497,"3,047",25,41255598,13071,2941901,51,24244922,367061,516,129698,1570567,59292154,22,91035,151,18,265460,16,16529034,3542,485039,1
ýýýýýýýýýýýýýýýýýýýýýýýýýýýýýýýýý Feat. TNDTLE,ýýýýýýýýýýýýýýýýýýýýýýýýýýýýýýýýý Feat. TNDTLE,NOAH,2023-03-15,THSOH2301669,"3,046",25,2490145,953,112207,36,4438330,15474,1800000,23657798,272142273,98142716,28,5954,86,15,237120,17,12735768,7832,6696,0
Aria,Aria - Single,Argy,2023-09-22,DEEC31810498,"3,043",25,40556347,22280,15460877,67,2783520,55619,904,135868,3583492,98142716,6,11441,86,6,27057,17,10155,58,1835940,0
Lua,Lua (Boiadeira Internacional EP.4),Ana Castela,2024-02-16,BKA7Y2400021,"3,042",25,69417527,3193,34269889,66,43402536,358688,182200,26534406,265917250,555117271,17,266,86,34,11492602,26,328,3,40706,0
Christmas Love,Christmas Love - Single,Jimin,2020-12-24,QMFMF2040663,"3,044",25,32018123,2140,2328009,57,50238131,2961509,5250,206774,815938,24442,28,22,86,2,450025,17,12735768,7832,109094,0
Never Lose Me (feat. Lil Yachty),Never Lose Me (feat. Lil Yachty),Flo Milli,2023-12-01,USRC12303382,"3,057",25,45943524,11657,5242498,67,42010424,494545,2149,122272,6760,1323890037,5,2327,121,6,4285,9,3543329,3321,143251,1
Be Like That - feat. Swae Lee & Khalid,Be Like That (feat. Swae Lee & Khalid),Kane Brown,2020-07-10,USRN11900133,"3,040",25,409441742,53950,16089036,63,147151901,1275444,109342,6519563,68851923,15185084,100,117788,127,20,119649,32,206703399,32399,1905530,0
all-american bitch,GUTS,Olivia Rodrigo,2023-09-08,USUG12304093,"3,041",25,231346336,18615,7748445,67,33144121,752778,15100,8034885,73409116,1841596548,9,710,3,4,25962,14,1914188,3992,244627,1
"Soweto (with Don Toliver, Rema & Tempoe)",Soweto,Victony,2023-03-21,QZWA32200112,"3,048",25,127806442,39971,12569591,69,148269610,1257935,182200,26534406,265917250,98142716,43,11876,86,6,492023,27,618627,419,979995,1
Drankin N Smokin,Pluto x Baby Pluto,Future,2020-11-13,USAT22007323,"3,058",25,300694036,111117,17871947,65,118481138,809622,37293,16396238,87063670,671531,58,11369,86,11,60140,10,43484380,17373,986081,1
Count Me Out,Mr. Morale & The Big Steppers,Kendrick Lamar,2022-05-13,USUM72208980,"3,049",25,201021118,64247,6844165,72,88574109,1615761,7308,2928037,20521498,109458351,7,890,25,4,43191,7,8547683,3071,576996,1
"MHD: Bzrp Music Sessions, Vol. 44","MHD: Bzrp Music Sessions, Vol. 44",Bizarrap,2021-09-15,UYB282101020,"3,045",25,27327435,12600,830646,41,2169188,16383,3638500,733503882,8474261749,98142716,7,40,86,2,33461,4,12735768,7832,61294,1
Exclusive.mp3,.mp3,Emilia,2023-11-03,USSD12300585,"3,054",25,107659341,8465,15005279,71,60343754,259680,78400,9000668,47619658,640321079,8,3247,86,21,323231,1,18558,7832,93542,0
Pointless,Pointless,Lewis Capaldi,2022-12-02,DEUM72203211,"3,051",25,146341441,27011,7389277,63,21962893,244265,27380,38924116,358616039,35028103,44,136669,8,15,512128,19,4386225,545,1124452,0
Old Love,Old Love - Single,yuji,2022-08-19,SE6XW2261728,"3,059",25,262082601,29563,9809007,67,178440164,1191857,220503,78149876,663874319,54829311,4,2762,86,1,249050,17,12735768,7832,854584,0
Me Enterï¿,Me Enterï¿,Tiago PZK,2023-05-18,USWL12300718,"3,077",25,144493101,18536,13122139,65,109364201,460758,32956,4979403,58143056,389898,18,8400,86,9,164645,21,47014,23,96820,0
La Tï¿½ï¿½,La Tï¿½ï¿½,Farruko,2020-07-24,USSD12000175,"3,061",25,476699016,59108,16119167,56,371106551,2197396,326403,13434496,201544043,26714074,77,20284,102,21,324522,34,34431411,10800,1386076,0
"Saari Duniya Jalaa Denge (From ""Animal"")",ANIMAL,Jaani,2023-11-24,INS182303379,"3,073",25,107595657,5279,6735000,67,78226331,1081336,182200,26534406,265917250,72412762,3,198,86,15,237120,2,12735768,7832,160246,0
Calor,Calor - Single,Nicky Jam,2023-08-31,USSD12300382,"3,076",25,53809529,11521,9370184,67,44666270,223727,261334,19276246,327422042,62740132,19,10816,35,21,5539635,5,4152152,498,383873,0
Ya No Estoy Dolido,Ya No Estoy Dolido,Adrian L Santos,2024-01-08,QZ9QQ2400016,"3,060",25,84049041,3331,9213117,67,62697238,284847,182200,26534406,265917250,255622666,2,5954,86,1,33919,17,249702,243,854584,0
Aguacero,Un Verano Sin Ti,Bad Bunny,2022-05-06,QM6MZ2214886,"3,068",25,342075557,42659,11281372,68,128273450,963861,419100,226879716,1873295908,25525556,8,628,86,15,237120,17,7618357,1397,415047,0
Won't Forget You - Edit,Won't Forget You,Shouse,2022-02-04,USA2P2201279,"3,067",25,142809304,56014,16171357,64,47750136,294089,7643,897890,16804128,39446804,19,115926,86,14,737756,3,84144,210,3693664,0
Enough,Enough,charlieonnafriday,2022-08-05,USUG12205553,"3,062",25,127772228,46233,6238494,64,45629160,599488,65621,6902949,79443024,4764125,14,29914,329,4,5584,5,50463891,13246,1276761,0
Get Involved (feat. Q-Tip) [Mixed],Joe Kay: welcome to the aprtment (DJ Mix),Raphael Saadiq,2024-06-07,US23A8387456,"3,069",25,239850720,32312,13259481,67,148269610,1257935,182200,26534406,265917250,98142716,28,5954,86,15,237120,17,12735768,7832,310645,0
Freaky Deaky,Freaky Deaky - Single,Tyga,2022-02-25,USUYG1414608,"3,071",25,175043767,35769,7846959,59,115406648,1162510,29012,13278991,131915166,294033837,22,121820,322,9,117592,11,36402026,8234,1235764,1
IMAN (Two Of Us),IMAN (Two Of Us),Maria Becerra,2024-05-16,USWL12401428,"3,063",25,13528794,949,42348669,72,9458897,170412,182200,26534406,265917250,2297932,17,1836,16,12,532659,25,17189,4,15244,0
Straight and Narrow,Straight and Narrow,Sam Barber,2023-04-12,USAT22304032,"3,078",25,174154846,31199,4685875,14,152441,3007,182200,225,2771,98142716,18,920,86,2,8354,31,15082241,7077,290003,0
Bhai Tera Gunda,Bhai Tera Gunda - Single,Aman Jaji,2023-02-17,FR59R2351699,"3,079",25,19938326,1442,134788,51,277255089,1866540,538,8288,77382,98142716,28,5954,86,15,237120,1,12735768,7832,26019,0
Chasing That Feeling,The Name Chapter: FREEFALL,TOMORROW X TOGETHER,2023-10-13,USA2P2342340,"3,089",25,76642740,6264,8512117,67,100549018,1160121,717,22462061,111352056,54211531,7,907,31,8,237408,19,410616,131,142567,0
SUBMARINER,SUBMARINER - Single,AKDO,2024-03-29,FRX202467703,"3,090",25,49161062,3056,6115142,74,20068962,94182,182200,26534406,265917250,83053587,6,439,86,3,1583045,17,12735768,7832,140104,0
To. X,To. X - The 5th Mini Album,TAEYEON,2023-11-27,KRA302300481,"3,086",25,43428134,4684,10751226,74,80614524,579330,15900,11632006,76236081,1046194930,8,758,11,3,3720,15,33029,11,168055,0
ýýýýýýýýýýýýýý,ýýýýýýýýýýýýýý - Single,Wallem,2024-03-12,RUAGV2401381,"3,081",25,3636983,776,267020,67,39164465,229600,182200,352,3865,98142716,14,5954,86,15,237120,17,12735768,7832,600644,0
Love Lost,"I Love Life, Thank You",Mac Miller,2022-07-22,USA2P2212493,"3,092",25,240912994,69587,9682951,70,12082132,177490,182200,26534406,265917250,124033,1,675,86,15,237120,17,1110702,2256,587487,1
Melhor Sï¿,Melhor Sï¿,KayBlack,2023-03-30,BRWMB2300643,"3,085",25,178044172,26553,8415131,66,104014904,542875,28364,5758768,41424590,15576347,10,2,86,24,483329,12,12735768,7832,130950,0
It's Getting Hot,Cottonwood 2: Deluxe 2.0,NLE Choppa,2023-04-14,USWB12303948,"3,082",25,88138772,28324,3844575,60,11033927,210406,465326,141894265,1170468833,162439007,11,13070,438,4,82239,26,3120291,6728,346539,1
Tourniquet,Zach Bryan,Zach Bryan,2023-08-25,USWB12304904,"3,084",25,159880836,20120,7919073,74,4864924,23934,82613,6973184,53019644,98142716,15,40,86,1,2842,22,14614123,5082,100217,1
Strike (Holster),Strike (Holster),Lil Yachty,2023-04-07,USUG12300025,"3,093",25,86574948,38354,6776600,61,39472824,473206,72010,30535733,269475247,221245652,13,944,505,3,5796,12,559268,1904,650351,1
Bad Boy (with Young Thug),Bad Boy (with Young Thug),Juice WRLD,2021-01-15,USUG12002097,"3,088",25,235609054,72440,13000565,61,16271248,258435,20257,3425539,25701260,289426,46,4492,86,25,519413,2,11943439,10229,306159,1
Magic Johnson,Valedictorian [Deluxe],ian,2024-05-31,USQX92402650,"3,110",25,3884887,789,6746829,67,913,25,182200,230500,878600,98142716,13,5954,1,1,611,9,12947,21,854584,1
Love seeker,Love seeker,JO1,2024-05-11,JPN002400121,"3,111",25,5148212,132,4391205,62,17414927,85018,1600,26534406,265917250,98142716,5,89,86,15,237120,5,492,7832,26334,0
Wine Into Whiskey,Wine Into Whiskey,Tucker Wetmore,2024-02-23,QM24S2400488,"3,107",25,41953270,5213,4114449,27,7636074,62806,182200,100993,4502124,265850164,8,2956,53,15,237120,18,17722750,4271,196047,0
Masterplan,Masterplan,BE:FIRST,2024-04-24,JPB602401000,"3,101",25,13407929,208,2121169,69,26313692,118371,415,26534406,265917250,9849140,6,181,86,15,237120,5,12735768,7832,41153,0
Rungkad,Rungkad,Happy Asmara,2022-10-20,SGB502268229,"3,094",25,43407503,1590,541311,22,100299695,476630,1642911,65451177,1042434233,98142716,28,4,86,15,237120,17,12735768,7832,854584,0
TE MUDASTE,EL ï¿½ï¿½LTIMO TOUR DEL M,Bad Bunny,2020-11-27,QMFME2066837,"3,099",25,717202437,80289,19161838,71,213527195,1587764,107700,42476322,253170602,3039304,57,4112,249,30,1607489,6,37604869,5455,556069,1
Right On,Right On,Lil Baby,2022-04-08,USUG12200031,"3,106",25,121466936,55063,13549250,58,124159378,927806,25206,5807741,46858425,484729091,34,8558,183,9,464892,9,37852525,12734,538503,1
Miss You - Remix,Miss You (Remix),Oliver Tree,2022-11-11,USAT22220799,"3,096",25,19182347,11089,3350270,50,280395336,3005798,182200,26534406,265917250,355242805,1,23,86,2,13460,17,12735768,7832,32541,1
ýýýý(ýý)ýý,What We Talk About: Nï¿½,Nï¿½,2022-12-13,CHF 432200041.00,"3,109",25,2375,4,234,2,341933075,2997158,182200,26534406,265917250,98142716,28,4,86,15,237120,17,12735768,7832,854584,0
La Mamï¿½ï¿½ de la M,La Mamï¿½ï¿½ de la Mamï¿½ï¿½ (feat. Chael Produciendo) ,El Alfa,2021-04-08,USCGJ2190595,"3,114",25,235729934,64455,9128985,67,50135254,444622,1307941,285423960,2710660328,98142716,17,8349,28,1,8291,7,24518275,26630,2462313,1
Bï¿½ï¿½ï¿½t Tï¿½ï¿½nh,Turn On Love - Single,Tï¿½ï¿½ng Duy ,2023-02-14,QZWBE2305157,"3,095",25,15832405,2361,159112,51,68240319,287155,1400000,14528206,515579710,2119803,2,15,86,15,237120,17,12735768,7832,38813,0
DONDE SE APRENDE A QUERER?,ESTRELLA,Mora,2023-08-28,QMDA62341721,"3,098",25,170061927,25409,6402061,67,16584925,164836,17300,5289362,38178869,98142716,17,4363,86,5,56963,3,176087,7832,363905,0
Don't Go Insane,Don't Go Insane,DPR IAN,2023-10-04,QMBZ92331724,"3,100",25,76033359,12861,8094289,67,31829453,822171,217600,156068746,1172424744,1627185022,8,409,7,7,193627,17,109015,265,719242,0
What He'll Never Have,Livin' My Best Life (Still),Dylan Scott,2024-03-29,USCRB2400015,"3,108",25,33733960,3360,11594667,67,3422164,40432,182200,26534406,265917250,98142716,6,112,82,15,237120,10,14820861,828,87319,0
Purple Stain,Behind The Wallpaper,Alex Temple,2023-03-03,US7MN1901432,"3,113",25,8104,15,1570,2,270595775,379224,182200,26534406,265917250,98142716,28,5,86,15,237120,17,12735768,7832,854584,0
Jimmy Cook's (feat. 21 Savage),"Honestly, Nevermind",Drake,2022-06-17,USUG12204898,"3,097",25,971473231,8682,1452190,48,66659649,434146,182200,26534406,265917250,98142716,30,184134,86,1,192,17,12735768,7832,854584,0
Venom,Paralyzing Chains,Sintage,2023-04-21,DEQN42200113,"3,102",25,15579,55,999,10,244394638,4972045,182200,26534406,265917250,18310802,28,6,86,15,237120,17,12735768,7832,9,0
Nobody - from Kaiju No. 8,Nobody (from Kaiju No. 8),OneRepublic,2024-04-12,USUM72403147,"3,125",25,34203987,2978,15355189,67,148269610,1257935,182200,26534406,265917250,98142716,32,7882,86,24,2162817,27,4716920,385,292296,0
Asking,Asking (feat. Clementine Douglas),Sonny Fodera,2023-07-07,US39N2307761,"3,117",25,86564714,20203,44058645,71,7626020,64694,806,106047,2191926,3380195,43,24743,24,25,742300,30,2191,233,545123,0
SAY for thank YOU,SAY for thank YOU,Uni kukka,2023-02-22,JPK632301501,"3,115",25,2814,3,63,67,291721339,1078955,182200,26534406,265917250,98142716,28,1,86,15,237120,17,12735768,7832,854584,0
Cash In Cash Out,Cash In Cash Out,Pharrell Williams,2022-06-10,USSM12202926,"3,121",25,172589732,67514,15846637,61,21990862,343936,128416,42492440,338747583,77899,21,33359,4,11,179862,2,3874071,4128,517365,1
Off The Grid,Donda,Kanye West,2021-08-29,USUM72116304,"3,118",25,266927787,105664,14849590,62,39769157,574676,13989,11319222,93786735,33398158,27,8377,74,11,45143,10,1751851,2673,627751,0
EL TONTO,EL DRAGï¿½,Lola Indigo,2023-04-13,ESUM72200152,"3,122",25,153105498,29888,12288087,63,47288100,290046,168400,22898965,286515216,10261483,31,12333,86,19,162668,23,2969,7,361203,0
Friend of a Friend,Friend of a Friend (ft. M1KE),Mï¿½ï¿½lod,2023-03-28,GX4LG2101513,"3,126",25,239850720,5,6700,67,274862350,604907,182200,26534406,265917250,26664062,28,8,86,15,237120,17,12735768,7832,12,1
A Cold Sunday,A Cold Sunday,Lil Yachty,2024-02-02,USUG12400010,"3,128",25,56789868,12822,2975994,67,1611737,30207,182200,26534406,265917250,98142716,9,323,211,3,19242,10,1133744,842,280964,1
Raindrops (Insane) [with Travis Scott],HEROES & VILLAINS,Metro Boomin,2022-12-02,USUG12208785,"3,124",25,197477305,62497,7890327,68,187253,3826,3573,1384419,19317127,98142716,6,58,86,3,8934,17,1345895,1336,207627,1
Weekend,Weekend,Ashley Mehta,2022-09-16,SGB502250429,"3,130",25,546633,253,17668,28,98636,1771,2300556,14806470,276763604,98142716,28,22,86,15,237120,17,12735768,7832,14823,1
Touching The Sky,Touching The Sky,Rauw Alejandro,2024-05-23,USQX92401920,"3,127",25,10100645,1174,50956233,67,5360562,111835,182200,26534406,265917250,2304539,50,1400,4,40,509658,32,274196,33,27382,0
Tap In,Tap In,Saweetie,2020-06-17,USWB12001096,"3,143",25,243703179,39210,17814271,60,134077658,1546430,2101619,262601735,2416911466,2258162,73,58076,648,20,12587,16,77400515,33607,1598350,1
Gitana (feat. Bryartz),Los Gangsters Tambien Lloran,Pablo Chill-E,2024-03-29,USLD91757183,"3,151",25,47329404,3965,62234428,77,15452676,90162,182200,26534406,265917250,20403072,2,185,86,5,1717735,2,2149,3,125245,1
Slumber Party (feat. Princess Nokia),DEMIDEVIL,Ashnikko,2021-06-10,GBAYE2000706,"3,145",25,345069681,77169,14435083,67,112087139,1939007,333925,257917924,1652650346,455056,29,1616,32,15,28298,1,10378177,20145,2149498,1
PARTIDO EN DOS,PARTIDO EN DOS,La ï¿½ï¿½nica Trop,2024-02-24,ES71G2405104,"3,155",25,10459553,360,1242873,65,53298480,230317,182200,26534406,265917250,2812991,2,2012,86,1,26058,17,12735768,7832,93465,0
Piya Chhod Dihin Na,Piya Chhod Dihin Na,Pawan Singh,2024-04-11,INS182401138,"3,136",25,1540667,28,177865,67,35669549,389761,182200,26534406,265917250,98142716,28,5954,86,15,237120,17,12735768,7832,854584,0
CASE 143,MAXIDENT,Stray Kids,2022-10-07,US5TA2200101,"3,149",25,195260412,19052,6239806,66,188978133,3724486,234802,233063325,1397216002,191346183,9,1742,134,3,23299,33,1350078,2761,505263,0
Give It To Me - Full Vocal Mix,Give It to Me (Full Vocal Mix) - Single,Matt Sassari,2021-10-22,GBHAD2102631,"3,153",25,476476352,98305,79758106,78,780251,8207,2600,872891,12295262,98142716,16,8048,86,26,482266,17,10227,7832,271088,0
Slow Dancing,Layover - EP,V,2023-09-08,USA2P2339031,"3,148",25,371463000,9688,17934921,77,55364757,2775274,2388,846113,4288273,166972687,9,2630,14,10,283130,1,2178688,414,299318,0
Are You Entertained (feat. Ed Sheeran),Are You Entertained (feat. Ed Sheeran),Russ,2022-07-22,QZQAY2214416,"3,135",25,65786757,28190,2251668,56,27754329,216369,1402413,11252716,203863372,105632102,2,9490,493,3,15604,17,17597340,1904,242217,1
Vamos Para Arriba,Vamos Para Arriba,Junior H,2022-06-03,USWL12200487,"3,156",25,223422665,24041,6404217,66,236583955,923052,68700,5885095,60653564,98142716,8,5954,86,15,237120,2,16898793,3407,607267,1
Vai Novinha Ah Ah Ah,Ritmo dos Crias,Dyamante DJ,2023-05-25,BCWV12300010,"3,144",25,110960415,19488,9334970,56,24459499,297749,649200,157146491,2161832887,98142716,9,401,86,12,363903,2,12735768,7832,854584,1
Saiyan,Saiyan,Heuss L'enfoirï¿,2023-06-02,FR1DC2300200,"3,137",25,107498014,21969,4562733,61,72443764,387673,182200,182,3247,196303575,15,9237,86,12,4938235,21,12735768,7832,878245,1
Parï¿½,Parï¿½,Ingratax,2021-07-09,MXB952100097,"3,142",25,526025120,46184,9102818,67,160959114,2763162,1041041,242823183,2209200556,20176409,36,4952,86,2,9765,20,2469664,1944,819536,0
WUSYANAME,CALL ME IF YOU GET LOST,"Tyler, The Creator",2021-06-25,USQX92102132,"3,146",25,331749982,109121,14228243,68,38053954,997774,48,7903,93000,11685109,47,15960,86,12,134768,15,2618696,3789,448025,1
Bodak Black,Young Sunny Boy 2,Young Sunny Boy,2023-01-06,QZSYP2279666,"3,133",25,2974,2,1913,67,321063828,2131997,182200,26534406,265917250,524059745,28,5954,86,15,237120,17,12735768,7832,5,1
Heartbroken (feat. Jessie Murph & Polo G),Heartbroken (feat. Jessie Murph & Polo G),Diplo,2023-07-21,USSM12305095,"3,150",25,90619651,18945,7633545,64,22682156,238539,22483,1149772,17165352,83545500,16,18337,25,14,59319,9,27252931,5898,854584,0
Snow On The Beach (feat. Lana Del Rey),Midnights,Taylor Swift,2022-10-21,USUG12205737,"3,139",25,429910250,32432,18417473,64,60531630,1025941,400127,49555205,380293826,252572,55,1208,5,7,54434,22,8506964,5296,426764,1
Lo Que Tiene,Lo Que Tiene,Morad,2024-03-08,QM4TX2442925,"3,170",24,52602574,6219,18544682,75,17482603,146275,182200,26534406,265917250,28855469,7,1125,86,3,510028,9,12735768,7832,854584,0
Bent,Bent,41,2023-08-04,USUG12306666,"3,169",24,104897425,27545,20350869,64,13379053,149424,182200,26534406,265917250,98142716,14,11802,246,1,223,17,1100545,1464,616738,1
Linda Guajira,"Essential Classics, Vol. 143: Mongo Santamaria",Mongo Santamaria,2024-06-06,ES31E2305760,"3,547",24,10747498,1,31,67,148269610,1257935,182200,26534406,265917250,98142716,28,5954,86,15,237120,17,12735768,7832,854584,0
All Out Of Fight,TRUSTFALL (Tour Deluxe Edition),P!nk,2023-11-30,USRC12302242,"3,177",24,31809079,3576,18976367,67,10988995,145198,182200,26534406,265917250,1742201888,11,48195,86,22,12669277,30,18554159,1667,722562,0
2 Balas,2 Balas,Roylimar y Royerlin,2024-03-08,QZHN32468120,"3,159",24,853397,26,1657,67,41848181,493092,94800,5045789,94888400,98142716,28,5954,86,15,237120,17,12735768,7832,3223,0
Stop Giving Me Advice (with Jack Harlow & Dave),Stop Giving Me Advice,Lyrical Lemonade,2023-12-08,USUG12303143,"3,167",24,33319902,18834,5350015,67,10789548,308054,182200,26534406,265917250,109963841,12,3195,1,21,372611,12,59449,57,137951,1
Rich Nigga Shit (feat. Young Thug),SAVAGE MODE II,21 Savage,2020-10-02,USSM12005348,"3,166",24,433309786,137820,15190372,73,35285134,512311,8562,8229618,59408058,98142716,17,390,86,11,25578,17,8868498,5343,854584,1
What Would Pluto Do,For All The Dogs,Drake,2023-10-06,USUG12306080,"3,175",24,59262518,22927,2972767,67,10706220,108566,64,3544,88944,545064,3,215,37,1,237120,17,18555902,1636,124136,1
So Far Away,So Far Away,Down Time,2022-07-22,QZK6L2235624,"3,158",24,29375,43,3952,1,410777646,4011926,182200,26534406,265917250,52318,28,2,86,15,237120,17,12735768,7832,854584,0
Hijo Mio,Hijo Mio - Single,Misael De La Rosa,2022-04-20,QZHZ42274754,"3,163",24,1612356,389,51178,31,1805510,42902,2800000,10741378,267788636,98142716,28,8,86,15,237120,17,12735768,7832,58027,0
Car Keys (Ayla),Car Keys (Ayla),Alok,2023-06-30,DEE862300929,"3,176",24,107592134,16131,60984755,69,8821525,79472,3436,443734,16562873,168314959,37,86683,1298,65,1299042,50,941625,258,853951,0
MONTAGEM ANOS 2000,A.Mago - Playlist do Mago,DJ Arana,2023-09-07,BC3PG2306028,"3,172",24,101571557,21592,22787361,67,36830690,390578,62700,20413997,254571104,98142716,11,5954,86,20,2838774,17,12735768,7832,146099,1
Ai Preto,Ai Preto,L7NNON,2022-06-03,BR5TG2200019,"3,178",24,219756697,31819,12504632,60,247152121,1745948,508,6297,149298,175272203,22,103,86,31,353396,8,12735768,7832,128502,0
We Don't Fight Anymore (feat. Chris Stapleton),We Don't Fight Anymore,Carly Pearce,2023-06-16,QZRD92302716,"3,171",24,48751057,4008,12574203,67,10591144,107010,182200,26534406,265917250,266924717,14,129454,10,2,81390,51,23451393,3488,382915,0
Pï¿½ï¿½,Pï¿½ï¿½gate - Si,Standly,2022-01-03,US7VG2202994,"3,168",24,241291389,32449,5276793,67,297484348,1868447,100700,31243366,308712763,93932990,4,942,86,2,12175,10,12735768,7832,365242,0
Halfway To Hell,Whitsitt Chapel,Jelly Roll,2023-06-02,QMRSZ2300351,"3,164",24,38159739,5961,12957145,68,11185849,140706,37324,1018503,16169973,34209101,28,98724,123,4,1513658,17,36194795,4078,854584,0
Ya Te Superï¿,Ya Te Superï¿½ï¿½ - Si,Xavi,2024-05-18,USA2P2428771,"3,174",24,11107400,614,35459248,67,10855044,227373,182200,26534406,265917250,98142716,5,5954,86,3,293379,10,319500,77,41829,0
Just Wanna Rock,Just Wanna Rock,Lil Uzi Vert,2022-10-16,USAT22219268,"3,173",24,665145968,5887,961483,46,148269610,1257935,182200,26534406,265917250,98142716,18,231230,86,15,237120,17,12735768,7832,854584,0
eternal sunshine,eternal sunshine,Ariana Grande,2024-03-08,USUM72317272,"3,189",24,113104452,5316,7545326,67,12373294,199529,182200,26534406,265917250,7302253,7,327,86,4,172405,16,883643,1252,56914,0
Soundgasm,Soundgasm,Rema,2021-06-10,NGA3B2114003,"3,195",24,142352659,80632,7222942,58,105833149,819235,46229,11821844,129897849,19542904,96,9295,85,12,152415,4,5024541,1981,2768798,1
WANDA,DONDE QUIERO ESTAR,Quevedo,2023-01-20,BK4DA2215298,"3,184",24,306952759,43759,12814377,68,32391738,149460,51615,9029882,101766021,485245,8,3480,322,5,38775,10,808749,171,320412,0
DARBA 9ADIYA,DARBA 9ADIYA,Moha K,2023-04-28,FR6F32300680,"3,196",24,46356684,18454,1574124,53,74548185,462187,390100,69163531,1429881947,98142716,9,1667,86,1,62559,1,2,7832,658573,0
EMPELOTICA,EMPELOTICA,Lenny Tavï¿½ï¿,2024-02-22,USWL12400540,"3,181",24,68349764,7210,31014133,8,16821942,150277,4814,936755,10013585,216158198,13,1143,86,19,1742799,11,486201,53,134177,1
Le Va Doler,Le Va Doler,Grupo Frontera,2023-05-25,FRX762399738,"3,187",24,129573063,9240,3380877,63,124184578,417710,48700,14400034,168267163,14666486,8,1653,86,2,26463,6,19473307,1979,236018,0
Never Gonna Give You Up (2022 - Remaster),Whenever You Need Somebody (Deluxe Edition - 2022 Remaster),Rick Astley,2022-05-20,GB5KW2103369,"3,199",24,839345554,295,20447,23,148269610,1257935,182200,26534406,265917250,98142716,13,5954,86,1,2,17,51964993,284214,854584,0
Million Dollar Baby,Million Dollar Baby,Ava Max,2022-09-01,USAT22206818,"3,198",24,106218899,18622,4105233,60,54371720,527297,9975,2463185,44940300,44694803,39,171539,847,18,1266461,9,11675181,5696,1646446,0
should've wore a bonnet,should've wore a bonnet,21 Savage,2024-01-10,USSM12309170,"3,200",24,51365907,12559,6817443,67,10673012,128410,182200,26534406,265917250,98142716,14,1535,86,7,68244,22,5979536,1938,184130,1
Oklahoma Smokeshow,Summertime Blues,Zach Bryan,2022-07-15,USWB12202706,"3,193",24,283406755,35672,3644016,77,62279409,254008,48146,7156246,49171406,340942384,12,794,22,3,648,21,42707006,22346,363648,0
FEEL,Timeless,Davido,2023-03-30,GBARL2300319,"3,202",24,65174919,13131,7905515,64,37986567,363870,733101,37688610,479919203,48502167,43,7196,34,7,467961,8,1188467,363,1062087,0
Cï¿½ï¿½MO SE SIENTE - R,Como Se Siente (Remix),Jhay Cortez,2020-05-09,USUM72010288,"3,190",24,705672746,84469,33371478,70,271113088,1055058,38258,16654149,124603506,504904,79,4564,20,35,48467,22,66731877,7395,633497,1
INDUSTRY BABY (feat. Jack Harlow),INDUSTRY BABY - Single,Lil Nas X,2021-07-23,USSM12104540,"3,182",24,2014959725,7808,1446867,48,85254240,910332,182200,26534406,265917250,1641,56,210716,86,15,237120,2,12735768,7832,854584,0
hakuna matata,One of Wun,Gunna,2024-05-10,USAT22403439,"3,212",24,18861338,3421,12527571,67,1708354,29123,182200,26534406,265917250,381728,28,1,3,15,237120,17,12735768,7832,854584,1
Not Even Ghosts Are This Empty,I No Longer Fear The Razor Guarding My Heel (V) - Single,$uicideboy$,2023-08-11,QZAPK2000391,"3,216",24,73979851,22621,3769032,67,50747796,693723,3709,675392,3352332,4164938,28,185,55,15,237120,17,3513432,1163,135705,1
Shadow,A Hometown Odyssey,Livingston,2024-03-08,QM24S2400575,"3,219",24,34343044,5156,7788420,67,11778991,285840,182200,428800,6100000,98142716,1,215,86,15,237120,20,4804147,6778,177644,0
Black Route - Kali Car,Black Route (Kali Car),Hassan Goldy,2023-02-01,FR2X42341769,"3,221",24,239850720,101,650,19,148269610,1257935,1958900,5518761,153005807,98142716,28,5954,86,15,237120,17,12735768,7832,7458,0
Aye (feat. Travis Scott),Pink Tape,Lil Uzi Vert,2023-06-30,USAT22306849,"3,204",24,73140012,38585,11725812,62,4645872,99384,20079,9396584,75770759,161789590,30,1410,17,6,91343,4,361815,288,175009,1
Murder on the Dance Floor - triple j Like A Version,Murder on the Dancefloor (triple j Like A Version),Royel Otis,2024-01-29,AUAB02400105,"3,211",24,33867992,7982,13465713,69,148269610,1257935,17510,39469631,407405367,98142716,21,25931,3,8,290509,56,661553,1014,221646,0
act iii: on god? (she like),act iii: on god? (she like) - Single,4batz,2024-03-01,QZQAY2477076,"3,206",24,23065156,5493,6103682,67,9568515,227421,182200,26534406,265917250,828041,14,156,44,15,237120,7,490398,283,140665,1
Diamondz n Roses,Diamondz n Roses,VaporGod,2023-03-23,QZHN42330211,"3,205",24,33044062,11085,1851125,6,17304165,306669,971409,281266723,2490290769,98142716,1,4,25,1,1551,17,37348,124,42664,0
banking on me,DS4EVER (Deluxe),Gunna,2022-01-07,QMCE32200098,"3,222",24,170941932,73853,8684961,62,68412662,574589,27400,12640222,101411557,307396103,17,38519,261,6,59038,6,9902950,4623,824789,1
Main Sharabi,Main Sharabi,Rajeev Raja,2020-12-06,INA2M2000029,"3,225",24,5984965,1054,63371,35,722868512,3856431,4226,97737,1676397,98142716,28,3,86,15,237120,17,12735768,7832,53348,0
Ayang,Ayang,Nabila Maharani,2022-10-05,IDA832108560,"3,233",24,1088915,89,29328,31,45683645,212924,2100000,92096902,1504849718,98142716,28,53,86,15,237120,17,12735768,7832,36502,0
You & Me (Coachella ver.),JENNIE Special Single [You & Me],JENNIE,2023-10-06,KRA402300042,"3,223",24,68266114,3723,4165912,67,110533031,640587,182200,26534406,265917250,98142716,4,5954,86,15,237120,17,12735768,7832,191626,0
MERCEDES CAROTA,nadie sabe lo que va a pasar maï¿½ï¿,Bad Bunny,2023-10-13,QMFME2364192,"3,231",24,102660899,18253,6004573,67,32838380,323861,3233,2189880,21328128,2634695,9,186,86,15,237120,3,3314440,726,208933,1
Heavy On My Heart,"2 Faced, Pt. 2",LUCKI,2024-05-31,USUYG1551958,"3,237",24,3495596,848,6929395,67,757869,24482,182200,26534406,265917250,381728,4,2,4,15,237120,8,6382,12,29596,1
Not So Bad (Leans Gone Cold),Sremm 4 Life,Rae Sremmurd,2023-04-07,USUM72303405,"3,230",24,45382812,26937,2239607,57,55687483,788743,163701,4240089,53885377,180034531,4,1377,26,1,4099,1,16342786,2392,1004688,1
JGL,JGL,La Adictiva,2022-02-18,MXA411400136,"3,241",24,437825141,37050,18118265,70,138771397,987474,250537,41061849,550954115,98142716,17,4299,86,2,67662,11,44781013,14175,641134,1
Kool-Aid,Kool-Aid,Bring Me The Horizon,2024-01-05,GBARL2301975,"3,235",24,49756092,11905,10502401,73,16624763,340925,5352,214666,4372,15168530,12,3566,5,9,277848,22,2053888,472,65087,1
Feather - Sped Up,Feather (Sped Up),Sabrina Carpenter,2023-08-04,USUM72311527,"3,236",24,22007314,2582,3001576,54,148269610,1257935,1100000,73900301,750594068,98142716,1,11,150,15,237120,17,35115,1022,221129,1
Sacrifice,The Highlights (Deluxe),The Weeknd,2021-02-05,USUG12106685,"3,240",24,387273112,61978,16015269,65,103938760,1316097,21110,10221959,179105827,2664563656,59,201646,708,42,2095389,39,8539058,2764,1926829,1
The Prophecy,THE TORTURED POETS DEPARTMENT: THE ANTHOLOGY,Taylor Swift,2024-04-19,USUG12402548,"3,224",24,81419779,3003,13808567,67,4628735,66025,182200,106802,485970,98142716,6,45,86,15,237120,13,917387,636,35017,0
Attention,Attention,Doja Cat,2023-06-16,USRC12301102,"3,239",24,124343335,25076,9223630,59,38371589,948608,19555,21295468,244276844,1278125,37,18360,41,28,137444,33,3872525,3280,497479,1
MVP,MVP,Shubh,2024-05-10,INW262400751,"3,229",24,13194395,706,5333338,70,13890373,454342,182200,26534406,265917250,19904542,18,45,86,15,237120,13,8516,1,26440,1
Around Me (feat. Don Toliver),HEROES & VILLAINS,Metro Boomin,2022-12-02,USUG12208788,"3,238",24,223785164,57258,5817337,71,15012510,128598,10832,6101983,56806507,98142716,10,67,86,2,19747,17,592559,668,854584,1
PHONKY TOWN,Phonky Town,PlayaPhonk,2021-03-16,QZDA82146449,"3,242",24,272702293,96215,17590009,62,79195534,938464,551633,191409490,1530938016,4455085,22,9,86,5,90934,1,12735768,7832,1942410,1
We Rollin,WE ROLLIN,Shubh,2021-09-17,QZMEQ2168582,"3,245",24,258337879,25049,3683882,65,297136479,3230400,761830,14183967,226438634,795121,9,93,86,15,237120,2,13762,29,339861,1
Si Te La Encuentras Por Ahï¿,Si Te La Encuentras Por Ahï¿,Feid,2022-08-05,USUM72214628,"3,254",24,245582383,50023,10033886,65,100812283,754232,28407,6489257,97281914,319953187,19,5593,75,6,272667,3,2377785,259,313095,0
NARCISSISTIC PERSONALITY DISORDER,Narcissistic Personality Disorder - Single,Odetari,2023-04-01,QZHN62339350,"3,248",24,183162195,30174,5050179,69,45192343,634145,166309,37085192,229093751,98142716,1,7,86,15,237120,17,493769,1560,469880,1
Memory Lane,Memory Lane - Single,Old Dominion,2023-01-05,USAN22200051,"3,260",24,116035112,12404,6217052,61,11537522,78076,3454,586409,10490564,151376171,35,152815,378,5,88483,30,51784536,5255,312027,0
24 (feat. Lil Baby),24 (feat. Lil Baby),Money Man,2020-08-14,USUYG1327132,"3,267",24,390733154,105426,12610976,64,131372042,1114310,7376,2506375,24693976,4105289,49,43,40,15,237120,2,76615431,34462,854584,1
THE SHADE,WHO CARES?,Rex Orange County,2022-03-11,USRC12102927,"3,263",24,350427750,49991,14312352,71,124215789,737982,204742,61504934,569263172,544115326,15,15807,86,10,36767,13,397851,508,477438,0
You,You,Regard,2021-04-16,GBCEN2100035,"3,249",24,313144836,59063,18646872,62,63377694,505563,53473,9402727,105002413,9385389,153,122148,285,53,431971,47,101741112,10653,2293223,1
Cake By The Ocean - Cover,COOL & POP HIT CHART!!,LOVE BGM JPN,2023-03-20,TCJPU2397752,"3,329",24,239850720,32312,13259481,67,148269610,1257935,182200,26534406,265917250,98142716,28,5954,86,15,237120,17,12735768,7832,854584,1
Mbappe,"SEN2 KBRN, VOL. 2",Eladio Carrion,2022-11-18,QMDA72266870,"3,250",24,204730798,35882,4007932,68,94105710,701021,153900,45043047,411286349,2672924,12,4737,836,6,83143,9,1156454,799,258504,1
Maria,Marï¿½,HWASA,2020-06-29,KRA382002246,"3,258",24,280901994,31034,6694945,63,489518287,8770696,854500,100199461,948594062,14011677,6,3915,7,6,43233,20,2248413,3097,126970,0
PRIMER AVISO,PRIMER AVISO - Single,Maria Becerra,2024-02-29,USWL12400615,"3,244",24,28563790,1755,8072460,19,40333378,420833,182200,205870,1423100,159095018,2,4075,86,14,439014,19,111604,7832,59172,0
Butakera,Butakera,La Joaqui,2022-07-28,ARACN2200009,"3,259",24,127392768,22713,6540862,59,129725858,558219,897800,280690579,2966243206,7595234,5,1253,86,8,41707,5,39938,55,282479,0
Savage,Savage - The 1st Mini Album - EP,aespa,2021-10-05,KRA302100326,"3,247",24,222400657,19680,9854978,68,399807694,5239967,113542,141153423,936285256,145924225,21,3257,148,1,4799,17,577999,666,400154,0
Mad at Disney,Mad at Disney,salem ilese,2020-06-24,QMEZE2076989,"3,265",24,335604759,47721,9209948,3,155802565,3846286,1961193,340937251,2759903957,1644734,39,21424,86,272,26241,1,25337036,48345,1008719,0
TE AMO ï¿½,TE AMO ï¿½,Fer Vazquez,2024-04-30,ARC082400003,"3,264",24,5790738,369,3488921,64,20489530,159632,182200,26534406,265917250,16582955,1,1068,86,6,298082,4,2039,11,27697,0
Dilemma,Dilemma,Green Day,2023-12-07,USRE12201093,"3,268",24,15987089,4424,5306843,67,4035815,111954,182200,26534406,265917250,1730920237,9,72182,64,7,193338,21,1051867,256,183738,0
Kitchen Stove,Kitchen Stove,Pozer,2024-02-23,GBARL2400167,"3,266",24,20395364,3841,6746386,67,5280055,70627,182200,26534406,265917250,24444704,4,974,86,5,220079,16,12735768,7832,54940,1
Luchtballon,Luchtballon,Joost,2024-06-04,NL4TG2400013,"3,251",24,4794950,498,2896644,67,3452898,170142,182200,26534406,265917250,2075242,3,69,86,3,281784,2,646,7832,12447,0
Trojan Horse,Split Decision,Dave,2023-06-04,GBUM72305707,"3,252",24,76510509,35841,3367961,64,11734153,115504,61,5249,76912,5542,30,127,86,3,289994,4,151911,164,138675,1
Porque Te Vas,Porque Te Vas,Victor Cibrian,2024-04-05,QZ9QQ2400258,"3,262",24,31438986,1429,21671170,74,21490653,239191,3514,26534406,265917250,98142716,1,8,86,2,1076696,17,91422,300,212412,0
Neon Pill,Neon Pill,Cage The Elephant,2024-01-19,USRC12303405,"3,261",24,12032878,3204,6664877,67,1683275,38016,182200,26534406,265917250,17276700,14,58674,52,10,85262,22,2022938,296,120938,0
Beautiful Girl,Beautiful Girl,Luciano,2022-04-28,DECE72201083,"3,255",24,191569959,73054,4131980,57,55509965,448500,690,12323369,129718183,80052391,16,12300,86,13,101700,7,611,7832,343759,0
Tï¿½ï¿½ Me Dejaste De Qu,Tï¿½ï¿½ Me Dejaste De Querer (feat. Niï¿½ï¿½o de Elche & La ,C. Tangana,2020-11-05,ES5022000718,"3,277",24,401979272,80139,15198667,66,236719624,1667710,101915,18751200,203030554,86821613,75,15171,6,33,364216,13,232813,694,1750278,0
Spotless (feat. The Lumineers),Spotless (feat. The Lumineers),Zach Bryan,2023-08-24,USWB12304905,"3,271",24,157676395,21485,5429963,76,5025676,28970,3492,308886,2359449,3948452,13,8672,302,4,515925,59,12486187,3596,118515,1
These Walls,Radical Optimism,Dua Lipa,2024-05-03,GBAHT2400111,"3,284",24,37789672,2484,49070048,67,148269610,1257935,182200,26534406,265917250,56004473,34,3623,86,35,1517880,49,2656320,165,48447,1
Egwu,Egwu,Chike,2023-12-15,QZW9L2379698,"3,272",24,35119540,2907,7078317,66,45526146,393618,182200,11483596,163624449,138286932,24,1944,86,4,612699,16,12735768,7832,1958847,0
Die For You (Remix Acapella),Die For You (Remix Acapella) - Single,The Weeknd,2023-03-02,USUG12301604,"3,281",24,239850720,32312,13259481,67,148269610,1257935,182200,26534406,265917250,98142716,28,280002,86,15,237120,17,12735768,7832,854584,0
Baby you,Baby you,ýýýýýý,2023-01-18,JPCO02230140,"3,273",24,30361093,6140,1321340,52,30346457,499318,1530302,159193521,1949963259,70002169,16,114,86,15,237120,4,12735768,7832,250538,0
CUAL ES ESA,FERXXOCALIPSIS,Feid,2023-12-01,USUM72318210,"3,285",24,84131713,9659,7789551,71,46945484,239851,229,1550,28600,76010877,5,3267,86,6,3588081,1,145825,101,154493,1
Salimo de Noche,Salimo de Noche,Tiago PZK,2021-10-21,AR3N42100003,"3,275",24,315581950,56373,8132909,59,200961304,1909013,203539,88373861,767313472,280284318,15,5092,86,15,62708,7,21095,7832,346879,1
"Eladio Carrion: Bzrp Music Sessions, Vol. 40","Eladio Carrion: Bzrp Music Sessions, Vol. 40",Bizarrap,2021-06-09,UYB282101016,"3,276",24,312622847,59149,10135558,66,275292905,3116842,71000,18807302,190656582,1635575,19,403,86,7,121113,6,2822483,1630,515254,1
Love,AFROBOY,Kouz1,2023-01-13,DGA082226042,"3,269",24,41059494,17144,2565553,40,76632734,573257,821200,62289548,1163210746,98142716,4,2210,86,1,6562,17,12735768,7832,510815,0
Ando Enfocado,Ando Enfocado,Jaziel Avilez,2022-11-18,QZTGS2200203,"3,278",24,191918763,17921,8023886,67,168330437,768931,51300,4813141,63785723,98142716,6,6,3,2,50523,6,25400655,3262,404205,0
First Person Shooter (feat. J. Cole),For All The Dogs,Drake,2023-10-06,USUG12306094,"3,282",24,328526298,14390,6681758,67,17047473,217601,93800,18344787,197098789,407,24,37,86,6,123064,17,12735768,7832,854584,0
REMIX EXCLUSIVO,REMIX EXCLUSIVO,Feid,2023-03-17,USUM72304040,"3,292",24,185448173,32140,17704359,66,64774453,486024,17536,2313721,19349275,5630,18,4148,25,5,381761,19,3645201,353,347852,1
"ZEIT, DASS SICH WAS DREHT","ZEIT, DASS SICH WAS DREHT",$OHO BANI,2024-02-23,DEKF22400164,"3,291",24,54065563,7779,9672092,73,6744201,72802,182200,26534406,265917250,89825480,18,7736,86,16,9108102,16,12735768,7832,198646,1
Corazï¿½ï¿½n Roto pt. 3 (feat. Jhayco & Ryan Cas,Corazï¿½ï¿½n Roto p,Brray,2023-09-08,USUM72313435,"3,297",24,139751220,18392,12791215,20,49641305,248150,182200,26534406,265917250,28619808,14,5954,86,13,211845,17,12735768,7832,235413,1
penjaga hati,penjaga hati,Nadhif Basalamah,2023-06-21,DGA052306119,"3,304",24,252681087,11425,9250560,76,99627762,516029,182200,35520433,341258424,45212529,10,4037,86,15,237120,17,12735768,7832,163467,0
3 Headed Goat (feat. Lil Baby & Polo G),3 Headed Goat,Lil Durk,2020-05-07,USUM72009132,"3,294",24,354889332,121632,12554800,65,143802247,1597342,32776,14487556,91865926,19727912,53,5126,86,7,47181,7,24480728,26981,881261,1
Monica,LOVE AND CHAOS,Kuami Eugene,2023-10-12,USUYG1502416,"3,298",24,3604452,787,624598,67,7474271,69482,839100,9769727,167597754,7275696,4,322,86,15,237120,17,7910,32,216973,1
Home (Lala),Expectations,Dayzy,2023-01-17,QMFMF2214684,"3,288",24,239850720,1,63,67,307164348,603059,182200,26534406,265917250,26664062,28,7,86,15,237120,17,12735768,7832,2,0
ýýýýýýýý ýýýýýýýýýý - ýýýýýýýýýý,ýýýýýýýý ýýýýýýýýýý - ýýýýýýýýýý - Single,DJW9,2023-05-16,QZK6L2307991,"3,303",24,239850720,8,55,67,230878707,1434387,182200,26534406,265917250,5869394,28,357,86,15,237120,17,12735768,7832,42191,0
UN RAGAZZO UNA RAGAZZA,UN RAGAZZO UNA RAGAZZA,The Kolors,2024-02-07,ITQ002400024,"3,295",24,43499127,2622,6350531,16,25364611,117410,182200,26534406,265917250,198024759,13,22672,86,5,3104127,14,19414,7832,323924,0
Pasilyo,Pasilyo,SunKissed Lola,2022-10-28,AUBEC2225179,"3,301",24,219619875,22109,8739702,69,99634133,478880,629683,71365682,513855630,98142716,4,1523,86,15,237120,17,12735768,7832,269368,0
Wasted Summers,Wasted Summers,juju<3,2023-07-12,QZNWT2328449,"3,307",24,145323071,25526,11685238,73,3663144,87691,272260,104929528,725884052,24535,10,67,93,15,237120,17,12735768,7832,230133,0
Ruin,Ruin,USHER,2024-02-02,QZS7J2388470,"3,296",24,19485870,2963,10829291,67,8261042,139661,182200,26534406,265917250,85979923,38,37311,155,4,98287,32,3504611,728,330495,0
RATATATA,RATATATA,BABYMETAL,2024-05-23,GBDHC2549601,"3,289",24,12875105,2081,11902188,73,1913446,61995,182200,26534406,265917250,27144919,8,112,86,8,394285,13,96725,87,19323,1
Seasons,Seasons,Thirty Seconds To Mars,2023-08-15,USC4R2228396,"3,311",24,21188649,3940,2622151,53,3560845,38522,7977,1643924,34908043,13637534,22,131214,114,14,68273,13,3379301,492,518264,1
Con La Brisa,Black Panther: Wakanda Forever - Music From and Inspired By,Foudeqush,2022-11-04,USHR12244835,"3,313",24,92384851,21304,1941527,59,170892300,978438,41600,33841573,326613325,98142716,9,194,28,1,33,17,12735768,7832,1926994,0
Ademï¿½ï¿½s de Mï¿½ï¿½,Ademï¿½ï¿½s de Mï¿½ï¿½,Rusherking,2021-03-04,QM4TX2108898,"3,309",24,206311125,38601,7092659,62,452730002,3243360,182200,26534406,265917250,108084173,10,204,6,5,33769,8,12735768,7832,266387,1
Cheat On Me (feat. Dave),Cheat On Me (feat. Dave),Burna Boy,2023-08-22,USAT22307525,"3,293",24,57146959,26832,6612892,58,10407451,123510,182200,1083,16954,567550,31,5236,86,12,294513,20,1096378,165,276612,1
Winners In Paris,Winners In Paris,Sleepy Hallow,2024-05-08,USRC12401281,"3,308",24,9889717,1826,25270438,67,148269610,1257935,182200,26534406,265917250,98142716,15,25,16,13,357335,16,346143,215,25938,1
In Your Love,In Your Love,Tyler Childers,2023-07-27,USRC12300844,"3,305",24,86069322,17650,15787518,60,15451799,202322,27450,10266486,101213993,151406536,25,34979,23,4,32137,69,23037029,5746,287728,0
ýýýýýýýýýýýýýýýýýý ýýýýýýýýýýýý,ýýýýýýýýýýýýýýýýýý ýýýýýýýýýýýý,MORGENSHTERN,2024-03-08,RUAGV2401222,"3,328",24,11170433,2065,364180,61,35976070,1087118,182200,5014,35066,98142716,11,3,86,2,34118,17,12735768,7832,428081,1
"Vigdiyan Heeran (From ""Honey 3.0"")",Honey 3.0,Yo Yo Honey Singh,2024-03-15,INZ031414584,"3,331",24,12044437,361,1194858,67,46011423,1888358,182200,26534406,265917250,98142716,28,5,86,15,237120,8,12735768,7832,64035,0
Que Hay Amor,Que Hay Amor,Cris Mj,2024-04-04,QM6MZ2424574,"3,322",24,30160112,2429,15875714,73,22379808,224346,182200,26534406,265917250,24278649,2,2,86,1,103424,1,296277,53,34074,1
Boogieman,Boogieman,EBK Jaaybo,2024-04-24,QZWA32200518,"3,321",24,21255642,3519,34773501,73,5828561,86906,182200,26534406,265917250,98142716,8,1,4,3,32708,4,173780,826,125336,1
ýýýýýýýýýý,ýýýýýýýýýý - Single,NLO,2023-05-02,FRX452361306,"3,338",24,7900402,4782,367497,1,146296974,819226,258850,16582173,215446483,306023843,7,12,86,15,237120,17,12735768,7832,998296,0
Overcompensate (edit),Overcompensate,Twenty One Pilots,2024-02-29,USAT22401064,"3,339",24,12478109,1427,5707433,67,19304985,561923,182200,26534406,265917250,20753976,19,27143,3,8,331307,2,1028710,166,179749,0
"Maa Nammakam Nuvve Jagan, Vol 1","Maa Nammakam Nuvve Jagan, Vol 1",Jagananna Connects,2024-03-04,TCAHZ2460573,"3,336",24,200302,12,597,67,57962118,45667,182200,26534406,265917250,98142716,28,5954,86,15,237120,17,12735768,7832,450,0
Stunnin' (feat. Harm Franklin),Stunnin' (feat. Harm Franklin),Curtis Waters,2020-05-19,QZES82074435,"3,320",24,312678365,67390,12125007,56,68518582,1252622,1540013,271840657,2130678972,60449,44,34306,86,22,34948,12,14695763,7615,2434937,1
Privileged Rappers,Her Loss,Drake,2022-11-04,USUG12208602,"3,330",24,167840439,54445,11034203,64,25641544,341459,11619,6189301,52937881,1826933,6,24,118,15,237120,17,17826325,2084,420954,1
Beautiful As You,Beautiful As You,Thomas Rhett,2024-05-10,QZRD92405047,"3,316",24,9327924,878,21394629,72,875363,15615,182200,26534406,265917250,98142716,14,8050,23,15,237120,30,4571242,391,41301,0
All I Need,Javari,Tyler Antonius,2024-03-11,QZS8H2110965,"3,318",24,168663071,184,114412,67,148269610,1257935,182200,26534406,265917250,98142716,28,5954,86,15,237120,17,12735768,7832,1875653,1
Enough Is Enough,AUSTIN,Post Malone,2023-07-28,USUM72306021,"3,326",24,106740885,16395,7898986,66,4758436,46227,1657,748350,12122087,5692276,10,48065,407,19,334708,14,26114309,1897,432706,1
Baddies,Baddies - Single,Aitch,2024-06-06,QM6MZ2489483,"3,315",24,5698784,846,15037150,67,148269610,1257935,182200,26534406,265917250,98142716,21,221,86,6,2866896,36,12735768,7832,11519,1
Baila Conmigo (with Rauw Alejandro),Baila Conmigo (with Rauw Alejandro),Selena Gomez,2021-01-29,USUG12100193,"3,335",24,479276199,61386,12336155,60,228278348,3170402,97508,25648300,303099826,53842839,95,34379,135,30,592380,58,29045490,7860,1495399,0
Asï¿½ï¿½ Lo Quiso ,DESVELADO,Eslabon Armado,2023-04-28,USE7D2300024,"3,327",24,173061521,18616,5085706,67,53668901,343308,143900,22419288,239225982,53205932,11,2,1,2,680,2,23293442,2938,604065,0
Rag Doll - Live,Greatest Hits (Deluxe),Aerosmith,2023-08-18,USUG12301903,"3,332",24,1598680,45,1624,67,148269610,1257935,182200,26534406,265917250,98142716,28,5954,86,15,237120,17,153520210,28829,854584,0
Moon,Donda,Kanye West,2021-08-29,USUM72116291,"3,329",24,300082779,103366,12996384,65,26665548,457381,35728,30439067,259653952,20581,25,634,2,5,3899,10,2857813,4005,427988,0
Essence (feat. Justin Bieber & Tems),Essence (feat. Justin Bieber & Tems),Wizkid,2021-08-13,USRC12102450,"3,333",24,142075177,43680,10012685,58,38137678,322681,71600,3411107,38844483,107261011,81,120200,86,24,772263,52,127324521,38794,1964096,0
Outskirts,Outskirts,Sam Hunt,2023-03-10,USUM72302885,"3,334",24,66067682,7457,9164334,65,7470172,52452,411,219581,2892289,98142716,24,141315,68,5,879876,12,35832045,2449,241991,0
Old Days,Old Days,Lil Durk,2024-02-23,USQX92400663,"3,337",24,9682984,3542,6763625,67,14270016,247623,182200,26534406,265917250,837599197,14,176,43,12,159423,18,4898992,867,96017,1
Girls Just Wanna Have Some,Girls Just Wanna Have Some,dreamsoda,2024-05-30,CA5KR2463646,"3,440",24,51035638,32312,13259481,67,148269610,1257935,182200,26534406,265917250,98142716,28,5954,86,15,237120,17,12735768,7832,854584,0
As the World Caves In,As the World Caves In,Sarah Cothran,2021-06-10,QZHNB2115936,"3,358",24,285568439,67189,16107840,65,161956855,3891055,312854,290498191,1818254854,4255620,13,781,86,2,5068,17,3182107,8075,2220692,0
Dile a Tu Orgullo (En Vivo),Dile a Tu Orgullo (En Vivo) - Single,Luis Alfonso Partida El Yaki,2022-01-28,USA2P2201542,"3,362",24,94677649,9726,5274940,58,380478131,958443,28439,2397842,39716201,37578282,8,3860,17,1,4460,9,13220770,2256,405976,0
Neverender,Neverender,Justice,2024-04-25,FR8EU2300010,"3,359",24,18919068,4186,20278718,74,1025503,18910,182200,26534406,265917250,98142716,24,2928,10,28,2030635,107,340402,128,73614,0
Lottery (feat. LU KALA),Lottery (feat. LU KALA),Latto,2023-02-17,USRC12203634,"3,351",24,64851689,10684,6385271,57,26844412,215475,56800,9759230,127114832,5768557,52,125036,1319,14,226409,26,27917367,3645,1254913,1
Sunshine,Sunshine,Tyga,2022-08-12,USUYG1436663,"3,363",24,85785871,28868,3335711,60,12121852,157411,813,171609,2095787,98142716,9,172982,894,5,45439,16,23149476,2410,1018403,1
Batï¿½ï¿½k ,Karï¿½ï¿½ï¿½ï¿½ï¿½ï¿½,Semicenk,2023-12-15,DGA0Q2317094,"3,360",24,56695409,4559,4098516,68,63800824,219647,182200,26534406,265917250,289637676,3,1643,86,2,1581911,17,12735768,7832,239217,0
SHAKE SUMN,CALL DA FIREMAN,DaBaby,2023-05-05,USUM72306548,"3,343",24,70418045,19968,17088080,60,39812848,590392,292327,95802273,767711351,82291,13,6994,2355,4,45507,17,18424276,9562,519634,1
Kafamï¿½ï¿½n ï,Yine ï¿½ï¿½alï,Ebru Yaï¿½ï,2024-05-22,FRX762464095,"3,355",24,4177077,267,3686411,63,10927692,75044,182200,26534406,265917250,98142716,3,696,86,2,1567756,17,101,7832,53530,0
HOT,SEVENTEEN 4th Album 'Face the Sun',SEVENTEEN,2022-05-27,USA2P2146867,"3,352",24,210513394,16039,9403249,67,270821476,4018096,168012,137124191,797795448,200554634,11,2036,6,5,41405,16,830831,761,432666,0
i'm yours,i'm yours,Isabel LaRosa,2022-10-28,USRC12203917,"3,361",24,320296093,42685,19725874,76,27153913,493000,5300,4801108,38533990,98142716,14,1032,14,17,284750,2,1803985,1625,343605,0
Sonchadi | Coke Studio Bharat,Sonchadi | Coke Studio Bharat,digV,2024-05-08,INUM72400400,"3,349",24,1315948,67,879894,60,19302655,252094,182200,26534406,265917250,98142716,28,5954,86,15,237120,3,12735768,7832,7198,0
Kamar Teri Left Right Hale,Kamar Teri Left Right Hale - Single,Sandeep Surila,2020-07-24,INA1I2000881,"3,357",24,22148259,2293,380137,56,772008576,3498265,2543,40007,477115,98142716,28,5954,86,15,237120,17,12735768,7832,71475,0
Carta Aberta,Carta Aberta,MC Cabelinho,2023-11-27,BKLVW2300013,"3,341",24,52754470,6540,6242659,67,70458259,761575,182200,143,2495,582924880,1,33,86,11,335654,9,267,7832,98302,0
The Thrill,The Thrill,Wiz Khalifa,2020-11-11,USA2P2033760,"3,350",24,362756358,123477,16148100,72,28737121,359092,125196,39650616,374299600,98142716,13,1160,86,4,1227,7,21129445,7524,579324,1
Yana Yana,Yana Yana,Semicenk,2023-02-03,DGA082298936,"3,353",24,141236846,15605,2248819,65,167722502,502467,47407,2261769,60945277,7986595,7,7925,86,1,1566667,17,12735768,7832,275879,0
CIRCUS MAXIMUS,UTOPIA,Travis Scott,2023-07-28,USSM12305014,"3,366",24,90921914,34656,5338264,64,4568866,49813,1115,253737,1606512,98142716,3,162,86,3,1435,10,215446,247,81523,1
SESSO E SAMBA (feat. Gaia),ICON,Tony Effe,2024-05-22,ITUM72400671,"3,376",24,16883730,865,9889978,69,5016567,51272,182200,26534406,265917250,98142716,19,1580,86,1,677370,24,5,7832,84620,1
Pieces,Pieces,Danilo Stankovic,2020-09-17,QZAKB2006575,"3,367",24,5467217,2314,485008,39,283023,6614,5119677,2672313847,28032695489,424623,3,18,86,15,237120,9,12735768,7832,167985,0
Cama Repetida,Sofrï¿½ï¿½ncia Ou Fuleragem? (Ao Vivo / Part,Leo Santana,2023-11-15,BRUM72300667,"3,387",24,74934765,4740,12977480,67,78522265,428766,1463,57816,1292457,347089830,8,86,86,22,1917238,3,1843,7832,37487,0
Glue Song,Glue Song - Single,beabadoobee,2023-02-15,GBK3W2302568,"3,379",24,209167955,35685,21027013,73,35239823,777957,149730,51782327,275970237,4638734,31,6565,877,5,20043,35,294510,1313,186915,0
Life in Rio,Life in Rio (feat. TOLCHONOV) - Single,Slowboy,2023-03-17,QM4TX2337349,"3,370",24,126698724,18316,17687961,70,59317671,717944,5548,10658836,102518739,98142716,1,1,86,15,237120,5,12735768,7832,456679,1
Iï¿½ï¿½ï¿½m Not Here To Make Friends (feat. Calvin Harris & Jessie ,Gloria,Sam Smith,2023-01-27,GBUM72205420,"3,386",24,146921991,18446,17280612,61,37582359,438887,17397,15319975,351979940,405838581,52,117393,63,22,522491,28,803647,663,813738,0
ýýýýýýýýýýýýýýýýýýýýýýýýýýýýýýýýýýýýýýý,ýýýýýýýýýýýýýýýýýýýýýýýýýýýýýýýýýýýýýýý,fellow fellow,2023-08-29,DGA072377012,"3,378",24,43756807,6019,1678608,61,122496150,488640,182200,13562600,143782439,34456773,10,1347,86,15,237120,17,12735768,7832,90968,0
Distraction,Distraction,Polo G,2022-06-03,USSM12204451,"3,383",24,103549505,45954,8112561,55,40937892,673845,10162,2101769,21878255,513324738,22,3795,35,7,73406,8,6567553,1983,177908,1
VIBE (feat. Jimin of BTS),VIBE,TAEYANG,2023-01-13,KSA002300017,"3,372",24,218831350,14013,18896639,60,144395167,1257935,236412,100972780,595970672,6017263,9,5595,32,7,478895,12,1673206,594,322685,0
Kï¿½ï¿½R,Kï¿½ï¿½R,KAROL G,2023-02-23,USUM72222551,"3,369",24,114323355,16398,4576843,64,97148590,542833,388748,27314002,322572081,98142716,10,1999,12,4,117154,17,9369281,697,352127,0
Bussin (with Rob49),Bussin (with Rob49),Moneybagg Yo,2024-03-29,USUM72403387,"3,368",24,8635035,1798,5447625,67,10028217,114938,182200,26534406,265917250,4441624,13,3,103,3,1339895,18,8250159,1410,119242,1
back to the moon,a Gift & a Curse,Gunna,2023-06-16,USAT22306571,"3,373",24,65374827,33151,5818874,63,30059409,305484,8010,1144996,11013533,161795530,28,206,5,2,71278,6,2576261,1393,203363,1
SAN BENEDETTO,FOREGROUND MUSIC,Ron Gallo,2023-03-03,USKRS2374406,"3,371",24,53305,79,1893,8,260221988,675745,2,91,3074,98142716,28,13,86,15,237120,17,911,7832,854584,0
HACIENDO QUE ME AMAS,EL ï¿½ï¿½LTIMO TOUR DEL M,Bad Bunny,2020-11-27,QMFME2066843,"3,384",24,391087418,53386,13266439,66,367082304,2697123,6576,12303446,88351589,3881,16,10,86,23,26018,2,19231071,3418,897314,1
Little Things,Little Things,Jorja Smith,2023-05-11,QM4TX2344810,"3,380",24,46615691,29693,4972570,54,6255853,83064,250198,50398483,758814572,55794,44,15021,11,10,48863,12,380027,222,591008,0
Dead Man Walking,Dead Man Walking,Brent Faiyaz,2020-09-18,QM24S2006908,"3,382",24,390893607,109900,16744963,66,94620680,974740,29802,58116176,368523039,1642953,32,1122,6,3,8243,6,12496672,4523,927120,1
Mil Preguntas,Mil Preguntas,Q' Lokura,2024-04-11,QM6MZ2414114,"3,385",24,11700613,954,5000862,67,27516261,109140,182200,26534406,265917250,98142716,1,88,86,6,287421,17,12735768,7832,15738,0
La ï¿½ï¿½ltima Vez (Yo Te Per,La ï¿½ï¿½ltima Vez (Yo Te Perdï¿½ï¿½) ,Unknown,2024-05-02,MX2832415361,"3,381",24,239850720,32312,13259481,67,148269610,1257935,182200,26534406,265917250,98142716,28,5954,86,15,237120,17,12735768,7832,1606561,0
Ball If I Want To,Ball If I Want To,DaBaby,2021-06-18,USUM72109804,"3,418",24,216934691,65171,14450198,60,70627607,1101053,245749,133687791,1016363322,41724867,33,8865,94,15,117489,12,46773968,16072,603507,1
As It Was,As It Was (Official Video),Harry Styles,2022-03-31,USSM22200594,"3,410",24,3299082422,1,1,67,148269610,1257935,182200,26534406,265917250,98142716,28,5954,86,15,237120,17,12735768,7832,854584,0
dangerous,dangerous,21 Savage,2024-01-10,USSM12309167,"3,407",24,47098347,15845,17899427,67,1767046,28517,182200,26534406,265917250,98142716,7,198,86,3,32708,12,1307483,186,85831,1
Ensï¿½ï¿½ï¿½ï¿½ame ,Un Verano Sin Ti,Bad Bunny,2022-05-06,QM6MZ2214887,"3,398",24,348372811,52893,6523487,69,106600063,684118,25900,16462263,154007395,99252847,12,1956,86,15,237120,17,8024673,1451,400999,0
Cake By The Ocean - Cover,Tik Toker Popular Playlist,MUSIC LAB JPN,2023-06-01,TCJPW2320943,"3,414",24,1621055370,1,48,67,148269610,1257935,182200,26534406,265917250,98142716,28,5954,86,15,237120,17,12735768,7832,854584,1
Ah-Bop,Ah-Bop,Gene Ess,2022-10-07,USDY42287367,"3,390",24,239850720,1,30,67,359775065,320202,182200,26534406,265917250,98142716,28,1,86,15,237120,17,12735768,7832,854584,0
Tu Perfume,Tu Perfume,Banda MS de Sergio Lizï¿½ï¿½r,2024-02-14,MXB952400003,"3,416",24,18946480,863,5681798,67,48584653,212355,182200,26534406,265917250,140462131,1,2842,84,15,237120,6,3210010,989,124485,0
Chamkeela Angeelesi,"Chamkeela Angeelesi (From ""Dasara"") (Telugu)",Santhosh Narayanan,2023-03-08,INH102303862,"3,417",24,40358575,1358,1211901,55,244162762,1098125,182200,26534406,265917250,1573017,3,8,86,15,237120,6,12735768,7832,34515,0
Hayloft II,Inside (Deluxe),Mother Mother,2022-01-28,CAW112100716,"3,408",24,216252006,55274,8810602,70,164171809,2843492,1195,345600,3837839,90730940,13,7264,14,5,6002,13,2183502,4605,565511,1
Tormenta (feat. Bad Bunny),Cracker Island,Gorillaz,2023-02-24,GBAYE2200465,"3,391",24,197096592,36980,10871819,62,33253817,624663,44998,23983331,327222300,363746,14,14389,33,14,355332,20,2541495,973,509357,1
DIE,KMT,Gazo,2022-07-01,FR9W12215357,"3,393",24,168211673,38142,4366481,62,112307349,619364,380000,66718830,687903274,98142716,40,10122,86,19,581012,13,2128,7832,874725,1
You and Me,Leo,Shubh,2024-01-05,QMFMG2357542,"3,406",24,52919662,3838,3967859,67,58026963,716085,182200,26534406,265917250,29757537,11,113,86,2,5934,5,22851,7832,161254,0
Please Don't Fall In Love With Me,Please Don't Fall In Love With Me,Khalid,2024-04-05,USRC12400865,"3,415",24,32679509,4502,36934463,67,5253434,136619,182200,26534406,265917250,446313,34,1802,30,23,1118319,33,4267828,549,83997,0
El Incomprendido,El Incomprendido,Farruko,2021-09-30,USSD12100701,"3,412",24,186233910,58393,11050675,55,114487705,1160464,51939,5919470,95822904,6639701,46,51359,24,23,365413,19,22544548,5093,2989432,1
Guay,Guay,Ozuna,2024-04-18,QM6MZ2440135,"3,392",24,25134764,3004,39535866,73,7120990,109558,182200,412,3319,2563216,22,2941,86,23,2273951,21,955530,51,104141,0
Broke Boys,Her Loss,Drake,2022-11-04,USUG12208608,"3,399",24,143220845,57819,6493900,61,17892665,186286,8535,2306269,26577093,98142716,4,57,8,3,2699,12,11161976,2938,333934,1
SMOKE IT OFF!,SMOKE IT OFF!,Lumi Athena,2022-11-22,QZTB32217762,"3,389",24,185817317,28912,4118167,69,115720244,1632608,125310,30612777,237465039,20301,1,5954,86,1,12642,17,661275,2151,675371,1
Night Bus,Night Bus,KIDS,2022-12-09,DGA072230399,"3,401",24,5316,9,219,67,307185270,750059,182200,26534406,265917250,98142716,28,1,86,15,237120,17,12735768,7832,3,0
bad idea right?,bad idea right?,Olivia Rodrigo,2023-08-11,USUG12305006,"3,413",24,432831676,2667,913630,67,148269610,1257935,182200,26534406,265917250,98142716,14,98159,86,4,28068,17,12735768,7832,854584,0
Corazï¿½ï¿½n F,Corazï¿½ï¿½n Frï¿½ï¿½o ,Jasiel Nuï¿½ï,2023-10-12,QMDA72384363,"3,420",23,79485128,6458,10455834,67,53649480,398179,5556,2005258,13574747,98142716,4,5954,86,2,70889,5,2343674,370,399160,0
Ramen & OJ,Ramen & OJ,Joyner Lucas,2021-04-30,QZES92173120,"3,423",23,260117606,92337,16647767,63,104323081,1049129,10100,1200633,12058693,192238093,18,1030,6,8,1413471,6,17681699,10893,1320861,1
Arhbo [Music from the FIFA World Cup Qatar 2022 Official Soundtrack],Arhbo (Music from the Fifa World Cup Qatar 2022 Official Soundtrack) [feat. FIFA Sound] - Single,Ozuna,2022-08-19,QZNMV2235460,"3,427",23,49549021,10601,3845428,33,119899690,1194687,1100000,183128923,3499011841,75508012,5,10656,86,4,159369,3,118911,689,1090933,0
MEGAVERSE,ROCK-STAR,Stray Kids,2023-11-10,US5TA2300150,"3,426",23,71016852,6500,2233993,67,68206031,1896395,182200,1691624,6003993,46394991,1,77,86,1,21714,17,556367,1174,120216,0
Come See Me,Come See Me - Single,Rod Wave,2023-09-01,USQX92305090,"3,428",23,28876525,6626,1303808,67,22591925,181723,22448,3568216,28824932,174302192,8,52,86,8,245881,12,3335211,3246,102901,1
Cool With You,NewJeans 2nd EP 'Get Up',NewJeans,2023-07-21,USA2P2330072,"3,425",23,165916276,17423,3301778,70,52705822,887461,43015,13217486,92644726,9441934,6,4205,31,3,65546,30,570444,456,139260,0
Dark Matter,Dark Matter,Pearl Jam,2024-02-13,USUG12309749,"3,430",23,11776885,2274,7617471,67,1925268,46321,182200,26534406,265917250,3129371,21,48334,45,12,112918,21,1653373,573,154162,0
GTA.mp3,GTA.mp3,Emilia,2023-09-07,USSD12300253,"3,429",23,103722826,13322,11067087,67,55495034,291171,90830,8610012,81845600,413657,16,7582,251,22,447202,17,152649,7832,105207,0
WAKE UP!,WAKE UP!,MoonDeity,2022-08-05,QM6N22283397,"3,435",23,152307497,35409,17925243,67,154243444,1898082,20600,13109944,120806447,21795577,10,5954,86,2,83044,17,612716,648,1106286,1
ECHOES: Cala Boca Menino,Echoes,Fire! Orchestra,2023-04-14,NOFGR2331100,"3,438",23,11960,69,4543,2,234911523,836587,182200,26534406,265917250,98142716,28,7,86,15,237120,17,12735768,7832,854584,0
Down Bad,THE TORTURED POETS DEPARTMENT,Taylor Swift,2024-04-18,USUG12401049,"3,437",23,210385853,418,1952536,67,148269610,1257935,182200,26534406,265917250,98142716,69,7,86,9,51872,17,12735768,7832,854584,0
Muï¿½ï¿½,Muï¿½ï¿½ecas - Si,TINI,2023-01-12,USHR12244823,"3,440",23,162551255,20554,11413592,57,159174916,713718,182200,26534406,265917250,5714999,13,6446,270,23,190116,29,355966,99,854584,0
"BESAME (feat. Tiago PZK, Khea & Neo Pistea) - Remix","BESAME (feat. Tiago PZK, Khea & Neo Pistea) [Remix]",Bhavi,2024-04-16,BK4DA2410627,"3,444",23,66225764,4531,17931371,78,148269610,1257935,182200,26534406,265917250,98142716,6,332,86,4,286644,9,12735768,7832,103512,1
LOCO,CRAZY IN LOVE,ITZY,2021-09-24,US5TA2100051,"3,451",23,259023338,21380,4116327,63,381462973,6675316,134789,161181653,909400567,140676480,13,1395,136,1,492,19,1484382,1278,854584,0
Life's A Mess (feat. Halsey),Life's A Mess (feat. Halsey),Juice WRLD,2020-07-06,USUG12002091,"3,442",23,319737440,63731,10636802,61,108796209,1558911,8422,1394175,11172071,436544,20,99,86,9,94300,6,31215577,10159,375289,1
Have Mercy,Have Mercy,Chlï¿½,2021-09-10,USSM12105357,"3,445",23,202781631,32888,14372026,60,1271445,21984,673047,323827842,2410282562,4761746,44,119001,1447,14,77824,35,67145429,19010,1690643,1
Cake By The Ocean - Cover,FOLIAGE PLANT selected by KIKO,epi records,2023-02-16,TCJPU2357716,"3,537",23,1614203949,1,13259481,67,148269610,1257935,182200,26534406,265917250,98142716,28,5954,86,15,237120,17,12735768,7832,854584,1
Bad Decisions (with BTS & Snoop Dogg),Bad Decisions (with BTS & Snoop Dogg),benny blanco,2022-08-05,USUM72210832,"3,449",23,259730016,21452,21180923,62,102357127,3788945,168727,98491449,597069529,3913529220,37,86708,51,17,489652,25,9835348,1046,858779,0
Yebbaï¿½ï¿½ï¿½s Hear,Certified Lover Boy,Drake,2021-09-03,USUG12104407,"3,448",23,349849639,81889,12970647,71,59701089,650033,96428,61939371,352584596,21631984,13,12,8,6,175258,3,6377789,7857,1419180,1
Drums (Feat. Kim Petras),Drums (Feat. Kim Petras),James Hype,2023-10-06,GBUM72308471,"3,434",23,48573000,12116,42703266,67,10575780,130509,583,184636,7526758,49677185,26,49396,176,33,548530,17,424106,177,773165,0
El Avioncito,El Avioncito,Giblack,2021-10-28,ESA 11561085.00,"3,447",23,11569095,3147,419656,41,134929794,751052,2517500,382042979,5210740180,3330686,4,1816,86,3,53234,17,31084,610,226882,0
Handle On You,Handle On You,Parker McCollum,2022-08-05,USUM72211050,"3,439",23,103858433,17543,4890850,63,23571548,127913,5710,2180810,32959012,349600,18,203279,31,2,87391,16,35876540,3647,481957,0
"Non, je ne regrette rien",Edith Piaf Essentials : The Greatest Hits of the Most Popular French Singer,ýýdith Piaf,2024-05-07,FR6F32336520,"3,433",23,168750749,1,1,19,148269610,1257935,182200,26534406,265917250,98142716,28,5954,86,15,237120,17,12735768,7832,854584,0
Montagem - Pr Funk,Montagem - Pr Funk - Single,BARATO NATION,2023-12-27,IEWNY2348674,"3,867",23,332936854,6,22,67,148269610,1257935,182200,26534406,265917250,98142716,28,5954,86,15,237120,17,12735768,7832,854584,0
White Tee (with NO1-NOAH),Life On Earth - EP,Summer Walker,2020-07-10,USUM72013570,"3,474",23,277094824,75966,16182804,63,118824965,1513533,299390,71831644,537618525,86473375,18,868,36,10,50742,17,8138349,14923,3474234,1
ýýýýýýýýýýýýýýýýýýýýýýýýýýýýýýýýýýýýýýýýýýýýýýýýýýýýýýýýýýýýýýýýýýýýýýýýýýýýýýýýýýýýýýýýýýýýýýýýýýýýýýýýýýýýýýýýýý,ýýýýýýýýýýýýýýýýýýýýýýýýýýýýýýýýýýýýýýýýýýýýýýýýýýýýýýýýýýýýýýýýýýýýýýýýýýýýýýýýýýýýýýýýýýýýýýýýýýýýýýýýýýýýýýýýýý - Single,TaitosmitH,2024-03-26,THG012400089,"3,462",23,2759335,248,177260,67,40796081,268043,182200,26534406,265917250,98142716,4,55,86,15,237120,17,12735768,7832,17660,0
ýýýýýýýýýýýýýýýýýýýýýýýýýýýýýýýýýýýýýýýýýýýýýýýýýýýýýý,ýýýýýýýýýýýýýýýýýýýýýýýýýýýýýýýýýýýýýýýýýýýýýýýýýýýýýý,ýýýýýýýýý ýýýýýýýýýýýýýýýýýýýýý,2023-10-05,THSOH2308099,"3,455",23,3872,5,3,67,148269610,1257935,917800,4413567,135542729,98142716,28,5954,86,15,237120,17,12735768,7832,146,0
La Llevo Al Cielo (Ft. ï¿½ï¿½engo F,La Llevo Al Cielo (Ft. ï¿½ï¿½engo F,Chris Jedi,2022-05-20,USUM72201829,"3,471",23,411006233,63319,20006639,67,6186421,60126,182200,26534406,265917250,98142716,29,19221,60,12,1978603,21,18018765,2734,1029664,1
Too Easy,Too Easy,Gunna,2021-09-24,QMCE32100757,"3,452",23,133039977,69577,7803085,54,21842375,250732,33573,29171201,241202185,27878588,17,19365,401,3,7731,9,15478634,3139,216542,1
Take Two,Take Two,BTS,2023-06-09,USA2P2323050,"3,461",23,259288333,9472,17478821,69,40948018,2324228,432500,93022348,503776050,98142716,36,10787,4,9,91422,18,1416625,486,320367,0
Water (Remix),Water (Remix) - Single,Tyla,2023-11-17,USSM12308549,"3,473",23,51588608,14616,7031379,67,148269610,1257935,28200,1366281,18843138,98142716,28,23379,86,11,41131,12,2832393,1084,274717,0
Mati-Matian,Mati-Matian - Single,Mahalini,2024-03-29,QZZNV2400046,"3,472",23,52510463,992,9607115,76,27329009,200501,182200,26534406,265917250,98142716,9,746,86,15,237120,17,12735768,7832,12270,0
Live Another Day,Phonkageddon,Kordhell,2021-08-27,QZMEM2171029,"3,470",23,283108875,69176,20246527,66,147447678,1916013,115000,93038797,1067856594,56188,14,1,86,3,91280,1,2893729,1198,1365064,1
Ana Ghaltan,Cigara,Bahaa Sultan,2021-12-27,EGA092200106,"3,468",23,8316794,1342,217990,47,148269610,1257935,173,15714,307818,98142716,28,631,86,1,2094,17,12735768,7832,8447,0
Sexo Virtual,VICE VERSA,Rauw Alejandro,2021-06-25,USSD12100294,"3,460",23,293361823,61096,10057845,66,141862016,1051171,678500,156741590,1336043098,8383884,58,1054,86,10,582123,2,7467616,1862,717742,1
"Nï¿½ï¿½o, Nï¿½",Piseiro Sofrï¿½ï¿½,Mari Fernandez,2021-04-29,BCFWR2100002,"3,469",23,158404124,19033,5413126,51,156298379,1025633,2418608,89218584,927182106,218620029,32,5312,86,27,134250,4,1380,4,854584,0
ýý ýýýýýýýý ýýýýýýýýýý,ýý ýýýýýýýý ýýýýýýýýýý,Moreart,2020-12-04,FR26V2072992,"3,475",23,60358583,32582,1788403,50,43371351,749082,3001121,650159397,8680132146,994101,4,340,86,15,237120,3,2287886,1511,3413948,1
Ali Cabbar,Parti ï¿½ï¿½,Emir Can ï¿½ï¿½ï,2023-06-02,TRAUR2300024,"3,467",23,63442980,10414,1765706,58,127252829,552569,84400,3171710,108671025,4788783,7,4502,86,15,237120,17,12735768,7832,224773,0
Clouds,Clouds - Single,BUNT.,2023-01-12,QZTBB2202743,"3,459",23,149986283,48038,50298372,63,9500978,157127,369,686653,13195696,5469007,31,11060,185,40,658774,11,2277841,391,668816,0
Let Your Boys Be Country,Let Your Boys Be Country,Jason Aldean,2023-08-25,QMRSZ2301462,"3,456",23,21485335,4032,1727967,1,5878965,68296,7812,786980,9858141,151380225,9,85293,8,15,237120,11,28859182,1470,92321,0
Spin You Around (1/24),Spin You Around (1/24),Morgan Wallen,2024-01-26,USUG12400786,"3,453",23,77564567,7109,6908240,67,148269610,1257935,182200,26534406,265917250,98142716,23,4805,86,8,1666518,15,18934813,5191,115609,0
Solo Me Dejaste,Solo Me Dejaste,Grupo Marca Registrada,2022-07-08,USDXS2202170,"3,454",23,175374235,19506,8147122,66,236220298,1251377,32800,18078777,146435027,98142716,4,104,86,15,237120,17,12750592,2203,460868,0
Jingle Bell Rock,"Essential Classics, Vol. 141: Bobby Helms",Bobby Helms,2023-11-03,ES31E2304202,"3,478",23,964357785,2,21523,67,148269610,1257935,182200,26534406,265917250,98142716,28,5954,86,15,237120,17,12735768,7832,854584,0
Nail Tech,Nail Tech,Jack Harlow,2022-02-18,USAT22200223,"3,497",23,224376030,65837,16010323,56,67524036,880646,28152,15485348,205572867,491741705,28,28104,103,17,45115,9,10975482,3861,581658,1
The Summoning,The Summoning - Single,Sleep Token,2023-01-06,GBUM72200352,"3,484",23,135976140,41454,4335379,69,37952419,465940,3074,1344946,14785534,6852259,22,3782,3,1,1382,2,2998363,3325,390413,0
TROLLZ (with Nicki Minaj),TROLLZ (with Nicki Minaj),6ix9ine,2020-06-12,QZA742002508,"3,481",23,169376113,37282,5544584,2,485978356,7474199,481594,84039891,728033853,309404629,12,5773,86,5,22966,17,4875023,8123,1192023,1
Un Verano Sin Ti,Un Verano Sin Ti,Bad Bunny,2022-05-06,QM6MZ2214895,"3,495",23,360149048,49439,8856237,69,94595491,955663,32000,21771827,154135701,31810445,11,681,86,15,237120,2,14011928,17893,290721,0
Mi Morenita,Mi Morenita - Single,Grupo Marca Registrada,2024-05-24,USA2P2432334,"3,494",23,8104357,456,36732009,68,9180171,67291,182200,26534406,265917250,98142716,3,5954,86,1,33919,17,12735768,7832,23137,0
Get A Guitar,Get A Guitar,RIIZE,2023-09-04,KRA302300278,"3,485",23,67887030,5721,6337730,67,106807094,1208052,32698,61647208,430468374,617159135,7,1289,86,3,229974,10,49008,152,170700,0
Birds In The Sky,Birds In The Sky - Single,New Era,2023-12-08,GBAHT2301496,"3,480",23,21664308,2953,13358420,67,148269610,1257935,182200,26534406,265917250,98142716,22,7422,86,14,2501861,31,12735768,7832,126086,0
How You Feel (Ft. Leven Kali),How You Feel (Ft. Leven Kali),ANOTR,2024-04-19,USZXT2454115,"3,490",23,9591249,4565,35057668,67,339265,6058,182200,26534406,265917250,98142716,16,3654,3,19,345819,36,4695,19,80244,0
Hang Tight Honey,Hang Tight Honey,Lainey Wilson,2024-05-13,QMRSZ2400819,"3,482",23,2378738,544,2536543,67,261611,5555,182200,26534406,265917250,98142716,12,11504,3,2,251953,37,2043207,278,31828,0
Bar,Bar,TINI,2021-11-11,USHR12142718,"3,487",23,231155441,33491,8783650,54,314218837,1831905,155,4004,72618,55444647,22,6476,297,11,86670,11,142174,205,313366,0
ýýýýýýýýýýýýýýýýýýýýýýýýýýýýýýýýýýýý,ýýýýýýýýýýýýýýýýýýýýýýýýýýýýýýýýýýýý,YOUNGOHM,2023-01-25,FR10S2319442,"3,498",23,17745591,2837,283039,47,172379457,1396751,583900,62524027,749416523,98142716,6,32,86,15,237120,17,12735768,7832,62461,1
Case,Ghost,Diljit Dosanjh,2023-09-29,TCAHK2379738,"3,479",23,48353674,7078,4725307,67,97635698,720820,182200,357879,5805614,30508935,8,369,86,15,237120,7,66498,64,69548,0
Apa Fer Milaange,Apa Fer Milaange,Savi Kahlon,2023-12-15,INC622212231,"3,491",23,29171226,1511,3365447,67,84972873,1156897,182200,26534406,265917250,182268973,1,5954,86,15,237120,8,12735768,7832,854584,0
Socadona (feat. Mr. Vegas),Socadona (feat. Mr. Vegas),LUDMILLA,2021-11-18,BRWMB2100422,"3,493",23,74338196,12229,3938315,45,85204123,792210,2417878,167650207,2134165382,428427646,18,2717,2,33,156530,9,183,7832,203455,0
As It Was,As It Was - Single,Hundreds,2023-03-24,DETO32300012,"3,483",23,479006,111,76454,30,236027939,2149041,182200,26534406,265917250,7225289,1,161,86,1,2451,17,12735768,7832,854584,0
Sial,fï¿½ï¿½,Mahalini,2023-01-23,FR10S2380774,"3,525",23,324327622,13022,4228094,75,97061421,500989,449308,131329737,1614389086,45212529,8,5387,86,15,237120,17,12735768,7832,97349,0
Pelele,Pelele,Morad,2021-12-24,QMFMF2131945,"3,508",23,153262121,62043,3300200,64,105229861,923515,360974,61225741,777095126,95438,11,4605,18,2,26431,5,6486,7832,631030,0
"Ishq Jaisa Kuch (From ""Fighter"")","Ishq Jaisa Kuch (From ""Fighter"")",Vishal-Shekhar,2023-12-22,INS182303704,"3,519",23,26192177,1252,1466065,67,83675431,568393,182200,26534406,265917250,331489524,6,799,86,15,237120,13,12735768,7832,53388,0
CAROLINA,MAï¿½ï¿½ANA SERï¿½ï¿,KAROL G,2023-02-24,USUM72222553,"3,517",23,89487508,7595,3622886,66,64767621,301091,896706,29472860,466245707,1327214,5,310,86,1,238980,8,6070386,1591,186834,0
Do It,VULTURES 1,Kanye West,2024-02-09,QZ7XS2400007,"3,503",23,58509914,11523,11610664,67,971307,26740,182200,7537500,62692000,98142716,3,2925,86,15,237120,17,12735768,7832,92765,1
Mtg Quero Te Encontrar,Mtg Quero Te Encontrar,DJ LG PROD,2024-02-23,USLZJ2475867,"3,518",23,95980260,6191,39878495,79,16013821,177114,182200,26534406,265917250,1136738,7,5954,86,29,15563020,18,12735768,7832,24463,0
Umbrella (with 21 Savage & Young Nudy),HEROES & VILLAINS,Metro Boomin,2022-12-02,USUG12208786,"3,521",23,134971918,58239,5643840,64,8374578,77621,5871,5401097,34056492,98142716,5,248,10,15,237120,5,2207651,597,854584,1
Pï¿½ï¿½i,Pï¿½ï¿½i naa - Si,Babasha,2024-06-01,ROGRA2400380,"3,522",23,881858,75,194541,53,7429733,106911,182200,26534406,265917250,98142716,1,5954,86,1,128640,17,12735768,7832,11206,0
Paro - Speed Up,Paro (Speed Up),Nej,2021-05-20,FRX282231651,"3,512",23,92866817,20834,6538674,53,510081,8586,3196641,483475908,6637149421,98142716,3,3,86,15,237120,17,12735768,7832,1728511,1
"Burn, Burn, Burn","Burn, Burn, Burn",Zach Bryan,2022-09-08,USWB12205041,"3,501",23,261905370,42715,5866774,75,23316855,136558,12980,2406657,16825671,19844,14,45,86,2,9767,16,20283919,8607,345080,0
Saving Up,Saving Up,Dom Dolla,2023-10-06,USQX92305379,"3,516",23,68053989,21585,55905413,67,1482245,22209,7007,3086204,48264636,1223,34,273,145,30,606241,22,375025,411,337132,0
Headshot (feat. Polo G & Fivio Foreign),Headshot,Lil Tjay,2021-03-19,USSM12101091,"3,502",23,331506695,116321,15413876,65,22151531,381423,24736,13454627,89324319,3032466,38,4038,86,7,224129,3,9501580,5239,363790,1
LLYLM,LLYLM,ROSALï¿½,2023-01-27,USSM12300114,"3,513",23,163400564,25380,8516973,60,37506561,368510,14073,8297832,107127704,58633125,75,70787,9,36,410250,33,773952,7832,1343247,0
Levels,Levels (feat. Sunny Malton),Sidhu Moose Wala,2022-05-25,INU252204222,"3,510",23,146988095,16234,2550626,59,262992730,4331524,274492,4894124,69189680,826816,8,259,86,15,237120,3,99964,7832,366308,1
If You're Happy and You Know It (Clap Your Hands),Circle Time Singalong,CoComelon,2022-06-10,UKP3G2004606,"3,514",23,433037,120,15324,20,386932138,889910,182200,26534406,265917250,34561,4,1,86,15,237120,17,418696,737,854584,0
ART,TYLA,Tyla,2024-03-01,USSM12308662,"3,507",23,46863836,3984,25998283,67,17633827,366176,182200,164042,2574072,135441443,45,5608,16,32,505601,69,2186273,832,221323,0
Let's Love,Let's Love,Sia,2020-09-11,UKWLH2000001,"3,509",23,222571023,44252,11141387,57,68547283,647482,851690,20613081,221346418,13295182,102,229947,86,73,896662,22,1541516,605,5019153,0
DASH,Fe3O4: BREAK,NMIXX,2024-01-15,US5TA2300179,"3,530",23,40620097,2870,8114713,11,59080794,673001,182200,211047,1553400,564484545,7,940,18,6,193205,15,82843,88,47823,0
Vampiro,Vampiro,Matuï¿,2022-03-29,BXW922100034,"3,527",23,250112783,37790,7871652,67,207570990,2206717,77011,12026795,81406851,27177813,18,250,86,29,251363,5,12735768,7832,124505,0
Another Late Night (feat. Lil Yachty),For All The Dogs,Drake,2023-10-06,USUG12306086,"3,535",23,61355849,24182,4216247,67,11131343,254050,5211,1366663,16120565,191669953,2,276,31,15,237120,17,636999,476,141072,1
Fire - Official UEFA EURO 2024 Song,Fire (Official UEFA EURO 2024 Song),MEDUZA,2024-05-10,GBUM72402016,"3,542",23,10114922,1567,19516267,74,148269610,1257935,182200,26534406,265917250,98142716,38,7781,86,39,1549640,93,317663,14,97199,0
Delincuente,Delincuente,Tokischa,2022-08-19,RDRAY2200003,"3,541",23,190095480,35863,12100534,68,83772680,753857,358618,88295849,801557207,65010,17,256,86,4,69817,17,2203900,2615,1258357,1
Never Lose Me (feat. SZA & Cardi B),"Fine Ho, Stay",Flo Milli,2024-03-15,USRC12400579,"3,531",23,30301728,2993,12990773,67,148269610,1257935,182200,26534406,265917250,98142716,34,13668,86,19,446756,57,5212163,1607,165367,1
Kernkraft 400 (A Better Day),Kernkraft 400 (A Better Day),Topic,2022-06-17,DECE72201091,"3,543",23,171920896,41774,34142715,65,14115131,142485,5176,2927375,51987916,1823310,39,124290,86,43,1531127,20,763822,224,1861356,0
SORRY NOT SORRY,CALL ME IF YOU GET LOST: The Estate Sale,"Tyler, The Creator",2023-03-31,USQX92301939,"3,536",23,98301770,40539,4631003,63,30136123,792334,4786,2486105,19817648,795416,4,276,86,5,47877,17,496043,1072,120860,1
CYBERTRUCK,nadie sabe lo que va a pasar maï¿½ï¿,Bad Bunny,2023-10-13,QMFME2364186,"3,540",23,99022909,18212,7936625,67,14594444,227707,182200,26534406,265917250,98142716,8,378,86,15,237120,4,2375239,611,240886,1
"Sher Khul Gaye (From ""Fighter"")","Sher Khul Gaye (From ""Fighter"")",Vishal-Shekhar,2023-12-15,INS182303636,"3,528",23,22277518,1494,2272746,67,86835991,726713,182200,26534406,265917250,1418486214,9,572,86,15,237120,11,12735768,7832,53230,0
"Tiago PZK: Bzrp Music Sessions, Vol. 48","Tiago PZK: Bzrp Music Sessions, Vol. 48",Bizarrap,2021-12-29,UYB282101025,"3,539",23,454467751,75230,11893074,67,35155712,250394,2,2248,13072,98142716,18,21338,86,8,55493,9,16653,94,826070,0
Hands up!,Hands up!,6arelyhuman,2022-12-10,QZTB32254226,"3,533",23,144555119,30542,5116146,5,26566933,480339,160061,60350179,381921701,98142716,28,5954,86,15,237120,17,570698,2783,544824,1
Buenas,Buenas,Quevedo,2023-09-22,BK4DA2318657,"3,529",23,108163942,22023,7264376,67,17211451,202291,12100,1978266,23664790,1117763,9,5991,86,8,327123,7,67514,23,130949,0
STUPID IN LOVE (feat. HUH YUNJIN of LE SSERAFIM),STUPID IN LOVE (feat. HUH YUNJIN of LE SSERAFIM) - Single,MAX,2024-02-09,USWB12400075,"3,537",23,72492332,5624,10655675,67,19013959,630558,182200,26534406,265917250,1025963249,20,1971,22,9,73615,14,6020190,1002,193722,0
Put Your Records On,Put Your Records On,Ritt Momney,2020-04-24,USQX92004148,"3,561",23,600521313,79793,18207064,65,50025071,705508,11463,10517561,79947183,1703122,95,169082,400,35,199939,15,74483821,22547,2448945,0
Bachpan Ka Pyaar,Bachpan Ka Pyaar,Badshah,2021-08-11,INUM72100052,"3,565",23,25893883,3377,711026,46,535109576,7807029,182200,26534406,265917250,159702368,2,664,86,1,509,7,759,7832,88942,0
GIRL LIKE ME,Translation,Black Eyed Peas,2020-06-18,USSM12003440,"3,547",23,529404392,74777,20137742,62,53885408,433692,196204,74062960,583303862,98142716,111,125643,16,65,1728539,36,61848715,25690,4139682,1
Blinding Lights - Instrumental,Blinding Lights,The Weeknd,2020-09-11,USUG12003586,"3,553",23,5191059,1333,1102247,32,685599294,5046214,86612,34207191,490367040,18293,1,495,86,15,237120,17,75074,1303,854584,0
Wildest Dreams (Taylor's Version),Wildest Dreams (Taylor's Version),Taylor Swift,2021-09-17,USUG12103658,"3,550",23,732118596,62990,35314187,69,31242374,533953,182200,26534406,265917250,98142716,74,24287,86,11,293175,59,47562205,14217,982971,0
Rock My Body,Rock My Body (with INNA & Sash!),R3HAB,2023-04-28,AEA2D2300315,"3,545",23,155454907,26701,54553074,73,49199015,427756,535,81509,2164944,342422383,35,5954,2,52,2671845,11,17898,72,1341106,0
TWINNEM,TWINNEM,Coi Leray,2021-09-20,USUM72115284,"3,557",23,34116353,10084,1619073,42,73393043,1278586,2426688,716422698,6661617341,305361285,10,966,1051,4,4708,8,13112166,6871,1061424,1
Mood,Mood,Makar,2022-08-05,QZMEN2295194,"3,551",23,86132200,50326,3786319,55,43654805,405433,204570,22270479,397336191,12171024,12,19437,86,5,54477,2,327586,92,1548192,1
TU$$I (with Dei V),TU$$I (with Dei V),YOVNGCHIMI,2023-10-20,QZWA32200398,"3,549",23,94305899,11356,9053525,72,48837884,316446,24000,8394951,73323706,181125928,6,16,86,2,28415,5,349115,82,203793,1
"Duki: Bzrp Music Sessions, Vol. 50","Duki: Bzrp Music Sessions, Vol. 50",Bizarrap,2022-11-16,UYB282201029,"3,554",23,158017957,35544,6481114,62,112378481,3043988,33800,25195709,227308261,1218277,8,2244,86,10,164441,14,12735768,7832,137614,0
Tell Me What You Want,Tell Me What You Want - Single,Oden & Fatzo,2024-06-14,GBCPZ2423268,"3,546",23,239850720,8,3490536,67,148269610,1257935,182200,26534406,265917250,98142716,6,5954,86,4,6379165,6,12735768,7832,854584,0
KABUKI,KABUKI,Cuckoo Coco,2023-03-25,AUMEV2314402,"3,544",23,239850720,32312,13259481,67,254288195,617991,182200,26534406,265917250,98142716,28,18,86,15,237120,17,12735768,7832,854584,1
Sin Seï¿½ï,Sin Seï¿½ï,Quevedo,2022-07-22,ZZOPM2235984,"3,559",23,281829019,58130,8587722,62,49681285,476250,182200,26534406,265917250,309611524,14,4820,86,8,26602,2,110512,7832,479341,0
Mejor Que Yo,Mejor Que Yo - Single,Anuel AA,2023-05-04,QM6N22374183,"3,552",23,81623095,18046,6605054,59,109132919,1146510,182200,26534406,265917250,98142716,18,3065,86,2,4440,18,3900142,880,231295,1
Evoque Prata,Evoque Prata,MC MENOR HR,2022-09-09,BCA2A2200128,"3,595",23,224150665,33067,14383640,58,105711690,630231,330044,15466674,279699428,176591291,7,648,86,33,191110,5,12735768,7832,300617,1
Last Heartbreak Song,The Year I Turned 21,Ayra Starr,2024-05-30,USUG12402960,"3,580",23,6073281,592,22270490,67,3597876,151835,182200,26534406,265917250,32844745,61,184,86,17,1458694,65,126908,23,102468,0
Pakistan,Pakistan,D-Block Europe,2023-06-29,USZXT2351612,"3,594",23,43844757,25855,2553452,56,15389226,98631,182200,30,1420,294,10,1580,86,6,248548,6,304,14,101226,1
Beat the Odds,Beat the Odds,Lil Tjay,2022-08-26,USSM12207337,"3,575",23,115581471,49847,5823632,60,46251839,946512,19042,11669063,93356963,231265850,16,38261,1424,8,48742,7,8878298,2816,359642,1
Barely Breathing,Barely Breathing,Grant Averill,2021-10-22,TCAFW2108079,"3,582",23,1479227,616,19001,22,105953,2195,3501522,290886962,5235190320,98142716,28,30,86,15,237120,17,12735768,7832,126537,0
"You're On Your Own, Kid",Midnights,Taylor Swift,2022-10-21,USUG12205711,"3,585",23,587555589,34908,21579957,72,43130763,357803,77652,54962930,342958656,98142716,13,1087,2,3,22755,9,7967496,5328,364310,0
ýýýýýý ýýýýýýýýýýýý ýýýýýýýýýýýý (My head is spinning like a screw),ýýýýýý ýýýýýýýýýýýý ýýýýýýýýýýýý,kostromin,2021-02-02,QM4TW2159341,"3,578",23,116542329,41062,3658542,8,115229170,2436482,1844500,547119599,3964454629,1169307,9,1,86,3,3117,17,1082032,1887,3536203,1
Already Rich,Already Rich,Yeat,2023-05-03,USUM72306884,"3,592",23,156047755,31578,4170271,70,13251602,156992,195434,26190022,273007809,83289,1,12,507,15,237120,17,637800,1448,252675,1
Bandana,Bandana - Single,Shubh,2024-03-29,INW262400703,"3,576",23,41479958,1644,5818260,72,25606311,481855,182200,26534406,265917250,98142716,14,95,86,15,237120,6,10806,2,60404,0
ýýýýýýýýýýýýýýý,ýýýýýýýýýýýýýýý,Mrs. GREEN APPLE,2024-04-11,JPPO02401026,"3,573",23,26222603,921,7492428,74,23049880,275676,6375,26534406,265917250,98142716,30,255,86,15,237120,3,26690,7832,59611,0
exile (feat. Bon Iver),folklore,Taylor Swift,2020-07-24,USUG12002838,"3,572",23,757789027,81489,55181767,72,144150389,1468017,177809,72512284,553360638,14052190,70,10081,62,19,115184,45,25760635,23011,1831311,0
THE GIRLS - BLACKPINK THE GAME OST,THE GIRLS (BLACKPINK THE GAME OST),BLACKPINK,2023-08-25,KRA402300038,"3,596",23,116539504,7964,8670175,62,92628391,2102936,30,204176,870565,41655609,7,4506,86,13,253740,24,1084444,941,220900,0
Raja Ji,Raja Ji,Pawan Singh,2023-06-30,ING642304903,"3,581",23,27244358,456,263080,61,175350809,995898,182200,26534406,265917250,29757537,28,5954,86,15,237120,17,12735768,7832,12266,0
ýý ýýýýýýýýýý,ýý ýýýýýýýýýý - Single,A.V.G,2023-07-17,DGA062340713,"3,593",23,10694922,5363,288263,50,120681039,653249,182200,762205,16374449,292889844,7,5954,86,15,237120,17,12735768,7832,1593368,0
HIND'S HALL,HIND'S HALL,Macklemore,2024-05-10,ZZOPM2445925,"3,589",23,22463244,2291,2406268,73,2237688,147286,182200,111800,272100,98142716,6,985,86,3,1686021,1,98723,229,86524,1
I'm Geekin,I'm Geekin,DDG,2023-04-21,USSM12302214,"3,584",23,76004507,24334,3477076,60,9862592,231074,480208,182882813,1467434192,203939429,9,15042,351,10,94029,17,1710046,1518,132370,1
Hey Lil Mamï¿,Sol Marï¿½,Eladio Carrion,2024-01-19,QMFMG2346935,"3,574",23,77975794,7057,10565513,71,27130599,231540,182200,26534406,265917250,110197195,11,1124,3,9,72838,9,554815,328,262176,0
Sunrise,One Thing At A Time,Morgan Wallen,2023-03-03,USUG12300812,"3,579",23,104516305,16554,1412703,67,44535669,284688,32776,2219054,23849216,98142716,3,155,86,15,237120,17,68775651,10824,153036,0
Para de Mentir,Para de Mentir,Oruam,2023-11-16,BCM9A2300096,"3,569",23,44091443,4971,5768959,67,81099679,575459,182200,226237,1998040,349814773,28,5954,86,16,466460,8,12735768,7832,854584,0
TRYNA MAKE SURE,TRYNA MAKE SURE,Moneybagg Yo,2024-05-03,USUM72404717,"3,591",23,5588636,1252,7389987,67,5680064,87918,182200,26534406,265917250,191383970,17,2,27,3,1369715,18,4153458,165,32511,1
Yo Ya No Vuelvo Contigo - En Vivo,Viva Mï¿½ï¿½xico (En V,Grupo Firme,2020-11-25,QZDQH1908793,"3,587",23,1969714,502,83027,29,678412558,2502471,2322,547396,10405552,17029446,28,5954,86,15,237120,3,516773,1499,854584,0
Bertahan Terluka,Bertahan Terluka - Single,Fabio Asher,2022-02-02,SGB502203331,"3,603",23,171663870,10620,2901653,4,169981704,823356,1446616,315673377,4039554717,2312695,5,2475,86,15,237120,17,12735768,7832,89958,0
if looks could kill,if looks could kill,Destroy Lonely,2023-03-03,USUM72302654,"3,618",23,88771696,46086,4886494,62,11580205,273458,3641,2217176,13785559,2668776,3,27,35,15,237120,7,306963,838,456300,1
Save Me The Trouble,"Save Me The Trouble, Heartbreak On The Map, Bigger Houses",Dan + Shay,2023-07-14,USWB12302904,"3,616",23,28945482,3303,2239918,52,148269610,1257935,2424,90595,1916491,98142716,10,141650,2,3,88393,13,13593333,1095,219049,0
Marisola - Remix,Marisola (Remix),Cris Mj,2022-12-15,CLA1D2200030,"3,621",23,325264193,47780,22081093,70,148269610,1257935,28194,7137722,83764776,98142716,9,18164,20,18,549718,24,590914,374,854584,1
Alone (with Nicki Minaj),Alone,Kim Petras,2023-04-21,USUG12302442,"3,622",23,79045342,18284,6628769,55,34142538,565870,19430,9297727,105037367,711554335,42,61153,858,18,214894,44,12737821,856,994509,1
Godï¿½ï¿½ï¿½,GO LIVE,Stray Kids,2020-06-17,US5TA2000037,"3,600",23,354643707,30447,7012694,68,529909818,8469062,147664,141180977,703479878,34239087,14,887,20,5,70358,16,2869102,9153,854584,0
PARANOIA,PARANOIA,HEARTSTEEL,2023-10-23,QZH6S1900806,"3,601",23,77600263,13012,1664856,67,50406342,923571,11600,11407462,80073768,76473184,28,80,86,15,237120,17,196297,107,74897,0
Black Summer,Black Summer,Red Hot Chili Peppers,2022-02-04,USWB12105880,"3,606",23,128264127,34856,14539064,57,57252735,907529,4321,1049186,20590526,97206641,21,184255,100,17,35774,23,7419824,2929,1471206,0
Devil You Know,Devil You Know - Single,Tyler Braden,2024-02-02,USWB12400281,"3,599",23,37634335,4046,11535906,21,12646991,155250,182200,26534406,265917250,649110857,7,3216,43,3,11371,25,23487655,1844,108677,0
run for the hills,THINK LATER,Tate McRae,2023-12-08,USRC12302981,"3,604",23,120880428,10296,16902097,67,11115978,143233,182200,26534406,265917250,1813086064,25,6894,307,29,297952,18,13430776,1931,147452,1
I Know - PR1ISVX Edit,I Know (PR1ISVX Edit),Kanii,2023-03-24,USWB12301125,"3,617",23,152454686,34461,5057389,65,148269610,1257935,182200,26534406,265917250,98142716,4,161,86,2,190,17,473548,562,159945,1
Wish,Wish,Diler Kharkiya,2020-11-20,INS922000422,"3,598",23,10848948,1036,186826,45,681881643,3559389,471,58718,1327611,98142716,28,5954,86,15,237120,17,12735768,7832,42722,0
Beso (Fruta Fresca),Beso (Fruta Fresca),Wakyin,2023-12-13,USUG12310037,"3,605",23,26036782,13038,16595457,67,4008686,45996,182200,26534406,265917250,98142716,5,810,36,12,520010,8,12735768,7832,417318,0
Little Foot Big Foot (feat. Young Nudy),Atavista,Childish Gambino,2024-05-13,USRC12302587,"3,602",23,7362358,1483,4517785,67,6647943,266158,182200,26534406,265917250,381728,17,375,86,21,139488,16,296216,228,42895,1
Explï¿½ï¿½,Para Mi Ex,Myke Towers,2020-12-15,QMFMF2007349,"3,619",23,243931915,57909,7781405,62,337123245,1592106,38300,13056090,116038150,13620018,24,3123,86,3,19077,4,12008035,2206,466416,1
"Naiyo Lagda (From ""Kisi Ka Bhai Kisi Ki Jaan"")","Naiyo Lagda (From ""Kisi Ka Bhai Kisi Ki Jaan"")",Himesh Reshammiya,2023-02-12,INZ031412468,"3,638",22,5828713,790,115824,67,251302629,2884972,182200,26534406,265917250,87239915,2,5954,86,15,237120,2,12735768,7832,97864,0
Shellfish cumbia,Retumbo,H2O,2023-03-31,USA2B2308081,"3,633",22,239850720,2,4,67,244228052,570281,182200,26534406,265917250,98142716,28,2,86,15,237120,17,12735768,7832,854584,0
La Gï¿½ï¿½e,La Gï¿½ï¿½erita - Si,Grupo Marca Registrada,2024-04-26,BK4DA2412746,"3,645",22,27813921,1325,40146341,75,12969075,88088,182200,26534406,265917250,98142716,5,5,86,2,39467,17,104690,293,103648,0
ERE,ERE,juan karlos,2023-08-04,PHUM72300128,"3,626",22,117290821,8229,6844366,62,79061420,533194,220671,17870184,201566991,46522818,5,715,86,15,237120,17,31098,101,20508,1
Alcohol-Free,Alcohol-Free,TWICE,2021-06-09,US5TA2100022,"3,634",22,224295163,24906,7188926,62,398036555,5248109,154492,122614400,811061720,162479822,25,2581,46,1,32602,25,483553,1561,339808,0
Voices In My Head,Voices In My Head,Falling In Reverse,2022-05-31,USEP42231001,"3,644",22,122568479,33824,2017666,68,109752215,1100224,20900,2568996,33939631,15820345,7,51518,106,3,7303,14,28094423,9522,365803,1
LA NENA,LA NENA - Single,Lyanno,2024-04-11,QM4TW2488674,"3,643",22,29683046,4064,52935650,80,7710244,112034,182200,26534406,265917250,2613123,10,790,86,6,88547,21,770441,82,71193,1
Hati-Hati di Jalan,Manusia,Tulus,2022-03-03,FR2X42253130,"3,627",22,306652166,21841,7413119,69,225136062,2113507,371413,158047875,1719389454,98142716,17,13846,86,15,237120,17,12735768,7832,107807,0
Algo Mï¿½ï¿½,Algo Mï¿½ï¿½,Rauw Alejandro,2020-06-25,USSD12000187,"3,648",22,304134537,57388,9038307,64,345512160,1952713,327887,43897868,279992648,4682360,40,860,86,6,46735,10,3511988,1365,872301,0
Quicksand,Quicksand,Morray,2020-10-30,CA5KR2101974,"3,642",22,92536126,39798,3748995,53,290871758,2393255,17868,11967754,101473422,22027642,27,72653,235,4,2505,17,77453676,29684,1464482,1
Singapur,El Androide,El Alfa,2020-05-15,USDY42003198,"3,641",22,200520284,32859,6302679,64,477774248,3156383,619224,144110176,1255331962,9497811,6,1955,78,4,17685,8,6405667,6171,576685,0
La Jeepeta - Remix,La Jeepeta (Remix),Nio Garcia,2020-04-24,QM6MZ2057011,"3,625",22,672449007,89441,25654350,64,148269610,1257935,1264802,76708336,770493680,98142716,68,13831,24,27,345282,2,48472013,23470,1329269,1
Ojos Marrones,Ojos Marrones - Single,Dos Waves,2023-02-12,GX3Q92325690,"3,632",22,2307,32312,13259481,67,268591891,1143635,182200,26534406,265917250,373331912,28,1,86,15,237120,17,12735768,7832,1542,0
Skibidi Toilet,Skibidi Toilet,Lil Big Stack,2023-06-18,QZMEP2360644,"3,636",22,8388731,1929,194015,55,7936486,153016,1182000,31867349,639301182,98142716,28,5954,86,15,237120,17,12735768,7832,15378,0
Heaven Takes You Home,Paradise Again,Swedish House Mafia,2022-04-15,USUG12202132,"3,649",22,248202976,55197,31793054,71,59788261,351230,11712,2134589,36131031,1752736829,50,49346,347,35,1204670,12,6850903,1019,854584,0
Far Away (2020 Remaster),All The Right Reasons (15th Anniversary Expanded Edition),Nickelback,2020-10-02,USRH12000111,"3,661",22,378296524,1941,494700,61,148269610,1257935,182200,26534406,265917250,98142716,5,5954,86,15,237120,7,519451782,175525,854584,0
God Damn,Ek Tha Raja,Badshah,2024-03-18,INUM72400156,"3,651",22,34233316,1547,5202586,70,32452229,499855,182200,26534406,265917250,19904542,9,216,86,2,796,13,7187,13,66159,0
Razzi Bolja,Razzi Bolja,Harjeet Deewana,2021-01-17,ING582100020,"3,664",22,14329936,1206,238098,51,651601460,2438665,189,14251,249060,98142716,28,5954,86,15,237120,17,12735768,7832,38084,0
"Tested, Approved & Trusted",I Told Them...,Burna Boy,2023-08-23,USAT22307524,"3,658",22,42115225,15081,3685016,61,35754905,292516,171,694348,12150553,100107628,50,3272,86,6,39982,7,3480196,1097,972640,1
GALOPA,GALOPA,PEDRO SAMPAIO,2021-09-16,BRWMB2100721,"3,667",22,210287302,26385,7610967,57,312406682,1727224,352725,79097830,1043956869,20077955,17,5343,86,36,74508,7,18770,7832,302042,0
Reckless,Reckless,Madison Beer,2021-06-04,USSM12102874,"3,670",22,504851489,57183,22431648,66,156937871,2288818,175947,95616150,763454337,820387064,43,24679,86,12,84499,16,2913831,6029,845428,0
Paint The Town Red,Paint The Town Red,Doja Cat,2023-08-03,USRC12301713,"3,678",22,1065399331,3719,1828974,52,148269610,1257935,182200,26534406,265917250,98142716,51,377,86,2,7982,17,12735768,7832,854584,0
Drunk (And I Don't Wanna Go Home),Drunk (And I Don't Wanna Go Home),Elle King,2021-02-26,USRC12100003,"3,676",22,198817832,29696,13496258,61,72494045,589638,28163,5259924,88185708,240248194,53,207532,97,4,991,42,124606059,33325,1594014,0
Overdrive,Overdrive,Post Malone,2023-07-14,USUM72306020,"3,669",22,130236751,27992,6772366,63,9721972,104453,21289,4910687,52127762,98142716,17,7742,3,15,366175,8,3091452,1386,229064,0
Sugar Rush Ride,The Name Chapter: TEMPTATION,TOMORROW X TOGETHER,2023-01-27,USA2P2243432,"3,672",22,178523233,14560,6470472,67,140763661,2394273,144009,133503343,697618053,53703779,11,1785,23,5,36012,36,905604,967,370282,0
Me Escapï¿,Me Escapï¿,DobleP,2023-09-07,QZNJZ2368122,"3,654",22,36559856,7332,6306859,67,44786762,189253,426900,63088852,722844173,98142716,28,214,86,3,3117,6,12735768,7832,81058,1
Aynen,Hermano,Heijan,2023-04-28,QZMZ92307983,"3,663",22,66701855,12381,2302824,57,132663199,408097,59853,1885010,52142540,289637676,7,2069,86,15,237120,17,12735768,7832,241463,0
Dance Alone,Dance Alone,Sia,2024-02-07,USAT22400525,"3,660",22,25180079,3020,15579341,3,4405480,64658,182200,26534406,265917250,2050084502,46,40258,79,32,6943957,45,847587,68,206471,0
Suano,Suano - Single,NTG,2024-03-24,TCAIA2470789,"3,656",22,15333864,1439,35368637,71,11215883,86574,121600,26534406,265917250,3407832,6,190,86,5,555882,1,12735768,7832,122965,1
Potion (with Dua Lipa & Young Thug),Potion (with Dua Lipa & Young Thug),Calvin Harris,2022-05-27,GBARL2201128,"3,657",22,221965013,38872,27661038,60,51083768,550181,569,256156,4096148,3165598002,58,113411,345,62,1596584,45,2098569,1119,1046181,1
Pï¿½ï¿½gina De Ex - Ao Vivo N,Mari No Barzinho (Ao Vivo No RJ),Mari Fernandez,2024-04-26,BCZT72400033,"3,666",22,13842105,920,16028156,71,18663230,85838,182200,26534406,265917250,17057535,4,2,86,11,805419,9,231,7832,10827,0
Taaron Ke Shehar,Taaron Ke Shehar,Neha Kakkar,2020-09-20,INS182006274,"3,686",22,95962246,7017,3232549,58,663681127,5839475,182200,26534406,265917250,231939795,2,25,86,15,237120,5,12735768,7832,198978,0
"SI SI SI SI (feat. Eladio Carrion, Bryant Myers, Dei V)",The Academy: Segunda Misiï¿½,The Academy: Segunda Misiï¿½,2024-03-28,USWL12400691,"3,684",22,35185414,3730,5697401,68,14926797,144331,182200,26534406,265917250,6920836,21,422,86,3,21209,17,227701,109,143569,1
Churchill Downs (feat. Drake),Come Home The Kids Miss You,Jack Harlow,2022-05-06,USAT22203487,"3,690",22,153857576,59992,11239045,61,77159004,877109,11005,8710165,72804876,433000162,11,1803,156,15,237120,1,8753538,3263,577230,1
Eyvah Neye Yarar,Karï¿½ï¿½ï¿½ï¿½ï¿½ï¿½,Semicenk,2023-12-15,DGA0Q2317098,"3,698",22,27235294,2618,767611,67,74511800,233751,182200,26534406,265917250,329897277,2,95,86,1,1566667,17,12735768,7832,121649,0
Kitty,Kitty,Kenia OS,2024-04-23,MXF012400293,"3,680",22,23061213,703,18729564,77,18869254,360829,182200,26534406,265917250,14758237,11,172,86,18,214885,14,11507,21,37878,1
"O Bedardeya (From ""Tu Jhoothi Main Makkaar"")","O Bedardeya (From ""Tu Jhoothi Main Makkaar"")",Pritam,2023-03-04,INS182300550,"3,693",22,184580310,10142,5412622,64,169388630,2189048,182200,26534406,265917250,158580812,9,257,86,15,237120,12,12735768,7832,203774,0
Wildberry Lillet,Wildberry Lillet,Nina Chuba,2022-08-12,DEE862201008,"3,694",22,161145820,46697,7654058,58,62678908,513962,121215,34317249,409238375,125368581,25,20804,86,10,582833,9,12735768,7832,647249,0
Amapiano,Amapiano,Asake,2023-05-23,USUYG1489119,"3,701",22,68990989,21556,4941800,63,29014150,237930,309111,16832048,240070262,32844745,53,5137,79,5,101774,26,230682,624,721377,1
M.A (Mejores Amigos),M.A (Mejores Amigos) - Single,BM,2022-09-20,QZTVM2225505,"3,697",22,179475517,26160,3816329,2,162785261,622557,95000,2496551,32565249,98142716,2,1742,86,4,139218,17,12735768,7832,401773,1
Take A Bite,Take A Bite,beabadoobee,2024-05-09,GBK3W2402961,"3,700",22,18634348,2529,28016380,78,1314449,68494,182200,26534406,265917250,110446147,35,2559,8,15,156944,83,77485,63,31394,0
Geri Dï¿½ï¿½nem,Geri Dï¿½ï¿½nem,Semicenk,2023-05-05,FRX452325278,"3,702",22,111150894,11465,6557932,67,130717641,376889,39900,852150,31451449,7986595,7,5954,86,1,1089,17,12735768,7832,208321,0
Gimmie A Light,Gimmie A Light,Ice Spice,2024-05-10,USUG12400205,"3,692",22,8734499,1005,21736311,67,4823719,124556,182200,26534406,265917250,67008965,22,3397,415,13,453247,59,413454,206,39843,1
on the street (with J. Cole),on the street (with J. Cole),j-hope,2023-03-03,USA2P2251898,"3,689",22,183683364,21804,15669021,63,67664152,3768577,259000,146676533,803916984,124507195,15,7442,12,1,207,16,1256163,322,317811,1
LOST FOREVER,UTOPIA,Travis Scott,2023-07-28,USSM12305017,"3,683",22,66878719,33290,3109142,62,2866171,33960,661,684129,4277522,98142716,5,30,128,1,237120,3,168014,163,149968,1
SET ME FREE,READY TO BE,TWICE,2023-03-10,US5TA2300005,"3,705",22,117186345,11752,4854730,62,137633324,2497620,133155,89151707,580855649,84559361,11,1361,33,3,52357,1,575708,519,191507,0
Cake By The Ocean - Cover,TIK & TOK DANCE MIX,MUSIC LAB JPN,2023-05-12,TCJPV2340443,"3,707",22,1617307191,32312,13259481,67,148269610,1257935,182200,26534406,265917250,98142716,28,5954,86,15,237120,17,12735768,7832,854584,1
Por Dentro,Por Dentro,Rels B,2023-11-23,UYB282376016,"3,709",22,105759424,7383,10819131,67,52609155,629604,182200,26534406,265917250,276735397,10,1812,44,21,12178185,14,114291,7832,114185,1
Tchuco Nela,Tchuco Nela,MC Rogerinho,2022-04-08,BCN5Z2200003,"3,727",22,154127881,14889,8354745,72,233659337,1167552,585700,74359518,1245591509,499045923,5,216,86,26,213644,8,12735768,7832,136448,1
One in a Million,One in a Million,Bebe Rexha,2023-08-04,USWB12303800,"3,734",22,109868838,17147,65679098,70,6256696,55646,2428,385969,7034216,98142716,48,52099,5,42,866250,36,3490056,227,408957,0
Balanï¿½ï¿½o da ,Balanï¿½ï¿½o da ,Matheus Fernandes,2022-02-24,BCDE52200008,"3,719",22,237867475,19268,14221320,61,302341579,1218262,182200,26534406,265917250,745025834,27,5145,86,24,378419,10,12735768,7832,151448,0
Better Things,Better Things - Single,aespa,2023-08-18,KRA302300242,"3,738",22,72446983,7731,5625254,60,100786648,982757,29345,39545448,325517526,7512353,20,1825,3,5,86890,20,202223,132,106424,0
CCC - Remix,CCC (Remix) - Single,Michelle Maciel,2023-09-01,UYB282379019,"3,715",22,127818826,8847,5073881,67,79764064,303155,182200,26534406,265917250,2518170,5,5954,86,7,629291,3,5634765,1101,229633,0
Carnival,Carnival Pack - EP,Kanye West,2024-02-08,QZA742422174,"3,711",22,465320426,324,228188,67,148269610,1257935,182200,26534406,265917250,98142716,26,1,86,15,237120,17,12735768,7832,854584,0
SEVILLA,SEVILLA,Thrife,2022-08-12,SE6XW2288884,"3,725",22,26054526,23652,1011837,41,1500755,20564,1585725,76687884,769574589,98142716,1,8,86,1,2681,1,12735768,7832,298281,1
Chana Tera Shukriya,Jogiya Koe,Tanveer Anjum,2023-07-15,DGA062354084,"3,717",22,9015,4,95,6,148269610,1257935,1200000,2363999,55049957,98142716,28,5954,86,15,237120,17,12735768,7832,212,0
Caramelo - Remix,Caramelo (Remix),Leoo Remix,2020-10-01,QZNJV2032699,"3,733",22,144767,82,2477,67,697719336,3167472,182200,26534406,265917250,171565650,28,5954,86,15,237120,17,12735768,7832,854584,0
GHOST!,GHOST!,phonk.me,2022-12-02,QZTB22273485,"3,713",22,127080399,24672,15850206,67,62472711,883285,182200,26534406,265917250,98142716,7,5954,86,5,124957,17,423039,354,311493,0
CUTE DEPRESSED,Cute Depressed - Single,Dyan Dxddy,2024-02-02,QZZ662413549,"3,726",22,54477192,3729,21277335,77,36326774,890834,182200,3460300,41400000,98142716,2,1,86,1,378,17,12735768,7832,120049,1
Lioness,Lioness,Swedish House Mafia,2024-06-07,USUG12403371,"3,710",22,2480498,776,49144891,67,144589,5727,182200,26534406,265917250,98142716,24,32,86,23,1512955,27,37570,4,13506,0
MAï¿½ï¿½ANA SERï¿½ï¿,MAï¿½ï¿½ANA SERï¿½ï¿,KAROL G,2023-02-23,USUM72222550,"3,721",22,132811353,12970,4805498,66,53670834,569439,516300,12432832,163703206,98142716,9,4052,18,4,79090,20,27113778,7037,212091,0
My Heart Goes (La Di Da),Only Honest On The Weekend,Becky Hill,2021-08-20,GBUM72102422,"3,736",22,300361628,57447,23619962,63,73752014,482554,3082,633965,11785929,18021243,94,104475,25,47,408539,46,11794498,1503,1988562,0
ONLY,ONLY,LeeHi,2021-08-27,KRC712100039,"3,724",22,335212411,50340,7777287,71,154369917,1963254,411400,224149612,1513137827,5539129,8,3885,8,1,1895,17,260052,1206,959210,0
Avalon,Avalon,$uicideboy$,2021-05-21,QZAPK2000176,"3,723",22,204669341,54797,3940409,65,49001959,441894,17568,4312773,49284460,65798617,2,14,86,15,237120,17,4218125,3630,288456,1
Puro Campeï¿½,Puro Campeï¿½ï¿½n - Si,Grupo Marca Registrada,2022-10-14,USA2P2243895,"3,708",22,162996272,20521,5076875,61,137834966,708557,265100,5676478,72517463,98142716,5,47,86,15,237120,17,16395222,1958,338327,0
Landmines,Landmines,Sum 41,2023-09-27,QMRSZ2302172,"3,748",22,18708085,6754,7014623,67,6801971,145932,182200,5671,68136,5104817,14,81065,204,4,159332,27,2902311,327,325793,1
Flowers,Flowers (Official Video),Miley Cyrus,2023-01-12,USSM22202811,"3,752",22,2031280633,1,92,67,148269610,1257935,182200,26534406,265917250,98142716,28,5954,86,15,237120,17,12735768,7832,854584,0
"Mnike (feat. DJ Maphorisa, Nandipha808, Ceeka RSA & Tyron Dee)","Mnike (feat. DJ Maphorisa, Nandipha808, Ceeka RSA & Tyron Dee)",Tyler ICU,2023-04-28,ZB1OS2300183,"3,747",22,54611633,19814,4852560,61,25626713,241463,575800,50987040,681526979,98142716,38,3127,21,4,16548,4,12735768,7832,854584,1
DANCE CRIP,DANCE CRIP,Trueno,2021-11-17,ARRWN2000082,"3,754",22,265253887,50642,5259227,61,186689501,2429799,123504,81240604,704505804,48162048,25,5954,86,10,117988,10,12735768,7832,854584,1
stellar,stellar,.diedlonely,2023-06-23,QM3DF2222961,"3,742",22,44235866,6022,1268699,66,5698615,142632,919217,181638749,1776006642,98142716,4,6,86,1,43207,17,12735768,7832,363177,0
En Tu Perra Vida,En Tu Perra Vida,Grupo Firme,2021-05-12,QZDQH2143285,"3,740",22,265126606,24857,13763202,53,336327870,1617604,35300,7194400,92652072,18970945,14,3623,50,2,3684,21,56443526,10299,801181,1
Skin and Bones,Skin and Bones,David Kushner,2024-01-19,QZXDB2300047,"3,744",22,70354552,9185,8922438,67,19123011,368576,182200,6440333,45949903,123899368,17,1224,40,19,64690,21,1383422,761,854584,0
Shut up My Moms Calling - (Sped Up),Shut up My Moms Calling (Sped up),Hotel Ugly,2022-09-14,SE6XY2215995,"3,746",22,428290193,54042,7715768,75,148269610,1257935,182200,26534406,265917250,98142716,2,5954,86,2,27653,8,171307,954,697563,0
Spinnin,Spinnin,Connor Price,2022-10-21,QZTAS2238500,"3,741",22,164206429,49659,12999272,63,12484960,163647,25200,18960431,182197234,98142716,1,136,86,15,237120,17,3424202,2471,776674,0
BARBIEZ,Pa las Baby's Y Belikeada,Fuerza Regida,2023-10-20,QZ9QQ2300783,"3,759",22,90149537,6289,7279462,67,61433874,291107,17800,3515375,38602611,82109940,10,23,86,2,318,1,3835787,2723,333572,1
Coladin,Indï¿½ï¿½,Zï¿½ï¿½ Vaqu,2022-10-27,BCZZV2200032,"3,760",22,68110254,5563,9739787,62,220238857,1027402,293100,10599831,175981880,203704889,13,35,86,25,498753,2,678,7832,71663,0
Los Botones Azules,Mi Vida En Un Cigarro 2,Junior H,2022-02-11,USWL12200130,"3,758",22,409608018,35760,13777862,70,144073017,744920,121400,26034148,274609855,98142716,17,30,7,3,173358,8,39188317,8249,522412,0
All By Myself,All By Myself,Alok,2022-10-07,DEE862201655,"3,764",22,153478699,23576,35626223,68,8834684,103744,182200,26534406,265917250,13208107,66,157225,84,74,2068935,18,106577,65,1187709,0
Dj Balada Boa X Pika Pika Kawenimeri,Dj Balada Boa X Pika Pika Kawenimeri,DJ USUP,2022-03-02,SGB502208098,"3,762",22,302568,285,25137,7,148269610,1257935,2957617,99826326,2026344214,98142716,28,5954,86,15,237120,17,12735768,7832,854584,0
Joli bï¿½ï¿,Joli bï¿½ï¿,Naza,2020-09-11,FRX762022181,"3,755",22,131677140,35653,2205297,57,198494925,1095673,1502712,37799046,559416339,7459129,28,8632,86,13,168510,2,3269,7832,1009225,1
AMOR PROPIO,AMOR PROPIO,Grupo Frontera,2023-10-19,DGA0H2357875,"3,756",22,59582290,3988,5490306,67,72157125,363308,58300,9130133,102839961,253986639,4,1906,145,6,7084186,17,7059759,810,181211,0
Wreckage,Wreckage,Pearl Jam,2024-04-17,USUG12309753,"3,750",22,6247901,887,15777506,67,663933,13751,182200,26534406,265917250,98142716,20,21108,1,5,199564,40,961938,114,83381,1
Maybe Youï¿½ï¿½ï¿½re The P,Maybe Youï¿½ï¿½ï¿½re The P,Ava Max,2022-04-28,USAT22203651,"3,761",22,181659395,24137,10925511,62,50640948,470130,7766,5336041,87012707,2764048939,53,186049,732,29,602060,12,3213326,1247,1366573,0
Lil Bit,Lil Bit,Nelly,2020-10-23,USQX92003343,"3,792",22,250828412,40989,10401884,61,47811498,451406,107173,16852819,158825909,197197,47,52253,156,3,78,22,269930288,58967,1557518,1
Nenas,Nenas,Anni K,2022-11-25,QZNW72249626,"3,790",22,22362,5,22387,10,312422708,1133105,182200,26534406,265917250,98142716,28,4,86,15,237120,17,12735768,7832,854584,0
Rainy Days,Layover,V,2023-08-11,USA2P2339028,"3,776",22,253540909,10383,13943814,70,67113019,3432701,866,1173702,5236353,119265847,4,1454,17,7,115953,6,2140518,455,258925,0
Disaster,Disaster - Single,KSLV Noh,2021-06-21,QZHNC2184834,"3,784",22,258379092,72424,23939335,65,54540038,1019009,789667,165449639,1863921422,28228,12,1,86,2,83044,17,12735768,7832,1139004,0
Feelings,Feelings,Sumit Goswami,2020-07-07,INS172001990,"3,773",22,42067554,4380,426039,54,698286046,7544844,78400,666432,7829359,156384597,28,5954,86,15,237120,17,12735768,7832,125809,0
Trouble With A Heartbreak,Trouble With A Heartbreak,Jason Aldean,2022-01-14,QMRSZ2102055,"3,770",22,54488988,10962,1379201,4,29552269,223336,12866,1632207,14048502,230979355,28,279457,77,1,8054,17,83448303,4944,854584,0
Los Collares,Los Collares,Oscar Maydon,2022-09-30,USANG2210588,"3,769",22,332741927,23892,9122511,72,150888295,609166,23800,10579568,86648762,98142716,5,5954,11,15,237120,1,244982,553,332463,0
BLAQ ON BLAQ (feat. Luciano),BLAQ ON BLAQ (feat. Luciano),HoodBlaq,2024-05-30,DEKF22400486,"3,772",22,8033479,1347,7618938,70,1247875,50363,182200,26534406,265917250,98142716,11,133,86,6,2740152,8,12735768,7832,11608,1
It's That Time,It's That Time,Marlon Hoffstadt,2023-04-21,QM4TX2371595,"3,789",22,29365536,28087,18522511,62,3502786,57445,13139,11053278,124006258,98142716,4,2430,86,4,84348,18,1387,7832,343152,0
Do Not Climb,Do Not Climb,Claps,2023-03-16,AUXN22297509,"3,780",22,2723,11,237,67,250777729,329563,182200,26534406,265917250,98142716,28,10,86,15,237120,17,12735768,7832,854584,0
Mï¿½ï¿½lanine (feat. Were,Mï¿½ï¿½la,Heuss L'enfoirï¿,2024-05-03,FRPZ92417040,"3,786",22,14500608,1528,6768397,71,7766177,77814,182200,26534406,265917250,98142716,18,784,86,16,18340167,20,12735768,7832,201571,1
Bakkal Amca,Bakkal Amca,Kukuli,2021-05-10,QZHN62167502,"3,775",22,5755295,850,54262,36,565493630,1545650,702,43785,1040868,98142716,28,17,86,15,237120,17,12735768,7832,22228,0
Martes 13,Martes 13 - Single,Luis R Conriquez,2024-05-17,QM6N22452000,"3,768",22,12809544,967,11244203,67,7124556,79550,182200,26534406,265917250,125856157,7,1,86,1,33919,10,479105,272,55391,1
Jom ka du me tï¿½ï¿,Jom ka du me tï¿½ï¿,Dafina Zeqiri,2024-05-31,QZNFJ2402633,"3,791",22,1196257,208,567656,57,7023287,34395,182200,26534406,265917250,98142716,2,1,86,15,237120,17,634,7832,7750,0
Long Journey,Nostalgia,Rod Wave,2023-09-15,USQX92305193,"3,765",22,26215354,6248,524752,67,16885737,135693,182200,7673272,63529208,10588113,2,11,86,15,237120,3,6571777,5569,172649,1
Dah Dah DahDah,Who is Nardo Wick?? (Deluxe),Nardo Wick,2022-07-22,USRC12202590,"3,766",22,142262820,53038,20272136,63,35675859,373352,134014,53648356,365465494,323596,18,2393,125,3,25942,21,23389178,10534,854584,1
Cab In A Solo,Cab In A Solo - Single,Scotty McCreery,2023-08-18,USQX92304263,"3,787",22,11614161,2375,2311705,55,3113363,29826,49,63079,1218414,98142716,3,118584,3,15,237120,1,11488894,1262,311403,0
Sï¿½ï¿½,Sï¿½ï¿½,Anuel AA,2021-11-18,QMDA62184373,"3,771",22,200764254,45002,9737159,57,217898959,1101215,21898,1749382,28799405,206809601,35,2877,24,4,42446,5,12777518,1196,447896,1
Bachke Bachke (feat. Yarah),Making Memories,Karan Aujla,2023-08-18,CAW112300246,"3,779",22,53303131,6899,2394704,61,78846057,671469,47600,1633000,24708801,13938421,3,7,86,15,237120,1,12987,7832,88579,0
Fed Up,ANTI-ICON,Ghostemane,2020-10-21,ZZOPM2003235,"3,785",22,219841054,71843,10101641,64,128686770,2638466,942400,98450996,1206875855,19927196,3,9,9,1,18907,17,7734384,6674,1998537,1
"Udd Jaa Kaale Kaava (From ""Gadar 2"")","Udd Jaa Kaale Kaava (From ""Gadar 2"") - Single",Udit Narayan,2023-06-29,INZ031413259,"3,774",22,4527224,392,329325,67,179686266,2633829,182200,26534406,265917250,87239915,4,278,86,15,237120,2,12735768,7832,24030,0
Be The One,Be The One,Eli Brown,2023-03-31,GBUM72302199,"3,777",22,75309953,34283,39325226,67,9963983,111125,4789,2241743,22133936,61165,20,3716,39,14,152042,22,827038,257,330883,0
Top 10 staTues tHat CriEd bloOd,POST HUMAN: NeX GEn,Bring Me The Horizon,2024-05-24,GBARL2400277,"3,788",22,13330547,1675,21053939,73,35472,3979,182200,26534406,265917250,98142716,23,1603,1,13,359329,43,337651,47,18299,0
Os Bico Tï¿½ï¿½o Se Perguntando (Letï¿½ï¿½,Os Bico Tï¿½ï¿½o Se Perguntando (Letï¿½ï¿½,MC PH,2023-04-07,BXG6R2300280,"3,801",22,131981248,15020,12049822,65,127960114,714022,27489,2506579,33156781,3350968,8,2,86,12,221427,3,229,7832,99846,1
Last Time I Saw You,Last Time I Saw You,Nicki Minaj,2023-09-01,USUM72312706,"3,818",22,66513420,12490,4973699,67,15485803,395896,31322,8225518,87668727,39600226,27,38078,39,13,357821,15,15827496,2448,356162,0
Precision,Precision,Big Sean,2024-03-22,USUM72400673,"3,795",22,7569031,2152,10280933,67,1937815,74131,182200,26534406,265917250,1563442,23,26501,215,8,112913,32,12735768,7832,123954,1
Did Me Wrong,B4 BOA - Single,A Boogie Wit da Hoodie,2023-09-08,USAT22308669,"3,820",22,32916107,13096,12843743,67,10840662,167538,30,1709,20835,174648683,5,56320,282,15,237120,17,4820297,622,370210,1
Cry No More (feat. Tay Keith),Cry No More (feat. Tay Keith),Headie One,2024-04-19,GBARL2400420,"3,804",22,13712090,3148,14042635,67,3889395,76350,182200,26534406,265917250,26701987,14,2005,86,18,1746831,37,27546,8,158997,1
ýýýýýýýýýýýýýýýýýýýýýýýýýýýýýýýýýýýýýýýýýýýýýýýýýýýýýýýýýýýý (Fade),ýýýýýýýýýýýýýýýýýýýýýýýýýýýýýýýýýýýýýýýýýýýýýýýýýýýýýýýýýýýý (Fade) - Single,Jeff Satur,2022-09-23,THW092201719,"3,811",22,41494349,6516,1169599,52,267216988,1757325,73081,14349551,102354732,31309561,11,1619,86,15,237120,17,12735768,7832,76255,0
DJ BIWIR BEUREUM-BEUREUM JAWER HAYAM PANO COKLAT KOPI SUSU - RUNTAH,DJ BIWIR BEUREUM-BEUREUM JAWER HAYAM PANO COKLAT KOPI SUSU - RUNTAH,DJ MANIKCI REMIX,2022-08-16,HKK972235335,"3,810",22,5101261,1599,427725,67,148269610,1257935,2301734,63429404,1190306094,98142716,28,5954,86,15,237120,17,12735768,7832,854584,0
Problemas de um Milionï¿½ï¿,Problemas de um Milionï¿½ï¿,WIU,2024-04-10,BXW922400001,"3,806",22,34042262,3323,20484664,74,11039801,333828,182200,26534406,265917250,98142716,7,297,86,19,12759549,11,12735768,7832,71762,1
Sharing Locations (feat. Lil Baby & Lil Durk),Sharing Locations (feat. Lil Baby & Lil Durk),Meek Mill,2021-08-27,USAT22105014,"3,805",22,172558590,71478,11466134,53,74993454,802824,10524,8222888,80999687,185526045,49,26889,294,14,547022,20,49183554,6310,851112,1
Gï¿½ï¿½ï¿½p ï¿½ï¿½ï¿½ï¿½i,Gï¿½ï¿½ï¿½p ï¿½ï¿½ï¿½ï¿½i,Tuï¿½ï¿½ï¿½n,2023-09-21,US38Y2304586,"3,794",22,1880312,408,22223,67,58299522,173898,525671,5937642,168468483,2119803,28,5954,86,15,237120,17,12735768,7832,10918,0
Vette Motors,Vette Motors - Single,YoungBoy Never Broke Again,2022-06-10,USAT22207312,"3,814",22,80585683,16202,12738423,19,88959234,770086,20100,5242187,42977111,332784168,3,1144,86,1,4717,7,12735768,7832,854584,1
Only Fine Girl,Only Fine Girl - Single,Spyro,2023-09-29,ZA56E2305137,"3,816",22,2490826,513,66602,67,2189347,14151,851300,5350656,69943676,8865887,3,627,86,15,237120,17,2961,7832,224804,0
EVIL EMPIRE,YOUNG GENIUS,Lil Mabu,2024-04-05,USUYG1539670,"3,803",22,6097493,765,183087,67,25736622,369780,182200,369800,3300000,126682615,28,1,86,15,237120,17,169839,3804,56295,1
Overwhelmed,Overwhelmed,Royal & the Serpent,2020-06-26,USAT22002973,"3,813",22,189175699,49325,8000164,62,14575452,497747,2335837,210789823,2001548087,98142716,14,22497,163,6,74359,6,16754992,17139,1456206,0
Mon ami,Mon ami,Tiesco le sultan,2023-10-10,TCAHN2316445,"3,808",22,9452,3,37,67,148269610,1257935,797100,4290586,54998866,98142716,28,5954,86,15,237120,17,12735768,7832,19456,1
Zombie Dance with New DB Heroes,Mummy Dance with Family,D Billions,2023-12-08,AEA0Q2376389,"3,796",22,37396,4,3608,67,98338088,56214,182200,26534406,265917250,98142716,28,5954,86,15,237120,17,12735768,7832,854584,0
Kitsch,Kitsch,IVE,2023-03-27,QM4TX2337765,"3,798",22,146489854,12540,4019167,64,136400964,1361854,48800,32671194,293588190,565791380,16,1218,9,1,35,25,147151,161,227734,0
Hype Boy,NewJeans 1st EP 'New Jeans',NewJeans,2022-08-01,USA2P2230222,"3,836",22,541018402,37204,14531541,74,35777367,911054,198468,138278860,1096877338,54215732,32,6153,106,4,10871,10,885151,1554,474609,0
Enchanted (Taylor's Version),Speak Now (Taylor's Version),Taylor Swift,2023-07-07,USUG12302081,"3,842",22,285889664,23393,21692426,75,148269610,1257935,182200,26534406,265917250,98142716,23,1696,86,2,398036,53,3436702,3368,326834,0
GUCCI LOS PAï¿½ï,MAï¿½ï¿½ANA SERï¿½ï¿,KAROL G,2023-02-24,USUM72222544,"3,826",22,121721506,8049,3681766,67,136014507,557809,75400,5280019,78468779,7517627,10,2442,86,1,1666,6,22530956,7012,426324,1
BLEED,BLEED - Single,The Kid LAROI,2023-11-03,USSM12300831,"3,824",22,66555473,16789,14682417,67,4641915,103677,933,1300069,14476475,140713887,19,3411,165,19,180096,8,1285617,575,127972,0
IDGAF,IDGAF,Lucixn,2023-02-13,QZLBC2302548,"3,950",22,1577904955,1,23,67,148269610,1257935,182200,26534406,265917250,98142716,28,5954,86,15,237120,17,12735768,7832,854584,1
Michi Teyu Ku (Overflowing),ýýýýýýýýýýýýýýý,Fujii Kaze,2024-03-14,JPPO02400480,"3,825",22,33845527,1766,5537845,69,30645137,480941,182200,26534406,265917250,98142716,27,468,86,1,9615,9,8907,7,109995,0
Pulsar Bike,Dhamaka (Original Motion Picture Soundtrack) - EP,Bheems Ceciroleo,2023-01-07,IND292208377,"3,844",22,39057770,1308,893063,27,252467125,974051,182200,26534406,265917250,98142716,28,5954,86,15,237120,7,12735768,7832,16986,0
FRANCHISE (feat. Young Thug & M.I.A.),FRANCHISE (feat. Young Thug & M.I.A.),Travis Scott,2020-09-25,USSM12004756,"3,830",22,278032053,79755,13755423,63,179207995,2529783,59876,18571806,170949508,80863349,58,38286,19,21,21659,12,12891509,5890,1765806,1
Do not touch,Do not touch,MISAMO,2023-07-14,JPWP02370420,"3,828",22,65157999,8260,3310476,57,117612168,1609669,33737,25965952,161449720,382084849,7,66,86,1,15087,1,12735768,7832,121995,0
PERSIAN RUGS,PARTYPACK,PARTYNEXTDOOR,2020-10-16,USWB12004216,"3,840",22,113153819,35421,6478459,65,14448833,138564,8063,6242856,47272619,98142716,21,63,37,3,1596,7,1376205,1855,97523,1
Romeo Juliet - Title Song,Romeo Vs Juliet (Original Motion Picture Soundtrack) - EP,Akassh,2024-03-12,INE241800060,"3,833",22,15619,13,168,67,48633119,214149,182200,26534406,265917250,98142716,28,5954,86,15,237120,17,12735768,7832,3539,0
Ambition For Cash,Ambition For Cash,Key Glock,2021-10-01,USUYG1390429,"3,835",22,315336758,79303,26443727,70,29058447,408335,104301,108992382,1234944902,164103568,30,5328,117,3,7312,4,9860446,2531,1286750,1
Besito,Besito,Soy Pau,2023-07-08,QZNWQ2336916,"3,838",22,6220250,458,44624,50,114811395,851776,353400,9369979,155823199,9555714,28,5,86,15,237120,17,12735768,7832,16531,0
ýýýýýý,ýýýýýý,ýýýýýýýýýýýý,2024-01-05,JPPO02304150,"3,834",22,46945798,4120,5907064,70,50822146,474399,182200,26534406,265917250,298810189,24,334,86,1,20798,4,12735768,7832,161457,0
I GOT YOU,I GOT YOU,TWICE,2024-02-02,US5TA2300237,"3,843",22,56463608,3500,6710198,13,40744351,1252374,182200,26534406,265917250,1054770067,6,1254,52,7,212210,16,12735768,7832,90979,0
Zukunft Pink (feat. Inï¿½ï,Zukunft Pink (feat. Inï¿½ï¿½z) - Si,Peter Fox,2022-10-20,DEA622201528,"3,822",22,131713257,43947,6669237,58,33686131,355898,33909,7289705,94823161,110208884,17,36564,86,10,891590,10,4354,15,638655,1
CCC,CCC,Michelle Maciel,2023-05-05,UYB282379007,"3,837",22,205855278,15475,4201646,67,78474072,419209,86628,28331408,253126168,98142716,12,1187,14,10,1530824,6,1804767,1588,594542,0
Dime,Dime,El Malilla,2024-04-15,USA2P2420093,"3,827",22,40072883,1248,57818152,75,17561285,198584,182200,26534406,265917250,5028873,8,50,86,5,308308,29,8447,5,50238,0
Do you like yogurt,Do you like yogurt - Single,Pierce,2023-03-03,KRMIM2335213,"3,861",22,2508,3,433,1,251812286,313121,182200,26534406,265917250,98142716,28,3,86,15,237120,17,12735768,7832,75,0
MR. OCTOBER,nadie sabe lo que va a pasar maï¿½ï¿,Bad Bunny,2023-10-13,QMFME2364185,"3,854",22,95925842,16712,10256270,67,28849994,317982,182200,5399176,27249793,98142716,4,24,86,1,171943,3,3655705,618,77503,1
I Can Fix Him (No Really I Can),THE TORTURED POETS DEPARTMENT,Taylor Swift,2024-04-18,USUG12401038,"3,853",22,92296736,2336,7788313,67,3354991,39792,182200,26534406,265917250,98142716,9,258,5,4,232212,38,1345834,494,12812,0
Kï¿½ï¿½,Kï¿½ï¿½,Mabel Matiz,2024-05-10,QM6N22432504,"3,865",22,13060347,648,5441452,70,10890264,69044,182200,26534406,265917250,98142716,28,1637,86,4,1583761,17,47,7832,854584,0
Jee Ni Lagda,Making Memories,Karan Aujla,2023-08-18,CAW112300242,"3,871",22,56798458,7404,1780691,62,77968183,627912,55000,1461040,11740158,98142716,9,166,86,15,237120,3,33582,7832,74830,0
Sudden Shower,"Lovely Runner, Pt. 1 (Original Soundtrack)",Eclipse,2024-04-08,KRA492400564,"3,862",22,25974901,1093,11421810,75,20524343,241755,182200,26534406,265917250,98142716,17,234,86,15,237120,17,172,7832,122206,0
lo que hay x aquï¿,lo que hay x aquï¿,Rels B,2023-03-10,UYB282376006,"3,868",22,223617742,28508,7355147,73,57156070,432032,13798,8059214,51766245,23908080,4,40,5,3,26281,5,12520,60,409658,0
Los Cachos,Los Cachos - Single,Piso 21,2022-07-08,MXF152200437,"3,858",22,281927185,27199,9782411,63,158004846,605118,182200,26534406,265917250,364439021,11,22833,207,18,1838124,28,1173587,876,685597,0
Jugnu,Jugnu,Badshah,2021-10-26,INUM72100074,"3,847",22,162005746,11105,3811972,61,402093763,2902624,36624,4573508,74566411,5684120,15,708,86,1,509,6,321200,406,268778,0
NADIE SABE,nadie sabe lo que va a pasar maï¿½ï¿,Bad Bunny,2023-10-13,QMFME2364181,"3,880",22,86588767,16215,2220706,67,31617320,668926,182200,506027,5482577,64083,4,67,86,2,113738,3,1499283,1738,173314,1
nE !?,#1 - EP,Lvbel C5,2024-04-12,FRX282404287,"3,859",22,24176156,1698,3907201,71,16676082,71161,182200,26534406,265917250,98142716,4,36,86,1,1566667,17,12735768,7832,174070,0
Fim de Semana no Rio,Fim de Semana no Rio,Teto,2022-03-30,BXW922200001,"3,856",22,174165147,32542,6206794,61,228106838,2216911,18664,12238437,119676469,25110655,16,34,86,13,95640,4,12735768,7832,50042,1
Best Time,Larger Than Life,Brent Faiyaz,2023-10-27,QZNMY2304784,"3,883",22,149609501,17828,12635199,67,3195354,64197,16605,2439916,15160078,16358284,6,645,86,3,503509,1,264391,351,185310,1
No Sufrirï¿½ï¿½ por Nadie - R,No Sufrirï¿½ï¿½ por Nadie (Re,Joaquin Guiller,2023-03-03,QZ5AB2358733,"3,872",22,18550706,2537,558526,50,159688005,376830,304800,4292828,117607339,89313707,28,6664,86,15,237120,2,12735768,7832,256826,0
For Tonight,For Tonight,Giveon,2021-09-24,USSM12106837,"3,848",22,259405297,46330,19899069,59,68379159,772098,19000,11752918,71844871,128587546,49,66137,714,37,415938,8,38644659,11582,1255610,0
Barely Holdin' On,Barely Holdin' On,Polo G,2023-08-18,USSM12305651,"3,846",22,49246411,22225,4792493,59,17029916,393829,25015,2771742,27395460,69251418,7,1985,155,14,173920,6,14681138,2843,278504,1
Lihim,Lihim,Arthur Miguel,2023-07-28,PHW012300230,"3,849",22,68411628,4215,13721864,65,19337973,108046,782499,25356960,297146611,11088461,4,687,86,15,237120,17,12735768,7832,21919,0
Shake It Off (Taylor's Version),1989 (Taylor's Version),Taylor Swift,2023-10-26,USUG12306677,"3,882",22,118707702,10228,19750632,67,9538075,165711,54900,6616382,76251071,98142716,72,15098,86,6,434902,71,6585670,11494,118791,0
DICE AND ROLL,DICE AND ROLL,Odetari,2024-03-20,QZZ4J2400154,"3,850",22,34391822,2998,8168809,67,1039710,18323,182200,26534406,265917250,98142716,2,8,86,15,237120,8,214254,282,164696,1
Clara Bow,THE TORTURED POETS DEPARTMENT,Taylor Swift,2024-04-18,USUG12401043,"3,863",22,83518075,2267,5904252,67,3279453,42516,182200,116300,981800,98142716,8,260,86,15,237120,32,1025521,2345,19572,0
Witchy (feat. Childish Gambino),TIMELESS,KAYTRANADA,2024-06-07,USRC12300035,"3,852",22,3663303,683,29671686,67,438239,18824,182200,26534406,265917250,98142716,43,92,86,19,1049073,65,1716,9,7961,1
Quiï¿½ï¿½reme Mientras Se P,Quiï¿½ï¿½reme Mientras Se P,Manuel Turizo,2020-05-01,QZDYA1800021,"3,857",22,467670966,38826,10338131,66,347013964,1956639,601012,26647285,306310424,9447544,26,10865,10,21,270874,17,45877581,5501,918617,0
About Damn Time,Special,Lizzo,2022-07-15,USAT22203704,"3,881",22,846772236,22663,8235045,64,148269610,1257935,182200,26534406,265917250,98142716,28,5954,86,12,330249,98,87318771,55460,854584,1
0800 HEAVEN,0800 HEAVEN - Single,Nathan Dawe,2023-06-09,GBAHS2300402,"3,878",22,68189858,14429,12456842,61,15853723,71513,573,243524,4189925,74920373,44,66669,205,19,184386,11,198047,36,521658,0
You can't control my heart,Missing,Kurochuu,2024-06-09,CA5KR2466583,"3,870",22,24071511,2,2190,1,148269610,1257935,182200,26534406,265917250,98142716,28,5954,86,15,237120,17,12735768,7832,854584,0
Never Gonna Not Dance Again,Never Gonna Not Dance Again - Single,P!nk,2022-11-03,USRC12203892,"3,884",22,162054666,1991,492746,40,148269610,1257935,182200,26534406,265917250,98142716,26,267248,86,1,6197,1,12735768,7832,854584,0
WTFYM,WE DON'T TRUST YOU,Future,2024-03-22,USSM12402042,"3,864",22,17192758,5834,2628670,67,2341216,30917,182200,26534406,265917250,98142716,4,46,86,15,237120,17,203787,133,854584,1
All My Life,All My Life,Falling In Reverse,2024-06-06,USEP42414005,"3,879",22,4094651,471,11007124,65,148269610,1257935,182200,26534406,265917250,98142716,8,723,86,3,196154,21,932184,261,20319,1
Munch (Feelinï¿½ï¿½,Munch (Feelinï¿½ï¿½ï¿½ U) - ,Ice Spice,2022-08-10,CA5KR2269973,"3,855",22,133459011,35905,9102015,60,62093393,780391,477380,225519563,1961457700,113265777,36,218,1691,6,123087,13,4719609,11176,689568,1
Humpty Dumpty,Fusion In The City,Lo Greco Bros,2022-07-22,ITI022200181,"3,866",22,239850720,4,271,67,354682832,389042,182200,26534406,265917250,592,28,5954,86,15,237120,17,12735768,7832,854584,0
Savage Love,The Bboy Hoppers Dance Videos,Jason Derulo,2020-05-05,ESA 12082771.00,"3,921",22,3369,8,102,67,797581325,13221137,182200,26534406,265917250,191230303,28,5954,531,15,237120,17,12735768,7832,854584,0
The Black Dog,THE TORTURED POETS DEPARTMENT: THE ANTHOLOGY,Taylor Swift,2024-04-19,USUG12401046,"3,892",22,81662552,2325,7529867,67,4458555,71024,182200,26534406,265917250,24022111,8,191,86,1,2842,21,1083938,699,854584,1
Hoa Cï¿½ï¿½ï,Hoa Cï¿½ï¿½ï,Phong Max,2023-04-25,VNA1M2204855,"3,912",22,4168391,962,77885,41,76086431,395306,892577,17271410,439939868,98142716,28,5954,86,15,237120,17,12735768,7832,14755,0
I Know,I Know,Kanii,2023-03-10,USWB12300650,"3,914",22,49939720,15725,2639765,54,48845907,743713,450203,228122883,1646887640,86475705,4,178,1056,4,129006,3,232181,1034,510234,1
lost souls,The Melodic Blue,Baby Keem,2021-09-22,USSM12107536,"3,889",22,206432478,79180,9708315,64,25049879,343490,54,30404,404172,1213122,17,5954,39,9,27327,4,12735768,7832,1078453,1
Don't You Know,Don't You Know,Crosby St. Models,2022-08-12,GBPVV2204622,"3,890",22,239850720,1,2,67,357790871,2127672,182200,26534406,265917250,74010765,28,1,86,15,237120,17,12735768,7832,35,0
Se Joga no Passinho,Se Joga no Passinho,Brisa Star,2021-06-18,BXI8I2100073,"3,901",22,110101642,13672,3376873,50,381825698,3084540,590600,81126130,1314262368,9386301,10,1326,86,5,109859,3,12735768,7832,384085,0
Girls,Girls - The 2nd Mini Album,aespa,2022-07-08,KRA302200097,"3,923",22,115406939,11617,5520626,62,267348363,3146913,63600,49841018,401260794,127523080,13,1048,10,6,24059,17,399110,156,249490,0
The Last Goodbye (feat. Bettye LaVette),The Last Goodbye (feat. Bettye LaVette) - Single,ODESZA,2022-02-08,GBCFB2100832,"3,905",22,122957173,65839,15313309,58,35159391,434406,115114,56371535,1408619017,1484274,27,5136,19,3,92265,26,1757068,1442,1713873,0
Overloading (OVERDOSE),"Overdose (feat. LADIPOE, Magixx & Boy Spyce) - Single",Mavins,2022-05-13,NGA3B2201001,"3,920",22,58523865,18165,3041519,53,12161436,65390,1615764,20096339,235951162,98142716,40,5319,86,4,345978,30,1650148,193,2217236,0
shipping,Follow Your Nature,great area,2022-12-15,UKKTQ2200011,"3,902",22,130895,259,4467,25,276105789,577586,182200,26534406,265917250,98142716,28,102,86,1,432,17,12735768,7832,162,0
Mood - Remix,Mood (Remix),Zero Two,2021-06-09,VNA0R1989249,"3,899",22,10265841,3742,374428,67,148269610,1257935,3700000,133726615,1593175441,98142716,28,5954,86,15,237120,17,12735768,7832,854584,0
Chasing After You (with Maren Morris),Chasing After You (with Maren Morris),Ryan Hurd,2021-02-12,USRN12000200,"3,906",22,198942707,22915,8881878,56,61690062,458819,16235,2860585,30889183,199926537,43,125527,29,6,1492,28,271772464,21935,993457,0
Kini Ecko Pergi Meninggalkanku,Kini Ecko Pergi Meninggalkanku,Ecko Show,2022-10-06,IDA832200929,"3,917",22,3479935,487,24227,29,45732371,409950,1802891,176753219,2877575926,98142716,28,41,86,15,237120,17,12735768,7832,20289,0
LOOOVE (feat. Kid Cudi),UTOPIA,Travis Scott,2023-07-28,USSM12305018,"3,919",22,72380469,32141,3198359,63,2630153,52698,1049,384088,4244746,98142716,4,19,86,2,237120,8,228994,212,50640,1
Oddara (feat. Mercedes Salinas),Oddara,Overcast,2022-07-10,SE6SA2261140,"3,888",22,239850720,32312,13259481,67,376956912,1462872,182200,26534406,265917250,98142716,28,6,86,15,237120,17,12735768,7832,854584,0
Bahagiaku Sederhana,Bahagiaku Sederhana,Jamik Jams,2021-10-21,SGB502102465,"3,895",22,271438,59,12313,21,132812,1120,3002324,31242189,584146089,98142716,28,1,86,15,237120,17,12735768,7832,4655,0
"Paint It, Black",Forty Licks,The Rolling Stones,2023-07-26,USA172010502,"3,911",22,1196773729,28,3079,67,148269610,1257935,182200,26534406,265917250,98142716,2,5954,86,15,237120,17,12735768,7832,854584,0
Beautiful People (Stay High),Beautiful People (Stay High),The Black Keys,2024-01-12,USNO12300381,"3,893",22,11742947,3009,4663533,67,3396529,59923,508,26534406,265917250,85734574,22,54628,189,14,153473,41,1270316,126,170867,0
UNA CERVEZA,Pa las Baby's Y Belikeada,Fuerza Regida,2023-10-20,QZ9QQ2300794,"3,908",22,159876075,8225,21015676,79,36524769,320572,3716,2060712,14846248,210170562,14,73,2,13,1870957,15,2435321,3305,595774,1
Down With Me,Down With Me,Lil Tecca,2024-01-04,USUM72400053,"3,915",22,65300464,14158,6850591,67,4790924,57022,182200,26534406,265917250,98142716,1,102,932,1,5156,17,443701,409,854584,1
"SG (with Ozuna, Megan Thee Stallion & LISA of BLACKPINK)","SG (with Ozuna, Megan Thee Stallion & LISA of BLACKPINK)",DJ Snake,2021-10-22,USUG12103119,"3,909",22,289013053,32179,23070902,63,256030564,6371436,106500,50061756,358391850,529655205,29,279,155,21,214565,8,800597,1062,1479802,1
Pink Friday Girls,Pink Friday 2,Nicki Minaj,2023-12-08,USUM72318696,"3,897",22,63109089,9844,4936627,67,8224997,155956,182200,26534406,265917250,109817163,6,6805,326,7,374723,1,19808951,3905,232247,1
Teresa & Maria,Teresa & Maria,alyona alyona,2024-01-11,UAEO12300107,"3,916",22,31380070,2862,2254638,73,48986579,533216,182200,26534406,265917250,57002839,19,2869,86,13,250087,10,12735768,7832,287707,0
Conversations,Legends Never Die,Juice WRLD,2020-07-10,USUG12001896,"3,904",22,407701213,93838,13263446,68,151055875,1970235,62617,2249162,22493087,165659936,14,10,86,6,61522,17,27808738,22415,724745,1
De Vuelta Pa' La Vuelta,De Vuelta Pa' La Vuelta,Daddy Yankee,2020-12-10,US2BU2001211,"3,910",22,164788147,23301,15473906,62,426336235,1881474,20700,3047195,44074315,15887557,23,27670,21,5,14722,13,20338538,8701,1159159,0
Sunshine,Sunshine,OneRepublic,2021-11-10,USUM72100506,"3,898",22,426609723,59377,40654330,73,21063557,222445,20366,7424142,85043400,107775025,58,416,37,46,360130,15,85107847,21991,791789,0
Walk,Walk/Spin,Kodak Black,2022-09-16,USAT22214755,"3,903",22,62323136,33941,10580136,54,34075392,466729,12660,2989810,25342217,26163643,6,2750,544,1,4517,17,3561732,2328,288137,1
9 bis 9,9 bis 9,SIRA,2023-05-05,DEKF22300419,"3,935",22,107950388,34675,5950045,66,1812251,22038,30050,3246009,30673708,134478578,18,15873,86,11,3411294,7,12735768,7832,275083,0
Bailando,Bailandome,El Jordan 23,2022-02-10,QZFZ72288773,"3,954",22,138986512,24359,2386279,61,266765542,1330194,89573,33563623,240950847,102272379,4,609,86,1,3148,17,12735768,7832,410223,0
Runaway (U & I) [Dance],"This Is MELON, Vol. 1 (Dance)",MELON,2023-02-24,ZZOPM2342242,"3,961",22,13502324,3124,10531046,42,212073431,567112,36441,6215572,136579723,98142716,1,1,86,3,167042,17,5297,240,106448,0
Hasta la Miel Amarga (feat. Grupo Firme),Hasta la Miel Amarga (En Vivo),"Luis Angel ""El Flaco""",2020-05-01,QZDQH1832675,"3,940",22,164007720,14849,8963601,41,588981015,1697071,8234,1704435,18781987,15664693,1,1712,86,15,237120,8,37364914,7485,491755,0
Love Me Like This,expï¿½ï¿½rgo ,NMIXX,2023-03-21,US5TA2200195,"3,937",22,96439278,9999,5451670,64,153565263,1299976,34860,36819235,208385821,51855304,6,789,11,2,192,17,315735,388,178962,0
Buss It,Buss It,Erica Banks,2020-05-15,USUYG1312999,"3,936",22,145000664,32202,13605018,53,114367853,1294275,2840314,966925936,7546931289,68697361,34,27382,144,13,13556,16,12735768,7832,1452339,1
Five Nights at Freddy's,Five Nights at Freddy's (Original Motion Picture Soundtrack),The Newton Brothers,2023-10-27,USQ4E2205224,"3,941",22,17822349,5850,722543,67,23346903,555249,385700,76117590,591105266,98142716,2,2,86,15,237120,17,88794,1421,143370,0
BODYGUARD,COWBOY CARTER,Beyoncï¿,2024-03-29,USSM12402709,"3,956",22,56412921,4391,32285153,67,5216744,84090,182200,26534406,265917250,281032,31,2062,86,33,1259894,30,875660,755,96344,1
Matte Black,"Sing Me a Lullaby, My Sweet Temptation",$uicideboy$,2022-07-29,QZAPK2000269,"3,938",22,162889846,45505,2568098,69,82186979,804789,16659,8712382,49371617,4329789,1,1319,22,1,53318,17,6608498,3600,351439,1
Uhaw,Uhaw,Dilaw,2022-11-18,PHW012200294,"3,958",22,42862565,5084,1645697,54,9151739,70548,1712700,62906993,670266290,98142716,3,8,86,15,237120,17,12735768,7832,8995,0
FRIKI,FRIKI,Feid,2021-12-10,USUM72123054,"3,939",22,255973824,28166,14221715,71,230466044,1013942,122297,27668937,333978136,194906618,30,13244,265,14,276606,22,24601618,1616,429833,0
GOAT,Goat - Single,Number_i,2024-01-01,JPY932300029,"3,951",22,34820660,762,2929511,66,68873278,518809,182200,14000,173000,529004884,8,620,86,1,9615,5,12735768,7832,213386,0
Bondade de Deus,Bondade de Deus,Isaias Saad,2022-02-21,BCII12200001,"3,960",22,91842323,15910,8695499,63,237180411,1961210,554995,6613662,149090596,508469,10,82,86,56,7488178,9,12735768,7832,854584,0
Let The Light In (feat. Father John Misty),Did you know that there's a tunnel under Ocean Blvd,Lana Del Rey,2023-03-10,GBUM72206754,"3,932",22,240686521,33016,33841199,75,21619,626,159400,53743157,349168412,98142716,3,2028,22,13,499463,5,912274,2652,632580,0
NINNIN JACK,DEPARTURE,IMP.,2024-05-29,JPY932300076,"3,927",22,207454,23,356969,67,8963678,36984,182200,26534406,265917250,98142716,4,63,86,15,237120,4,12735768,7832,2055,0
Love 119,Love 119,RIIZE,2024-01-05,KRA302400001,"3,928",22,40415304,2509,8351511,59,56771181,675344,25800,664843,3801500,629039777,10,1266,13,5,158455,15,19933,62,80350,0
UP,UP,INNA,2021-10-29,ROGRA2101937,"3,944",22,35440292,7611,1055511,49,105583094,723839,1783882,35896632,1048666929,5222774,8,34144,86,9,457320,17,77119,48,2431616,0
Gotta Move On (feat. Bryson Tiller),The Love Album: Off the Grid (Extended),Diddy,2023-09-20,USUG12203038,"3,934",22,44931644,309,110085,67,2181868,26263,182200,26534406,265917250,98142716,5,117928,86,15,237120,17,6020706,3426,854584,0
Chasing Game,Various Worldwide IV,Nick Hanzo,2022-07-01,DEH742211994,"3,946",22,239850720,1,80,67,377233092,352337,182200,26534406,265917250,2971609,28,11,86,15,237120,17,12735768,7832,18,0
LOS APARATOS,LOS APARATOS,El Alfa,2022-08-03,QM6P42213591,"3,943",22,137720938,30579,5580377,65,153725209,1337733,1167,47967,950882,3483302,12,9181,40,6,67183,1,3762219,1338,602689,0
ýýQuýý Nos Pasýý?,ýýQuýý Nos Pasýý? - Single,Anuel AA,2022-05-26,QM6MZ2220000,"3,926",22,161990851,31668,4718236,68,187450025,1297403,9929,2748358,28786547,341414931,5,576,86,1,31377,17,1465671,515,412492,1
I GUESS I'M IN LOVE,I GUESS I'M IN LOVE,Clinton Kane,2021-08-20,USSM12104467,"3,959",22,416972132,75352,37597369,63,27881902,283314,262243,132202012,1003766991,5373,37,6452,4,30,154015,15,10462787,8208,791890,0
Tapï¿½ï¿½o Na ,Som No Talo,Raï¿½ï¿½ Saia Ro,2021-01-22,BRS4R2000060,"3,933",22,196159389,21913,6808067,53,452999889,2998357,226305,21523496,349411180,246973235,23,1944,86,49,201574,5,12735768,7832,360078,0
Angry,Angry,The Rolling Stones,2023-09-06,GBUM72302314,"3,953",22,31185560,10629,9924829,67,31460860,421898,182200,26534406,265917250,17219087,28,43699,86,17,1899063,36,3754757,2339,439886,0
SWEET / I THOUGHT YOU WANTED TO DANCE,CALL ME IF YOU GET LOST,"Tyler, The Creator",2021-06-25,USQX92102138,"3,947",22,269671235,93761,9361340,69,36399833,578718,47742,29143512,124695761,9213,10,1366,86,3,12887,9,634409,3067,551470,1
Yes I'm A Mess,Yes I'm A Mess,AJR,2023-09-29,USUG12305391,"3,948",22,43940810,6918,9962020,67,13505487,255255,247,525527,7067986,15730507,8,47852,371,3,3267,17,22282533,6052,202276,1
Saiyaan Ji,Saiyaan Ji,Yo Yo Honey Singh,2021-01-27,INS182100158,"3,942",22,39793463,5646,1398949,48,585353915,6571121,182200,26534406,265917250,228557696,1,1059,86,15,237120,3,12735768,7832,197659,0
VVS Switch,VVS Switch,Pressure 9X19,2023-10-10,QZSYP2394390,"3,929",22,44343451,5241,2934957,67,68122505,1142953,10200,8722857,57791681,13550330,28,2,86,15,237120,17,42761,104,270429,1
DISPO,DISPO,KAROL G,2023-08-10,USUG12305267,"3,952",22,113567783,11700,10018246,68,70427226,409549,182200,26534406,265917250,98142716,7,1330,4,2,239220,16,10704039,792,134837,1
Obsessed,Obsessed,Riar Saab,2022-09-29,QMBZ92299094,"3,972",21,161366691,18781,6151558,64,167537164,1497169,133300,16562523,286891984,98142716,22,918,86,1,1097,9,12735768,7832,479047,0
Here We Go (Uh Oh),Here We Go (Uh Oh),Coco Jones,2024-05-03,USUM72404366,"3,978",21,3459469,675,18922968,67,30547,846,182200,26534406,265917250,98142716,18,8785,86,3,208991,29,3989935,392,133763,0
Madrid City,Madrid City,Ana Mena,2023-09-29,ES5022302278,"3,966",21,64860954,8481,12819927,67,30204546,157044,42288,52602381,462395885,93824319,53,26994,86,41,11320652,27,7026,51,885647,0
Bring It on Home to Me,Soul Essentials : Chill With the Legendary Voices of Soul Music,Sam Cooke,2024-03-28,FR6F32334310,"3,990",21,293683495,2,12,67,148269610,1257935,182200,26534406,265917250,98142716,28,5954,86,15,237120,17,12735768,7832,854584,0
Ropa Cara,Ropa Cara,Camilo,2021-01-18,USSD12000609,"3,979",21,185362995,19981,3838967,50,315331221,3732558,1115600,148110661,1309968091,33382623,43,11813,203,9,83927,17,3615841,5623,421946,0
Straightenin,Straightenin,Migos,2021-05-14,USUG12100188,"3,968",21,135665686,61959,9905843,51,158341543,1541456,22945,8690617,98085095,79102641,67,35358,2,16,139088,11,36411677,7544,1039383,1
Espectacular,Espectacular - Single,Sky Rompiendo,2024-04-18,USSD12400197,"3,971",21,29254420,3415,44650919,67,4214564,68306,182200,26534406,265917250,7608525,30,1177,42,21,184327,32,1037782,89,124413,0
Ron Artest,Ron Artest,Babyface Ray,2023-02-08,USUYG1468508,"3,973",21,63725545,28846,5713050,65,17655608,162513,200,31919,243757,98142716,5,42,242,15,237120,17,12735768,7832,386729,1
Different 'Round Here,Different 'Round Here,Riley Green,2023-05-11,QZRD92302492,"3,980",21,74806048,9014,9899290,60,148269610,1257935,5369,1117305,11672926,98142716,14,141886,86,7,1677801,9,1176095,188,157134,0
Drift Night,Drift Night,Alfianie,2022-07-30,SGB502231047,"3,967",21,218621,137,18188,29,148269610,1257935,2101254,52544476,1029125885,98142716,28,5954,86,15,237120,17,12735768,7832,854584,0
Jennifer's Body,A Great Chaos,Ken Carson,2023-10-13,USUM72314188,"3,986",21,53163000,24166,3988753,67,148269610,1257935,1636,645737,5105135,98142716,1,31,219,3,417707,2,206234,758,65875,1
bread & butter,bread & butter - Single,Gunna,2023-06-02,USAT22305917,"3,977",21,50098085,29986,3865630,54,30556463,330529,6120,815019,9089105,61703814,40,1160,86,2,5937,17,4935955,1789,280974,1
ýýýýýýýýýýýý,ýýýýýýýýýýýý,Aimer,2021-12-06,JPU902104729,"3,975",21,227696852,34276,6961653,63,250190214,1270608,182200,26534406,265917250,86777760,35,1922,86,5,8662,3,662602,324,403076,0
Smile (with The Weeknd),Legends Never Die,Juice WRLD,2020-07-10,USUG12002597,"3,984",21,463970393,92879,13210421,62,130269657,1671937,5289,125617,1309847,14422648,46,10816,86,16,6406,11,42898693,20772,793274,1
XXL,EL CHAVO,UZI,2022-09-09,FRX762205380,"3,962",21,70664645,13324,1760479,58,246582532,3314166,26400,4104584,69529104,98142716,1,706,86,15,237120,17,12735768,7832,84153,1
Yes or No,GOLDEN,Jung Kook,2023-11-03,USA2P2348392,"3,970",21,167384917,7556,4756460,67,46061623,617032,182200,1932205,14147233,42351748,4,1653,21,2,340015,17,885984,803,172882,0
Entrapreneur,Entrapreneur,Central Cee,2023-12-21,USSM12309238,"3,987",21,27850857,13873,8249759,67,13933188,336872,182200,26534406,265917250,235522928,10,3421,711,18,237640,12,983003,74,84148,1
MONEY AND VIBES,MONEY AND VIBES,Nemzzz,2023-10-19,US38Y2305407,"3,985",21,35900099,17596,1306168,67,3551154,60217,43374,5449953,45531637,98142716,5,782,86,2,55922,3,12735768,7832,93958,1
Macarena (Bayside Boys Remix) (Remasterizado),Viva el Verano (Remasterizado 2022),Los Del Rio,2022-06-17,ES5022201032,"3,989",21,239850720,32312,13259481,67,148269610,1257935,182200,26534406,265917250,98142716,28,5954,86,15,237120,17,15187618,395261,854584,0
Yakï¿½ï¿½ï¿½ï,Yakï¿½ï¿½ï¿½ï,Kï¿½ï,2023-11-24,TRAUR2300059,"4,017",21,63563583,3408,7197789,69,58005062,102744,182200,26534406,265917250,388282635,12,12752,86,4,1584544,17,12735768,7832,158526,0
Por las Noches (Remix),Por las Noches (Remix) - Single,Peso Pluma,2023-02-27,USQX92301266,"4,023",21,129370457,14028,4216550,62,137242871,910371,8604,9221690,100106095,94322,8,851,86,6,40004,7,4613918,1202,350394,0
TABU.,TABU.,Yung Yury,2023-03-17,QZES82389788,"4,009",21,110533607,40021,4746927,63,7522346,53344,32406,5368267,54432181,98142716,12,8656,86,4,8084,2,12735768,7832,269055,0
Toxic,Toxic,YG,2022-08-12,USUM72215025,"4,006",21,36861625,18739,2015690,48,45862527,493206,79369,18282687,146110913,924079774,7,131332,626,7,25236,4,28403185,9070,1083165,1
"Hua Main (From ""ANIMAL"")","Hua Main (From ""ANIMAL"")",Raghav Chaitanya,2023-10-11,INS182302918,"4,004",21,97393603,4072,7100504,67,89293152,804501,182200,26534406,265917250,156370261,11,5954,86,15,237120,8,12735768,7832,80167,0
Patadas de Ahogado / LATIN MAFIA - Rework,Patadas de Ahogado / LATIN MAFIA (Rework),HUGEL,2024-03-01,MXF012400211,"4,012",21,30377279,7417,41642055,67,454550,7485,182200,26534406,265917250,3117914,20,140,3,37,400425,17,6058,80,722006,0
Avï¿½ï¿½,Avï¿½ï¿½,Lucky Brown,2024-05-03,CLA1D2400046,"4,020",21,12589295,889,15385715,69,13732957,115078,182200,26534406,265917250,18929938,2,5954,86,15,237120,17,2829,3,34082,1
Solid (feat. Drake),Slime Language 2,Young Stoner Life,2021-04-16,QMCE32100237,"3,992",21,277393068,103470,22919370,61,932111,15329,833,622471,6843990,98142716,73,4738,86,15,63439,8,35674166,4422,772897,1
House Of Lies,House Of Lies,Ikka,2024-05-24,INS182401441,"4,013",21,5200791,137,2965343,42,10354894,189908,182200,26534406,265917250,19904542,9,9,86,15,237120,6,12735768,7832,3744,0
Stop Breathing,Whole Lotta Red,Playboi Carti,2020-12-25,USUM72024691,"4,002",21,178750521,76739,7135729,66,33772398,478840,13400,13371649,88268263,65457710,7,32,86,3,1625,17,392907,2314,337335,1
The Rapture Pt.III,The Rapture Pt.III - Single,&ME,2023-06-09,DEEC33501048,"4,016",21,34601626,34272,14914861,65,148269610,1257935,623,60724,869444,98142716,20,158,86,9,38641,21,12735768,7832,989728,0
Hate You,GOLDEN,Jung Kook,2023-11-03,USA2P2348394,"4,021",21,104618147,5815,3269253,67,49859367,2196731,88400,4620477,21112856,396885729,1,124,5,1,337935,1,639507,411,120750,0
Spell,SEVENTEEN BEST ALBUM '17 IS RIGHT HERE',SEVENTEEN,2024-04-29,USA2P2415977,"3,998",21,9866591,621,1236012,67,16856738,641553,182200,26534406,265917250,5822984,28,14,86,1,5134,17,32264,31,20583,0
Chase It (Mmm Da Da Da),Chase It (Mmm Da Da Da),Bebe Rexha,2024-05-17,USWB12401323,"3,995",21,6958248,1226,59656421,67,2816970,81956,182200,184,4881,78719562,32,3635,102,25,1379653,70,339888,63,49922,0
So Fine,So Fine,Realest Cram,2023-07-08,DGA052326707,"3,996",21,52265945,3957,3289713,62,39586218,99471,719700,19158587,160140881,98142716,28,5954,86,15,237120,17,12735768,7832,9518,1
My Universe,My Universe - Single,Coldplay,2021-09-24,GBAYE2100910,"3,994",21,239850720,32312,13259481,67,108142,917,182200,26534406,265917250,98142716,133,437950,86,15,237120,17,12735768,7832,5413560,0
Banco do Carona,Banco do Carona,Mc Don Juan,2023-04-14,BRWMB2300660,"4,019",21,71078859,9468,8189292,60,152076565,714710,5397,1222669,14276253,11338650,3,5954,86,18,271037,2,12735768,7832,138592,0
DISCOTEKA (feat. Locura Mix),DISCOTEKA (feat. Locura Mix),The La Planta,2023-02-16,BK4DA2301022,"4,001",21,89073254,15308,4179773,60,142372911,435060,81000,5183143,64861163,98142716,28,965,86,15,237120,4,223,7832,93551,0
thanK you aIMee,THE TORTURED POETS DEPARTMENT: THE ANTHOLOGY,Taylor Swift,2024-04-19,USUG12402546,"4,018",21,65809859,1728,11038428,67,6877351,113555,182200,26534406,265917250,98142716,5,147,86,1,110574,19,1318153,2436,20504,1
Terre Pyaar Mein,Terre Pyaar Mein,Himesh Reshammiya,2021-08-20,USA2P2128140,"3,997",21,7762464,955,135906,40,504812090,3667632,40000,1722043,36027436,98142716,28,52,86,15,237120,17,9308,7832,113112,0
Lifetime,Lifetime,Tobiahs,2024-01-12,AULI02355900,"4,010",21,33401958,9093,38460085,67,2070128,36023,182200,26534406,265917250,474165,18,3829,111,15,410514,8,114171,65,292069,0
Numero Uno,Numero Uno,Dan-E-MC,2022-06-15,ITC152220010,"4,007",21,1224,3,695,67,389845206,2639618,182200,26534406,265917250,1641197,28,3,86,15,237120,17,12735768,7832,854584,0
Flowers,Flowers,Lauren Spencer Smith,2022-04-14,USUG12202201,"4,000",21,260183209,36176,9276256,65,64169463,486007,106827,32754226,295540554,2547376419,31,15877,62,12,298664,15,12043516,18797,626257,1
DOLLAZ ON MY HEAD (feat. Young Thug),WUNNA,Gunna,2020-05-22,QMCE32000228,"4,035",21,390498074,113725,17440703,64,85842981,807191,103312,30691362,268907515,4634777,37,7530,66,20,16541,8,14200687,8094,835203,1
7 Summers,7 Summers,Morgan Wallen,2020-08-14,QZ22S1800133,"4,038",21,433429705,47966,7954524,73,108280492,418212,404913,40464743,273205308,162712220,33,44492,14,2,3148,15,77905510,39530,667963,0
Lollipop - Remix,Lollipop (Remix),Darell,2024-02-15,USSD12300732,"4,044",21,50761385,6296,38839254,67,15098694,116415,182200,26534406,265917250,106198768,23,3691,86,24,311358,8,1141308,347,146284,1
BOTH,BOTH,Tiï¿½ï¿,2023-08-29,CYA112300090,"4,048",21,60776379,15554,30777157,67,10032098,98573,1557,1080992,41222378,108512,28,52512,151,15,237120,17,12735768,7832,854584,0
River,Endless Summer Vacation,Miley Cyrus,2023-03-10,USSM12209783,"4,032",21,132653623,15227,7111182,59,51695313,709774,23486,6323191,65838521,88141082,40,71387,634,31,907532,33,7371225,1092,434881,0
Extssy Model,Mi Vida En Un Cigarro 2,Junior H,2022-02-11,USWL12200134,"4,046",21,293017219,21333,6926082,74,220479914,1074637,152800,36183080,228557824,98142716,1,13,86,5,6187083,2,1886143,1549,653919,0
Suzume,ýýýýýýýýý,RADWIMPS,2022-09-30,JPV972200075,"4,036",21,151179942,30909,4476490,63,71184530,866717,81501,48171421,617882237,80772548,9,444,86,1,337935,1,509402,634,2567736,0
Ashes,Ashes,Stellar,2020-05-03,QZDA52012875,"4,027",21,286057865,73783,7257676,67,182898963,2201213,807105,359078764,2702536885,30628251,22,195,86,3,13970,17,9382744,14536,1148477,1
Copa Vacï¿½,Copa Vacï¿½ï¿½a - Si,Shakira,2023-06-29,USQX92300694,"4,040",21,147537573,17322,17844679,63,13918496,120215,16923,5394153,68517237,98142716,46,45181,317,37,662279,31,4161017,802,477464,0
"WHATS POPPIN (feat. DaBaby, Tory Lanez &amp; Lil Wayne) - Remix","WHATS POPPIN (feat. DaBaby, Tory Lanez & Lil Wayne) [Remix]",Jack Harlow,2020-06-24,USAT22003620,"4,051",21,742255774,117293,24138527,62,148269610,1257935,182200,26534406,265917250,98142716,52,39896,86,30,258351,17,12735768,7832,1515661,1
Heyy,Heyy,Lil Baby,2022-10-10,USUG12207229,"4,039",21,66617153,34503,4137767,51,29347420,343023,64508,20731098,139786101,171021132,11,73533,319,3,9039,6,12097086,5503,393975,1
sonnenbank.mp3,sonnenbank.mp3,YAKARY,2023-11-24,DGA0L2397076,"4,026",21,61127558,16750,2767597,67,6762701,61532,182200,860217,10188593,87127057,5,5807,86,3,6181211,1,12735768,7832,107992,1
Rampampam,Rampampam,Minelli,2021-03-18,ROGRA2101471,"4,041",21,123191456,30942,3676550,57,152552030,910614,756819,43402019,1139849739,5666042,47,61030,86,25,380931,17,284379,7832,5687186,0
WA DA DA,FIRST IMPACT,Kep1er,2022-01-03,KRA492101456,"4,043",21,172657413,16436,4057129,54,272201730,4399092,386666,228532871,1992357477,132153989,17,2619,148,3,6338,2,415556,423,445034,0
AHHH HA,AHHH HA,Lil Durk,2022-02-22,USQX92200794,"4,024",21,104411097,51535,9471098,54,128163786,1321268,25400,7039088,64467510,262437541,19,6187,320,6,20046,3,14136317,5643,382012,1
Do It Like That,Do It Like That,TOMORROW X TOGETHER,2023-07-07,USA2P2330060,"4,031",21,102643968,11419,7392399,59,64931319,1474575,56783,80668110,432572281,48550765,7,22946,360,11,490225,5,1097475,419,288636,0
Nakhrewali,Nakhrewali,Prashant Nakti,2024-03-04,INE182439277,"4,049",21,6740285,123,316142,67,45885773,382184,182200,26534406,265917250,98142716,28,5954,86,15,237120,17,12735768,7832,7404,0
BEBECITA,BEBECITA,Skolim,2024-05-31,FRX872472215,"4,042",21,115283,17,9351,67,7869218,72222,182200,26534406,265917250,98142716,28,1,86,15,237120,17,12735768,7832,1083,0
Enjoy Enjaami,Enjoy Enjaami,Dhee,2021-03-05,TCAFK2171359,"4,054",21,44231951,7286,1484104,50,549781386,5379716,35,1308,29422,9424,17,301,86,15,237120,5,12735768,7832,137205,0
Bezos I,Inside (The Songs),Bo Burnham,2021-06-10,USA2P2122060,"4,050",21,225256279,53441,4357998,60,76742047,1632194,1026966,452348294,3664416923,995889,11,105,291,1,3316,17,1913860,10222,1502927,1
Pelle Coat,Pelle Coat,Lil Durk,2023-05-25,USQX92303167,"4,055",21,25898720,17854,1809445,50,21808363,173005,6354,981910,16324229,98142716,30,413,4,5,57064,8,2593246,1419,317600,1
22,22,JayO,2023-02-22,US39N2300484,"4,079",21,87001628,30898,12034538,62,20680259,263409,269738,68378856,566961428,506356,25,4472,86,8,201337,41,43448,383,845534,1
No Love,Still Over It,Summer Walker,2021-11-05,USUM72118238,"4,063",21,265040914,45783,18436392,69,103282847,1061969,30239,17949240,131770714,88164139,47,27632,393,16,1044791,11,54318284,11524,986619,1
Fly Away,Fly Away,Tones And I,2020-11-13,USAT22006865,"4,076",21,419557907,58857,14747928,64,60022490,600320,458353,84319796,1034246968,920471,121,77964,86,25,49224,6,40419797,12929,1881817,0
Mayor Que Usted,Mayor Que Usted - Single,NATTI NATASHA,2022-06-17,USB272200101,"4,068",21,120404381,17334,6356554,54,217520607,1240522,182200,26534406,265917250,225074756,17,22234,189,6,61127,13,15594160,1357,446475,0
Tï¿½ï¿½moignage (L,Tï¿½ï¿½moignage (Live) - Si,Eunice Manyanga,2022-11-28,USL4Q2261458,"4,067",21,740008,335,8055,34,22163251,83415,1489200,4126117,81729317,98142716,1,5954,86,15,237120,17,12735768,7832,106673,0
ALCH SI,Alch Si,Carin Leon,2023-11-30,BK4DA2323373,"4,061",21,125938742,6042,9378348,67,44462722,287551,182200,26534406,265917250,273265348,5,5954,86,10,8755716,13,12735768,7832,306536,0
FARDOS,FARDOS,JC Reyes,2024-02-16,BK4DA2403089,"4,072",21,52585215,5947,11632200,71,17820860,131403,182200,26534406,265917250,80680292,9,1988,86,7,537320,4,12735768,7832,175168,0
Martini,Martini,Dei V,2024-04-25,QZWA32200524,"4,073",21,19104053,2466,16540673,72,7306812,69075,182200,26534406,265917250,337420,11,24,86,2,34690,8,47845,43,65699,1
Favorite Song - Sped Up,Favorite Song (Versions) - Single,Toosii,2023-02-17,USUM72302519,"4,066",21,11923405,2423,1259173,41,148269610,1257935,1499296,63387833,527232531,98142716,1,281,86,15,237120,8,269872,4453,151982,0
Out Of My Hands,WE STILL DON'T TRUST YOU,Future,2024-04-12,USSM12403103,"4,062",21,19420471,5261,2177045,67,2121380,35442,182200,26534406,265917250,98142716,1,27,86,15,237120,17,149594,198,91683,1
LOT OF ME,We Love You Tecca 2,Lil Tecca,2021-08-27,USUM72113387,"4,069",21,318061543,75726,14866086,73,44097619,664394,209608,39645243,300555534,3338216,4,99,11,15,237120,9,2366166,13479,284740,0
Mil Veces,Mil Veces,Anitta,2023-10-20,USUG12307259,"4,070",21,58594676,4863,7797990,67,51423861,642905,161312,47894998,539493388,81965895,16,8512,86,34,952107,25,140407,124,163905,0
Yaar Ka Sataya Hua Hai (feat. Nawazuddin Siddiqui),Yaar Ka Sataya Hua Hai,B Praak,2023-07-03,INUM72300807,"4,060",21,45306335,1868,1204901,54,147259041,1596909,39300,1536089,42269499,85756632,28,371,86,15,237120,3,178,7832,88781,0
Members Only (feat. PARTYNEXTDOOR),For All The Dogs,Drake,2023-10-06,USUG12306079,"4,075",21,64168685,21270,4593922,67,8485348,63704,182200,983,11535,32269965,6,57,86,15,237120,1,3126381,1798,222113,1
Off The Record,Off The Record,IVE,2023-10-06,QMDA72364151,"4,064",21,58048453,6562,1953126,67,67978137,688436,86755,5327214,51771253,567722458,9,518,86,3,377,9,143565,87,118130,0
BABY SAID,RUSH!,Mï¿½ï¿½ne,2023-01-20,ITB002200844,"4,057",21,166942258,24993,16530205,71,23143608,205874,8410,2746100,39481015,65085,26,62922,17,36,472187,19,2760534,758,1172656,0
Gangstas,Shoot For The Stars Aim For The Moon,Pop Smoke,2020-07-03,USUM72013354,"4,065",21,234889039,106769,6840214,62,121584355,1028988,116976,8193597,118304933,9912,12,224,86,3,68030,17,18538610,3946,754490,1
Alone,Alone,Rod Wave,2022-08-09,USQX92203746,"4,098",21,64562541,14704,1868777,55,63051891,588504,28159,4803835,38123007,177562407,11,1310,181,1,2011,3,20018298,19518,262393,1
Veggie Dance - Remix,Veggie Dance (Remix) - Single,Gracie's Corner,2024-05-31,CH7819500531,"4,091",21,173242,19,378669,67,7618257,63190,226,26534406,265917250,98142716,28,5954,86,15,237120,17,2218,115,3079,0
One Up,One Up,Central Cee,2022-10-13,US39N2202101,"4,101",21,130784398,51124,9618606,62,36578844,497282,6745,1883130,32710454,188396283,10,725,484,3,14835,9,194128,195,222376,0
Revisando El Celu,Revisando El Celu,HCTM,2022-08-03,SGB502230698,"4,093",21,8761,12,1508,67,30515,811,2300000,15589426,290930740,98142716,28,5954,86,15,237120,17,12735768,7832,7836,0
"Not Ramaiya Vastavaiya (From ""Jawan"")","Not Ramaiya Vastavaiya (From ""Jawan"")",Anirudh Ravichander,2023-08-29,INS182302435,"4,085",21,46879854,2866,999328,67,122041931,1323316,182200,26534406,265917250,156331427,6,528,86,15,237120,6,12735768,7832,36868,0
"Are You Going to See the Rose in the Vase, or the Dust on the Table","Are You Going to See the Rose in the Vase, or the Dust on the Table",$uicideboy$,2024-04-19,QZAPK2000495,"4,116",21,28870396,4298,15228224,78,2640169,75740,182200,26534406,265917250,1569095,2,3,103,3,77456,3,522361,224,854584,1
We Laugh And Clap At The Circus,Crash Recoil,Surgeon,2023-03-17,DEF272335104,"4,115",21,37199,138,30013,11,223830750,451451,182200,26534406,265917250,98142716,28,3,86,15,237120,17,245,7832,854584,0
Hit Different,Hit Different,SZA,2020-09-04,USRC12002998,"4,097",21,254979267,50550,13267378,63,234785367,2333652,56460,10523558,76024269,1748619,86,46258,19,32,760820,28,64371686,18949,961364,1
Como En Los Viejos Tiempos,Como En Los Viejos Tiempos - Single,Eden Muï¿½ï,2023-11-20,QZYYM2300004,"4,088",21,37831332,2880,3850183,67,60890936,243887,182200,748585,13570678,316358406,9,5168,3,6,60268,1,6537667,835,304233,0
Baby Car,ýýýýýýýýý ýýýýýý ýýýýýýýýýýýý,Bebefinn,2022-10-28,KRE672200293,"4,110",21,239850720,3,29,67,294039774,440593,182200,21660,1606012,98142716,28,5954,86,15,237120,17,12735768,7832,854584,0
Rubicon Drill,Forever - EP,Laddi Chahal,2022-11-16,DGA062247225,"4,082",21,152564352,10841,5578293,65,179053648,1433419,152500,2597157,34263765,795121,10,30,86,15,237120,4,12735768,7832,170858,0
Un Cigarrillo,Un Cigarrillo,Chencho Corleone,2023-05-04,QZXSR2300001,"4,109",21,113402349,14752,9813030,66,69436829,416921,34800,2064549,32900841,33684945,15,14160,208,9,93689,9,8088042,838,471584,0
Nhï¿½ï¿½ï¿½ Ngï¿½ï¿½ï¿½ï¿½ï¿½i Hay Nhï¿½ï¿½,Nhï¿½ï¿½ï¿½ Ngï¿½ï¿½ï¿½ï¿½ï¿½i Hay Nhï¿½ï¿½,Chau Dang Khoa,2021-04-30,QZMHN2025919,"4,096",21,30269,40,6367,67,148269610,1257935,3665693,73808514,1603097724,98142716,28,5954,86,15,237120,17,12735768,7832,854584,0
Paradise,Paradise,Sophie and the Giants,2023-06-16,DEUM72307270,"4,112",21,31823450,7077,7832473,60,3419656,26067,182200,26534406,265917250,98142716,23,121303,86,26,234938,18,12735768,7832,957656,0
DORA,DORA - Single,FARIANA,2024-03-14,QM4TX2443952,"4,100",21,11328011,1389,3210604,64,30326697,282371,1804,18400796,165220930,8850495,8,513,588,3,6496,6,347060,134,186737,1
Better Place (From TROLLS Band Together),Better Place (From TROLLS Band Together),*NSYNC,2023-09-29,USRC12301385,"4,095",21,69041864,10118,7035846,67,27951941,273780,13519,6248728,57013361,65010,31,44,19,19,77583,36,7400345,18047,877878,0
Spicy Margarita,Spicy Margarita,Jason Derulo,2024-01-25,USAT22314111,"4,118",21,37640497,4937,3578804,4,8782557,173663,182200,349900,11800000,102714703,10,20426,86,10,45058,42,1291893,1211,461736,0
Energy,Energy,Digga D,2023-03-09,GB2DY2300114,"4,113",21,43078993,31275,2195709,52,10699230,123634,134000,30597301,306310318,98142716,9,3645,103,15,237120,5,28410,47,128246,1
Rockstar (2020 Remaster),All The Right Reasons (15th Anniversary Expanded Edition),Nickelback,2020-10-02,USRH12000116,"4,084",21,537623170,4310,1312897,66,148269610,1257935,182200,26534406,265917250,98142716,29,5954,86,15,237120,7,297540832,303019,854584,0
ýýýýýýýýýýýý,ýýýýýýýýýýýý,Omoinotake,2024-01-24,JPU902305217,"4,114",21,46082088,1755,5204396,72,45934211,265825,182200,26534406,265917250,541294021,36,442,86,1,9615,3,12735768,7832,290079,0
Polaroid Love,DIMENSION : ANSWER,ENHYPEN,2022-01-10,USA2P2146748,"4,102",21,283455095,30103,7031163,68,153119745,2763024,574323,302839855,2468865989,118249917,9,3305,21,2,6152,14,1479536,1384,401676,0
HONEY (ARE U COMING?),RUSH!,Mï¿½ï¿½ne,2023-01-20,ITB002301189,"4,083",21,119853822,19565,11856255,67,37691895,577863,5020,3012428,47259081,18252082,41,81324,158,28,322293,39,2063738,533,800498,0
Gyal You a Party Animal - Sped Up,Gyal You a Party Animal (Sped Up) - Single,Charly Black,2022-12-16,FR81J2300013,"4,089",21,36044532,9007,1425539,51,148269610,1257935,1514400,280329364,3580517630,98142716,1,12,86,15,237120,1,12735768,7832,89527,0
Di Mochkila,Di Mochkila,Oualid,2024-01-05,NL4LA2300002,"4,103",21,7506086,2054,1830094,67,63598076,407070,182200,26534406,265917250,75106131,1,669,86,15,237120,17,12735768,7832,126726,0
Margiela,Margiela,Ezhel,2023-10-26,QMFME2377602,"4,135",21,66553836,11570,1999209,67,33759085,174360,85785,4651599,101413456,206584406,5,1632,86,3,6799,17,12735768,7832,133037,1
A Tu Manera,A Tu Manera,Junior H,2024-02-16,QZ9QQ2400131,"4,138",21,60248282,3109,4140595,67,28873716,428928,182200,26534406,265917250,395098267,5,51,86,4,1290245,2,2542304,782,134122,0
SNEAKERS,CHECKMATE,ITZY,2022-07-15,US5TA2200033,"4,128",21,95952617,10516,3921848,56,259567120,4792675,94849,110711487,745339618,136531328,7,1906,54,4,9169,16,320748,429,203035,0
FLECHAZO EN EL CENTRO,TU DUO FAVORITO,YSY A,2023-09-06,QZNJZ2390819,"4,142",21,116625807,13718,8793008,72,53669961,300699,182200,42,305,1485906,28,108,86,5,287329,9,221,7832,57601,0
LET THE WORLD BURN,LET THE WORLD BURN,Chris Grey,2024-03-08,QZZ662445642,"4,136",21,35384383,3522,9365423,74,9732061,192816,182200,26534406,265917250,98142716,4,5954,86,15,237120,17,123192,766,91407,1
ASAP,NewJeans 2nd EP 'Get Up',NewJeans,2023-07-21,USA2P2330074,"4,133",21,112730335,14089,1750375,67,60693447,1433258,99500,22267739,205967218,9441934,5,216,2,15,237120,2,460358,372,118065,0
No Switch,Colors (Deluxe),YoungBoy Never Broke Again,2022-01-21,USAT22200200,"4,119",21,53849840,27244,2184520,60,60416082,619963,23588,5255275,40727724,265664414,28,528,4,15,237120,17,2506210,7341,354115,1
How Did It End?,THE TORTURED POETS DEPARTMENT: THE ANTHOLOGY,Taylor Swift,2024-04-19,USUG12402543,"4,140",21,72634553,2185,14312275,67,6010840,84048,182200,26534406,265917250,98142716,6,48,86,15,237120,21,651838,393,854584,0
Vivencias,Vivencias - Single,Kayz66,2024-06-07,QZNWT2449758,"4,121",21,11495032,4,2765,67,148269610,1257935,182200,26534406,265917250,98142716,28,5954,86,15,237120,17,12735768,7832,162862,1
Rude Boy (Superbowl Klean),Rude Boy (Superbowl Klean) - Single,DJ San,2023-02-21,QZDA82340022,"4,127",21,121283,195,9168,67,230828310,3555140,182200,26534406,265917250,98142716,28,447,86,15,237120,17,12735768,7832,39003,1
Sleazy Flow (with Lil Baby) - Remix,Sleazy Flow (Remix),SleazyWorld Go,2022-05-26,USUG12202987,"4,129",21,127742133,48520,14617698,58,148269610,1257935,17628,4707388,45573722,98142716,20,49234,133,15,237120,18,51580146,8433,806866,1
Run BTS,Proof,BTS,2022-06-10,USA2P2226298,"4,132",21,439395056,23010,21676194,71,148269610,1257935,1159736,489821873,2849048545,98142716,6,1176,86,2,25844,9,1661771,2708,951555,0
Never Sleep (feat. Lil Baby),Never Sleep,NAV,2022-07-29,USUM72214489,"4,123",21,130902100,56267,17813781,56,24521973,347778,75,72402,505539,4036644,29,3981,165,6,439423,11,19232624,1120,555191,1
Iï¿½ï¿½ï¿½m Ju,Barbie The Album,Ryan Gosling,2023-07-21,USAT22305736,"4,124",21,126219979,18525,2916952,60,28725678,608921,97794,79338367,560299833,1863971072,22,5954,18,4,39010,14,998674,8241,363187,0
Sugardaddy,Sugardaddy - Single,Roxy Dekker,2024-04-04,NL9RM2300006,"4,141",21,33677357,4771,7366163,73,2034940,16504,182200,26534406,265917250,2606582,8,4571,86,14,489644,17,12735768,7832,34753,0
Save Me (with Lainey Wilson),Save Me (with Lainey Wilson),Jelly Roll,2023-05-11,QMRSZ2300359,"4,125",21,95946720,13156,15537858,6,148269610,1257935,182200,26534406,265917250,98142716,28,5954,86,15,7631939,17,99124323,25582,854584,0
ROLLIN N CONTROLLIN FREESTYLE,Woo Shit,DUSTY LOCANE,2020-08-06,USUYG1329885,"4,137",21,153213678,70131,7126412,53,66414830,840510,105736,102787553,648833938,4166998,8,1242,86,2,285,17,1830754,2960,642918,1
GO (feat. Juice WRLD),GO (feat. Juice WRLD),The Kid LAROI,2020-06-12,USSM12003703,"4,146",21,488253341,108963,14479778,63,100109974,1553178,30990,14133727,89767528,9762188,44,1100,86,23,129806,5,16247484,11503,854584,1
Backyard Boy,BeVerly Hills BoYfRiEnd,Claire Rosinkranz,2020-08-14,QZHN62022495,"4,168",21,271235105,63488,12356624,60,89752088,1466031,1505601,365097927,2633643813,2461843,29,4084,526,8,16632,6,9035636,7104,676098,0
"Salamin, Salamin",Talaarawan - EP,BINI,2024-03-08,PHS032402600,"4,156",21,58823260,1070,13784216,78,30355534,290040,182200,2121743,25814718,36077293,5,190,86,2,74524,17,12735768,7832,13910,0
Saawariya,Saawariya,Aastha Gill,2021-10-08,INS172104096,"4,153",21,28805237,1873,836098,45,153101388,1717781,2100000,11995964,212490319,98142716,1,270,86,15,237120,1,12735768,7832,105909,0
Mon amour,Mon amour,Slimane,2023-11-08,FRDZ22300550,"4,157",21,53969524,4597,8850447,63,33219103,317942,8208,197907,4711140,109136641,30,25988,86,36,17495352,27,9595,26,470221,0
ýýýýýýýýýýýýýý ýýýýýýýý,ýýýýýýýýýýýýýý ýýýýýýýý,ýýýýýýýýýýýý ýýýýýýýýýýýýýý,2021-01-20,FR10S2137488,"4,151",21,21970517,11053,436364,45,455300901,1789364,187100,17952393,433329532,1129669,17,11,86,2,5452,17,12735768,7832,2938941,0
ýýýýýýýýýý ýýýýýýýýýýýý (ýýýýýýýýýýýýýý),ýýýýýýýýýý ýýýýýýýýýýýý (ýýýýýýýýýýýýýý),5ï¿½ï¿½ï¿,2023-06-02,RUA1D2354001,"4,162",21,7375613,3903,471206,54,136297891,653910,107200,8177945,130470945,409137727,4,1586,86,15,237120,17,12735768,7832,854584,0
Fly high to cloud nine,Fly high to cloud nine,Terry Flow,2022-09-12,QZNWV2289511,"4,165",21,752826,6,15634,13,148269610,1257935,182200,26534406,265917250,98142716,28,5954,86,15,237120,17,12735768,7832,1,1
Rainfall,Rainfall,Tom Santa,2022-02-18,GBUM72200893,"4,167",21,164856432,76735,44649643,70,13263610,131789,620,141091,1806528,98142716,10,393,51,17,26550,14,4678,77,473453,0
Por el Resto de Tu Vida,Por el Resto de Tu Vida,Christian Nodal,2023-01-27,QZQPC2100077,"4,150",21,199953495,13323,14658527,70,107763494,557859,182200,26534406,265917250,122418280,17,12281,24,12,334029,23,20451203,1814,464296,0
23 Preguntas,23 Preguntas - Single,Anuel AA,2021-08-23,QMFME2196017,"4,158",21,154250706,31969,7964623,66,284578688,1844499,48300,5657914,57372493,25292068,20,1699,86,7,2284818,6,8480611,2227,435928,1
Souk,Souk,Samara,2024-05-06,LBA0H2009248,"4,145",21,1477559,107,794717,67,17185672,182233,182200,26534406,265917250,98142716,2,1,86,1,62559,17,158,7832,27583,1
Mi Gata,Mi Gata - Single,Standly,2021-11-11,QZNWY2151576,"4,154",21,141747648,34061,3059194,57,66264480,524414,1199989,149254337,2053061623,98142716,6,2279,86,2,2051,17,12735768,7832,2195940,0
ROZE | DJ TAO Turreo Sessions #22,ROZE | DJ TAO Turreo Sessions #22,DJ Tao,2023-11-23,CLAA22300335,"4,161",21,64143264,8734,11153394,68,47157935,211960,182200,26534406,265917250,195623398,28,433,86,5,25450,7,12735768,7832,52060,0
Bilmem Mi?,Bilmem Mi?,Sefo,2021-07-09,QMFME2103846,"4,144",21,146709792,28310,3244623,41,321931791,1362201,216003,25515966,539098923,4574297,14,5698,86,6,28380,17,12735768,7832,854741,0
Tattoo - Remix with Camilo,Tattoo (Remix),Rauw Alejandro,2020-07-09,USSD12000188,"4,160",21,623875921,59902,22906497,66,22048904,303027,1400298,56867167,550568367,10054807,133,25423,86,30,385759,14,28096261,6498,1587660,0
Ready For Love,BORN PINK,BLACKPINK,2022-09-16,KRA402200029,"4,163",21,115237552,9312,6682567,55,243509528,5870222,12395,7237020,51526563,7676873,2,834,86,2,80569,15,885996,476,270240,0
Tombstone,Tombstone,Rod Wave,2021-03-24,USLD91731547,"4,164",21,137924605,30692,2764081,62,192748584,1699888,80511,23471473,142222723,277558051,26,72494,91,1,237120,9,75417301,47758,748828,1
From the Start,From the Start,Good Kid,2023-11-10,QZW9K2346702,"4,143",21,55080421,11926,3221528,71,23281919,434199,182200,999225,7597358,98142716,28,113,86,15,237120,17,321187,435,124612,0
Pyramide,Pyramide,Werenoi,2024-02-15,FR10S2436039,"4,166",21,38079739,4948,4742178,66,19594813,135889,182200,26534406,265917250,86313983,20,3624,86,14,5731293,11,12735768,7832,336585,1
ýýýýýýýýýýýýýýýý ýýýýýýýýýýýýýý,ýýýýýýýýýýýýýýýý ýýýýýýýýýýýýýý,Galibri & Mavik,2021-05-19,RUA1D2117031,"4,149",21,25149668,13174,603919,48,406717108,1567948,242400,41005985,987819837,551347,17,282,86,1,56252,17,12735768,7832,2098943,0
Sobran Motivos,Sobran Motivos - Single,Conjunto Rienda Real,2023-02-10,USA2P2304907,"4,171",21,145707423,11288,6908229,67,100716156,595346,182200,26534406,265917250,98142716,28,212,86,15,237120,2,19380361,7761,566844,0
Tacata (Remix),Tacata (Remix),Tiagz,2023-12-22,USA2P2363165,"4,178",21,100634965,8790,29458776,67,19367095,200936,182200,26534406,265917250,1215044371,5,1910,86,2,3193,5,408770,1903,291674,1
Can't Have Mine,Can't Have Mine - Single,Dylan Scott,2022-02-18,USCRB2200013,"4,170",21,98538888,14642,4147528,60,16119088,140631,100893,6565030,66770114,299226,15,211013,41,1,87320,13,65659307,5819,532133,0
supï¿½ï,supï¿½ï,ýýýýýýýýýý,2023-08-11,QZPLS2305099,"4,188",21,63642484,15618,1035077,65,15786520,508672,305600,89199660,833809283,98142716,1,5954,86,15,237120,17,89501,93,400490,0
What Else Can I Do?,Encanto (Original Motion Picture Soundtrack),Diane Guerrero,2021-11-19,USWD12112916,"4,186",21,186607065,18815,9312393,62,278576205,1476391,182200,44231105,371511075,65338805,14,220,86,15,237120,2,36298502,27656,142768,0
YA NO TE EXTRAï¿½,NASTY SINGLES,NATTI NATASHA,2023-12-07,USB272300115,"4,179",21,9129729,1422,3777844,67,78290967,103564,182200,26534406,265917250,1621817535,4,5230,5,11,39011,12,12735768,7832,71640,0
Yankee 150,Yankee 150 - Single,Yandel,2023-06-16,QM6P42372371,"4,189",21,126879048,19994,19160060,63,26943448,151763,1427,36122,389534,98142716,25,9665,5,8,120693,12,21058757,1446,199309,1
Fine Day Anthem,Fine Day Anthem,Skrillex,2023-07-07,USAT22306616,"4,190",21,50471076,29417,28537805,65,6874694,138715,1161,228301,2893271,98142716,19,6190,165,11,28211,14,43293,142,437498,0
Aking Pahinga - Sped Up Version,Aking Pahinga (feat. I-ghie) [Sped Up Version] - Single,Dro Perez,2022-12-15,QZTB62239239,"4,184",21,4671066,357,205254,39,148269610,1257935,1800000,21960206,257457879,98142716,28,5954,86,15,237120,17,12735768,7832,6026,0
Big Jet Plane,Big Jet Plane,Restricted,2022-12-09,DEUM72208091,"4,185",21,104493081,40264,10835008,64,4214887,50258,6920,3447268,33784807,22312427,14,15281,86,16,213835,17,12735768,7832,722782,1
The American Dream Is Killing Me,The American Dream Is Killing Me,Green Day,2023-10-24,USRE12300349,"4,181",21,15336055,4793,2283611,1,3725312,104259,142,187968,13261497,17026658,18,81755,192,7,90570,23,844692,298,181059,1
Sarah's Place (feat. Noah Kahan),Sarah's Place (feat. Noah Kahan),Zach Bryan,2023-09-21,USWB12305747,"4,183",21,125267352,19156,3913622,67,1895430,9640,182200,204223,1436305,98142716,7,345,4,1,53340,24,8466580,2172,91756,0
"Badass (From ""Leo"")","Badass (From ""Leo"")",Anirudh Ravichander,2023-09-28,INS172309078,"4,174",21,80886056,4145,3673433,67,94460422,1977999,182200,152661,1917705,98142716,2,58,86,15,237120,18,2829,25,38070,0
Fuga Pa Cali 2,La Clase,Grupo Los de la O,2021-11-12,QZMFV2000234,"4,182",21,274559147,28733,10567336,66,225016104,1056037,18000,8935584,98720581,98142716,7,11,4,15,237120,11,10537539,2620,592764,1
Pano,Pano,Zack Tabudlo,2021-12-06,PHUM72100441,"4,173",21,261275106,28281,15565070,64,212525130,1350970,384326,66481618,582712801,563870,13,1660,86,15,237120,17,53001,244,237547,0
All The Parties (feat. Chief Keef),For All The Dogs,Drake,2023-10-06,USUG12306081,"4,177",21,48556312,18674,2057602,67,3006021,43340,631,559278,4098401,98142716,5,154,5,15,237120,1,1338774,545,94446,1
BAND4BAND,BAND4BAND - Single,Central Cee,2024-05-23,USSM12404528,"4,203",21,86144467,50,49358,7,148269610,1257935,182200,26534406,265917250,98142716,152,5954,86,1,1359504,17,12735768,7832,854584,0
All We Got (feat. KIDDO),All We Got (feat. KIDDO),Robin Schulz,2020-10-16,DEA622000934,"4,215",21,267459903,56613,6099494,53,67857878,594378,160198,28393269,369606102,28714593,63,201505,86,40,741931,7,293167,577,2831037,1
Sinceramente,E POI SIAMO FINITI NEL VORTICE,Annalisa,2023-09-29,ITQ002301128,"4,204",21,67967157,3843,8133274,62,64206693,380795,182200,26534406,265917250,976254552,25,19331,86,6,3796345,25,3969,55,501689,0
DOLA,DOLA - Single,ANGGA DERMAWAN,2024-05-21,QZYHM2416383,"4,212",21,4906976,182,3077523,62,11083107,171439,182200,26534406,265917250,98142716,2,5954,86,1,4686,17,12735768,7832,20420,0
Have You Ever Seen The Rain,Chronicle: The 20 Greatest Hits (Remastered 2023 / Hi Res),Creedence Clearwater Revival,2023-06-30,USC4R2334181,"4,196",21,239850720,32312,13259481,67,148269610,1257935,182200,26534406,265917250,98142716,28,5954,86,15,237120,17,12735768,7832,11085255,0
Down In Atlanta,Down In Atlanta - Single,Pharrell Williams,2022-11-18,USSM12208341,"4,214",21,92424493,45053,6604373,58,9282240,161536,22813,11813458,120998374,9009528,22,14373,83,23,374295,17,1754240,811,314486,1
Experimento,Experimento - Single,Myke Towers,2021-09-23,USWL12100447,"4,216",21,228003109,58288,9225902,63,106513804,755609,234800,67461581,548393169,5576038,29,14998,10,12,49051,21,1494027,913,910638,0
Good To Be,Good To Be,Mark Ambor,2023-10-17,QM24S2307335,"4,192",21,81632951,14438,9855635,67,10815357,155660,6047,4287181,42031379,98142716,6,13292,86,13,137275,1,69038,117,500124,0
Sun to Me,American Heartbreak,Zach Bryan,2022-05-20,USWB12201490,"4,209",21,307125680,37085,4580996,78,23958351,115841,82568,11598936,91548493,237287388,5,1612,24,1,71,6,61065910,9915,170053,0
Malicious Intentions,Malicious Intentions - Single,Pozer,2024-04-19,GBARL2400393,"4,198",21,9034106,1760,9486862,67,2004196,33758,182200,26534406,265917250,24444704,3,752,2,5,205473,16,12735768,7832,34516,1
Hours In Silence,Her Loss,Drake,2022-11-04,USUG12208604,"4,218",21,147688885,45526,10274263,65,27720116,202844,4828,1267812,12548958,98142716,11,134,2,1,3521,2,7663068,3362,541833,1
ID,ID - Single,Young Miko,2023-06-02,QZXD92300004,"4,197",21,118689822,21235,10088905,61,45565540,435913,62500,23571763,215516634,7014186,17,3615,22,5,1370903,5,1171962,267,227408,1
In My Head,In My Head,Juice WRLD,2022-10-28,USUG12207965,"4,194",21,136878823,44098,14028444,62,46128261,705084,21940,2045576,17208694,7484886,10,817,1,2,113827,7,6354076,3193,164132,1
Bori,Bori (feat. Lenier),6ix9ine,2023-03-31,QZJ842002915,"4,206",21,15856627,4695,494348,67,93467042,1598098,588200,46238462,830680479,98142716,28,118,86,1,18344,17,466750,506,424524,0
Baller,Baller,Shubh,2022-09-09,QMBZ92275950,"4,211",21,261975922,21887,4773032,66,134202748,1512168,199453,8277557,146849902,4244389,14,512,86,15,237120,2,28352,43,240426,0
Remember That Night?,Remember That Night?,Sara Kays,2020-11-06,USAT22007230,"4,200",21,363510259,62841,29185291,68,45636634,615650,98763,135673629,907351760,7103,51,12357,17,12,12103,17,44733897,9429,663298,0
Hummingbird (Metro Boomin & James Blake),METRO BOOMIN PRESENTS SPIDER-MAN: ACROSS THE SPIDER-VERSE (SOUNDTRACK FROM AND INSPIRED BY THE MOTION PICTURE),Metro Boomin,2023-06-02,USUM72307467,"4,208",21,88524099,26884,4613355,63,25881919,309105,1897,2333269,15122285,15453,14,124,86,1,8934,2,1714633,2461,828611,0
Tigini (Remix),Tigini (Remix) - Single,Kikimoteleba,2022-05-20,ES71G2217944,"4,199",21,97902676,29131,4436551,58,201368546,3657987,292,23173,334079,20853109,7,2981,86,3,25321,6,12735768,7832,401243,0
"ýý Isso Bebýý, Týý Certa!","ýý Isso Bebýý, Týý Certa!",Mc IG,2024-03-20,BRWMB2400226,"4,213",21,37218252,3393,15690540,67,19919550,196089,182200,26534406,265917250,118545121,28,5954,86,17,934431,13,12735768,7832,854584,1
Proteï¿½ï¿½ï¿½ï¿½o,EP Meu Sonho - Pt. 2,Tarcï¿½ï¿½sio do Acor,2021-07-02,BCTOE2100085,"4,232",20,102703448,10682,3907728,58,390456652,2179957,14289,4402423,46539050,20583147,3,373,86,4,189807,2,12735768,7832,89564,0
Piï¿½ï¿½o de Vida L,Piï¿½ï¿½o de Vida L,Japï¿½ï¿½,2023-04-27,BCSUV2303160,"4,244",20,36593527,4601,3863720,55,94498808,630206,472200,64661196,1517249875,18850454,1,2,86,15,237120,2,12735768,7832,334171,0
COULD BE WRONG,COULD BE WRONG,LOSTBOYJAY,2022-12-02,GBUM72208113,"4,223",20,56645454,39890,4540523,67,9185128,133475,16025,6899191,75363545,98142716,4,3089,18,6,27747,6,12735768,7832,306300,0
Night Away (Dance) (feat. Tion Wayne),Night Away (Dance) (feat. Tion Wayne),A1 x J1,2022-03-03,GBUM72200940,"4,253",20,148855365,68961,4738866,57,21320423,302697,54045,14221839,164949728,11866650,9,16726,86,9,20327,6,12735768,7832,719356,1
Starboy - Live,After Hours (Live At SoFi Stadium),The Weeknd,2023-03-03,USUG12301497,"4,250",20,6231986,602,1043775,43,219872306,1538709,84,103579,676012,126984,28,5954,86,15,237120,17,7762,1165,854584,1
ESCAPE PLAN,ESCAPE PLAN / MAFIA - Single,Travis Scott,2021-11-05,USSM12104018,"4,247",20,200895335,76844,14032430,63,35120030,692065,9426,11969584,113665392,204246141,28,8857,52,20,666758,15,14971256,2425,330838,1
"The Banjo Beat, Pt. 1","The Banjo Beat, Pt. 1",Ricky Desktop,2020-08-21,QZK6L2004258,"4,228",20,34096694,12150,1243018,46,2821703,78992,3593157,593480076,6811158348,98142716,1,59,86,15,237120,17,37514935,32360,791308,0
Sweet Venom,ORANGE BLOOD,ENHYPEN,2023-11-17,USA2P2343662,"4,233",20,88814008,6254,5540598,67,51139042,1197944,182200,1164,34200,66775460,6,1042,73,4,230512,11,12735768,7832,138797,0
I KNOW ?,I KNOW ? (Official Music Video),Travis Scott,2024-01-23,USSM22301758,"4,225",20,531292995,1,39,67,148269610,1257935,182200,26534406,265917250,98142716,28,5954,86,15,237120,17,12735768,7832,854584,1
Blinding Lights,Blinding Lights,xSyborg,2021-03-13,QZLBC2302779,"4,229",20,4261328190,32312,13259481,67,148269610,1257935,182200,26534406,265917250,98142716,28,5954,86,15,237120,17,12735768,7832,854584,0
Love Story,Love Story,Disco Lines,2020-09-22,USUG12003755,"4,224",20,18566967,7400,851076,40,1349513,12007,4189200,555006842,4579547361,144,3,1230,86,1,1331,17,695957,653,86559,0
Me Porto Bonito - Remix,Me Porto Bonito (Remix),ELITE Djs,2022-10-20,QZW9K2261810,"4,357",20,239850720,10,359,7,148269610,1257935,182200,26534406,265917250,98142716,28,5954,86,15,237120,17,12735768,7832,854584,0
Stay With Me,"Stay With Me (with Justin Timberlake, Halsey, & Pharrell)",Calvin Harris,2022-07-15,GBARL2201570,"4,242",20,142927322,32810,11080526,56,11242174,91853,650,220765,4614852,164246,42,122408,57,44,699913,34,694551,946,1773915,0
Famous Friends,Famous Friends,Chris Young,2020-11-20,USRN11900062,"4,235",20,177734775,25580,8683788,60,37838695,220814,22259,7070216,62353303,93781468,36,313376,180,5,90079,23,94945469,14994,651327,0
Alkool,Alkool,Melinda Ademi,2024-04-15,GX7852400218,"4,227",20,1761843,311,304790,67,26145236,114630,182200,26534406,265917250,98142716,1,5954,86,15,237120,17,12735768,7832,20972,0
Come Through (feat. Chris Brown),Come Through (feat. Chris Brown),H.E.R.,2021-04-23,USRC12100712,"4,238",20,172986367,40246,8921857,56,103030772,1128489,21608,2875398,26458622,22239303,72,101246,156,25,89707,36,93062258,18391,1353202,1
Mi Niï¿½,Mi Niï¿½,Wisin,2020-09-23,QMBZ92014731,"4,234",20,400985699,62355,13993469,60,251851094,1816301,182200,26534406,265917250,12732039,58,24906,46,18,148048,16,12216631,2063,985993,0
Pretty Girls,Pretty Girls,Frenna,2024-03-14,NLG 662400072.00,"4,252",20,28452972,6696,5408775,69,3402827,17861,182200,26534406,265917250,2606582,7,3986,86,9,464315,17,227,7832,49939,0
In This Darkness,In This Darkness - Single,Clara La San,2023-01-29,QZFZ62368273,"4,241",20,138987928,27997,4821947,5,56123070,521760,82593,21715531,125057113,101,1,33,86,1,245,17,392407,3890,952142,0
Mama (with Skilla Baby & Tay B),Mama (with Skilla Baby & Tay B),Rob49,2023-08-04,USA2P2330132,"4,240",20,15885603,5781,2276683,53,9303252,103569,26380,2629769,17072834,98142716,4,49615,111,2,683267,3,4964003,2127,692423,1
"I'm A Star - From ""Wish""","I'm A Star (From ""Wish"")",Wish - Cast,2023-11-08,USWD12328243,"4,249",20,15085389,1102,7158675,67,259533,2536,659400,688861,16745620,98142716,8,14,86,1,18,17,285437,539,25910,0
ýýýýýýýýýýýýýýýýýýýýýýýýýýý,ýýýýýýýýýýýýýýýýýýýýýýýýýýý - Single,ýýýýýýýýýýýýýýýýýý,2023-04-28,THSOH2302594,"4,222",20,4943057,1054,162895,46,127116431,446428,433600,9609256,140922309,98142716,28,5954,86,15,237120,17,12735768,7832,13291,0
But I Got A Beer In My Hand,But I Got A Beer In My Hand,Luke Bryan,2023-05-05,USUG12302602,"4,255",20,36475819,6175,3480683,53,1589418,14475,2242,488118,8897673,98142716,15,123864,30,4,170912,19,30257772,3927,206562,0
No Friends In The Industry,Certified Lover Boy,Drake,2021-09-03,USUG12104408,"4,267",20,219008713,75763,15186307,62,45087615,436734,18678,7831496,99452041,21726724,38,4525,77,8,137842,8,32145840,6808,618189,1
Lahore Brand,Lahore Brand - Single,Mazhar Rahi,2022-05-01,TCAGE2246215,"4,278",20,49081,17,211,14,3815187,25561,2500670,17004348,258152598,98142716,28,5954,86,15,237120,17,12735768,7832,8894,0
ýýýýýý,ýýýýýý - Single,YOASOBI,2022-10-01,JPP302200613,"4,265",20,140194014,16841,3520046,58,180515322,910440,32900,3919101,80078422,80802280,12,877,86,2,7643,2,406213,115,196568,0
Mua!,Mua!,Barracca Republic,2021-01-31,USCGH2142682,"4,261",20,3739,1,3,1,148269610,1257935,4300000,27781327,504872722,98142716,28,5954,86,15,237120,17,12735768,7832,854584,0
El Gavilï¿½,El Gavilï¿½ï¿½n - Si,Luis R Conriquez,2022-10-21,USANG2216030,"4,282",20,350440369,24886,11413202,72,92967556,709386,52200,11077840,128910215,98142716,11,21,86,3,330705,5,13224203,1933,264907,0
Shootout,Shootout,Izzamuzzic,2022-06-29,US3DF2266823,"4,276",20,130356067,36554,7213291,63,47933349,701867,392301,96942439,912236577,98142716,12,1356,3,15,237120,3,12735768,7832,2634134,0
La kiffance,La kiffance,Naps,2021-02-26,FR10S2128331,"4,271",20,224163089,45837,4034090,60,250952705,1213244,168782,41456214,443031452,3155590,43,16408,86,20,1758780,10,12735768,7832,1206078,1
Tak Ingin Usai,Tak Ingin Usai,Keisya Levronka,2022-05-13,IDUM72200112,"4,281",20,265767551,15498,5060429,63,154689466,1539974,609748,273895600,3276084075,45889,16,5371,86,15,237120,17,12735768,7832,223331,0
Body,Body,Russ Millions,2021-03-25,GBAHS2100158,"4,272",20,139377440,67820,5628995,55,121680881,2182395,357406,235829803,1968763986,96246226,25,5527,86,7,56816,17,142285,815,2656896,1
VOID,VOID,Melanie Martinez,2023-03-29,USAT22220418,"4,259",20,121386649,17170,3091212,56,36712138,1221832,136234,45708060,399701698,4725463,25,25855,16,12,200710,11,2154605,3196,232347,0
Lose It,Lose It,Through Fire,2023-02-14,USYFZ2327704,"4,273",20,301362,311,34870,18,226550416,1992781,16,1337,17823,267731462,2,2856,5,15,237120,17,384522,7832,854584,0
"Love You, Miss You, Mean It","Love You, Miss You, Mean It",Luke Bryan,2024-04-05,USUG12401524,"4,274",20,8943283,1202,10551304,67,148269610,1257935,182200,26534406,265917250,98142716,15,15198,4,3,327756,10,9230202,849,42299,0
Last Night Lonely,Last Night Lonely,Jon Pardi,2022-02-17,USUM72200664,"4,269",20,134725621,19072,2970003,65,22650713,114566,3344,1325349,14258097,255579464,8,193502,171,4,132683,18,70178744,2712,369402,0
MONEY ON THE DASH - SPED UP,MONEY ON THE DASH,Elley Duhï¿,2023-01-20,QZLBC2201771,"4,268",20,179176296,41284,34923502,76,148269610,1257935,37300,12038876,156208048,98142716,3,464,86,10,212366,4,37491,215,400805,0
Every Night,Volcano,Jungle,2023-08-11,QM4TX2336325,"4,270",20,5503365,1424,893924,49,139900760,1292201,96,206736,2585272,98142716,1,96,86,15,237120,17,64816,17,854584,0
Cracker Island (feat. Thundercat),Cracker Island (feat. Thundercat),Gorillaz,2022-06-22,GBAYE1901301,"4,263",20,98108741,40658,4088272,56,67381975,1403327,24543,8976403,140878884,854250,14,51359,65,8,57196,24,7004275,2838,451491,0
Itï¿½ï¿½ï¿½s a beautif,Itï¿½ï¿½ï¿½s a beautif,Trinix,2022-12-18,FRDKW2208796,"4,266",20,49155460,20079,3448518,57,55753855,819754,535200,70722843,1079671427,98142716,7,1291,86,18,200594,17,12735768,7832,1377954,0
Gata Only (Remix),Gata Only (Remix),FloyyMenor,2024-06-07,QZNB82432154,"4,280",20,3870862,683,16135127,67,148269610,1257935,182200,26534406,265917250,98142716,13,63,86,2,344686,46,92898,38,14635,1
redrum,american dream,21 Savage,2024-01-12,USSM12309186,"4,257",20,428233003,2814,926379,67,148269610,1257935,182200,26534406,265917250,98142716,30,18,86,15,237120,17,12735768,7832,854584,0
Smoke Gets in Your Eyes,Music Legends The Platters : The Legendary Band of R&B and Soul Music,The Platters,2024-04-12,FR6F32335350,"4,745",20,106782384,1,25,67,148269610,1257935,182200,26534406,265917250,98142716,28,5954,86,15,237120,17,12735768,7832,854584,0
so american,GUTS (spilled),Olivia Rodrigo,2024-03-22,USUG12401532,"4,300",20,76917797,4045,11594722,67,5848948,136847,182200,26534406,265917250,24636245,8,456,81,6,361734,7,725334,1228,854584,1
Bus 11 - John Falke Remix,Uyku EP (Remixes),Colouour,2023-01-27,DEEC33500883,"4,314",20,9897,38,1473,1,256358241,559022,182200,26534406,265917250,98142716,28,1,86,15,237120,17,12735768,7832,199,0
Aman Gï¿½ï¿½zel Yavaï¿½ï¿,Aman Gï¿½ï¿½zel Yavaï¿½ï¿,Halodayï¿,2023-06-23,TRCGH2300003,"4,295",20,110759507,16068,2956360,27,4697020,13304,434400,18043254,607056384,98142716,7,3358,86,2,1567383,17,12735768,7832,515430,0
"""ýýýýýý ýýýýýýýýýý ""ýýýýýýýýýýýý ýýýý ýýýýýýýýýýýý","""ýýýýýý ýýýýýýýýýý ""ýýýýýýýýýýýý ýýýý ýýýýýýýýýýýý - Single",Myriam Fares,2022-03-10,FR10S2273417,"4,310",20,7383901,4008,539281,48,351810237,1815957,22200,3197303,87012540,726544,1,157,86,1,339,17,12735768,7832,299561,0
Body (feat. Cash Cobain),Body (feat. Cash Cobain),A Boogie Wit da Hoodie,2024-05-16,USAT22402598,"4,302",20,5758887,1089,6768576,67,1641568,38579,182200,26534406,265917250,381728,14,568,6,2,17925,31,749017,124,854584,1
Aquel Nap ZzZz,VICE VERSA,Rauw Alejandro,2021-06-25,USSD12100290,"4,286",20,231298627,49800,5948309,65,109250541,862054,711209,146307858,1133546129,4865954,24,1016,86,3,45211,7,10264013,3777,1241539,1
Talk My Shit,Mr Beat The Road,BossMan Dlow,2024-03-15,USQX92400857,"4,289",20,24834118,3438,38257716,67,12071403,97111,182200,60180194,403343301,190202256,18,155,73,4,1103518,19,2692005,2921,247144,1
Tucson Too Late,Bluebird Days,Jordan Davis,2023-02-17,USUM72222730,"4,288",20,60355607,4814,13753161,68,4562833,30406,174,27038,458426,1708,9,148522,125,7,1599490,20,18526781,1310,206940,0
SWIPE,SWIPE - Single,ALYPH,2022-10-21,SGUM72201016,"4,312",20,12383314,2946,205771,42,16319964,162244,1700011,132676197,1976747330,98142716,4,4203,86,1,4686,17,12735768,7832,63034,0
"DANï¿½ï¿½ARINA (feat. Nicky Jam, MC Pedrinho) - R",Cullinan,PEDRO SAMPAIO,2022-05-13,BRWMB2200601,"4,301",20,100491006,20334,8731399,59,243709,3244,1501663,299220395,3650693327,98142716,11,14565,86,26,270425,6,155438,7832,1111153,0
Quï¿½ï¿½ Onda Per,Quï¿½ï¿½ Onda Per,Gerardo Coronel,2023-02-17,QZDQH2301118,"4,307",20,58284482,7247,4706766,54,79995263,436574,297604,27563004,281657688,98142716,1,1561,16,15,237120,3,35942085,9187,507081,0
Hot In It,Hot In It - Single,Tiï¿½ï¿,2022-06-30,CYA112001102,"4,306",20,220250463,46098,26666028,65,28716329,313494,3275,2514489,36501469,3025039082,103,47231,828,49,789803,43,790930,635,957417,0
SHOOTING STAR,SHOOTING STAR,XG,2023-01-25,JPB602104597,"4,311",20,125943110,14415,3931535,66,133114572,2137723,55724,33233076,249544778,12554352,7,1516,86,1,1353,5,215482,343,340269,0
Te Felicito,Te Felicito,Gerardo Coronel,2022-10-07,QZDQH2203589,"4,292",20,137113129,9970,6955914,59,97699857,553828,504053,47469092,687545420,98142716,3,2,13,15,237120,1,35985420,7068,854584,1
Ruper Jadu,Ruper Jadu,Alvee,2022-05-03,FR96X2235010,"4,299",20,551388,109,15834,19,233792,1334,2506536,38397792,485996018,98142716,28,5954,86,15,237120,17,12735768,7832,22303,0
Uff Mi Amor,Uff Mi Amor,Lauty Gram,2022-12-27,QZW9N2239197,"4,297",20,18611163,6073,830091,45,59202833,551627,1100000,87867033,1032933643,98142716,1,52,19,15,237120,17,9343,7832,199485,0
Kill Bill,Kill Bill (Official Video),SZA,2023-01-10,USRV82300033,"4,291",20,1873746537,1,1,67,148269610,1257935,182200,26534406,265917250,98142716,28,5954,86,15,237120,17,12735768,7832,854584,0
ALMAS GEMELAS,ALMAS GEMELAS - Single,Myke Towers,2021-07-22,USWL12100336,"4,285",20,247133830,55046,10046042,67,159846081,855877,123897,55519162,423731008,19752293,43,3671,66,11,32605,14,8042376,1468,611867,0
"Paulo Londra: Bzrp Music Sessions, Vol. 23","Paulo Londra: Bzrp Music Sessions, Vol. 23",Bizarrap,2022-04-25,UYB282201026,"4,287",20,185316307,37273,6180389,59,168590700,5156460,182200,26534406,265917250,1755128,11,6,36,6,110742,6,28833,7832,203241,1
vice city,vice city,XXXTENTACION,2022-01-28,USQX92105542,"4,343",20,111369377,60104,6976080,64,100696513,1725109,365,15618,198631,704154,4,108,2,4,132917,5,927112,1727,166343,1
Your Heart Or Mine,Mr. Saturday Night,Jon Pardi,2022-09-02,USUM72211354,"4,329",20,129531779,14019,7342329,69,13125721,89641,2642,863627,12561121,57198,8,153263,144,1,87320,2,34744597,3651,446529,0
LosT,LosT - Single,Bring Me The Horizon,2023-05-04,GBARL2202050,"4,325",20,96922687,25703,6529841,63,22161743,344869,16627,2837050,23536012,1762760,19,26789,19,8,118282,25,611452,347,213968,1
Check It Out,Check It Out,Parmish Verma,2023-06-27,DGA052307798,"4,341",20,99237146,7075,3974177,67,113013875,1174863,784,18168,233947,16777928,6,125,86,15,237120,14,12735768,7832,125330,0
Looking For The Hoes (Ainï¿½ï¿½ï¿½t My ,Hood Hottest Princess,Sexyy Red,2023-06-09,QZSYP2342088,"4,317",20,68965021,11956,10611984,70,25701096,259974,402011,109732611,718409133,98142716,5,2386,2,15,237120,8,5935978,7448,437612,1
Jefe,Jefe,Ninho,2021-12-03,FR9W12136756,"4,318",20,154120297,30813,3242257,61,152723183,900381,645100,15334102,204594753,72477851,33,6010,86,11,872242,7,12735768,7832,802018,1
Tip Toe (feat. French Montana),Nu King,Jason Derulo,2024-02-16,USAT22400763,"4,340",20,239850720,32312,13259481,67,148269610,1257935,182200,26534406,265917250,98142716,28,5954,86,15,237120,8,12735768,7832,3759625,0
Vamp Anthem,Whole Lotta Red,Playboi Carti,2020-12-25,USUM72024688,"4,332",20,291244404,103342,8912802,69,41936586,623466,49800,23797925,181718624,64980965,3,117,86,4,11374,17,978492,4994,361371,1
RON COLA,SATURNO,Rauw Alejandro,2022-11-11,USSD12201168,"4,319",20,143542362,23633,7554457,60,13240486,121147,820900,125395199,1543849310,98142716,12,2144,12,4,33430,20,2758188,412,457002,1
ýýýýýýýý,ýýýýýýýý,Jah Khalib,2022-12-02,RUA322205221,"4,322",20,14566339,6708,323589,48,173493536,555196,241540,14527098,166606107,98142716,7,1067,86,15,237120,17,12735768,7832,989901,0
Fall in Love with You.,Fall in Love with You. - Single,Montell Fish,2021-11-05,QZNWR2164926,"4,320",20,342872540,67188,17442127,74,27027629,793123,233511,123098301,850439402,119747,10,72,86,7,21865,20,2613145,3132,611661,0
Watermelon Moonshine,Songs From Bell Bottom Country,Lainey Wilson,2022-08-12,QMRSZ2201709,"4,338",20,129635815,17482,10666210,70,33423008,161494,13005,3420396,60524288,317974178,28,132594,20,1,2581,17,18931295,21657,854584,0
Tighten Up,Brothers (Deluxe Remastered Anniversary Edition),The Black Keys,2020-12-18,USNO12000172,"4,316",20,248857241,6774,776120,56,148269610,1257935,182200,26534406,265917250,98142716,60,5954,86,1,25712,7,446770841,91826,2135677,0
Me Porto Bonito,Me Porto Bonito,Renzo Pianciola,2022-09-09,QZTPX2259995,"4,420",20,1797039538,2,78,7,148269610,1257935,182200,26534406,265917250,98142716,28,5954,86,15,237120,17,12735768,7832,854584,0
Think I'm In Love With You,Think Iï¿½ï¿½ï¿½m In Love Wi,Chris Stapleton,2023-09-08,USUG12300474,"4,333",20,78855298,11118,19369779,67,6408371,103541,164,73093,1578390,151380225,9,12221,1,8,1745902,23,38384683,4122,137222,0
Sprinter,25th Birthda,Central ce,2023-06-06,AEA2M2372385,"4,729",20,675375297,12,254,67,148269610,1257935,182200,26534406,265917250,98142716,28,5954,86,15,237120,17,12735768,7832,854584,1
There I Go (feat. J. Cole & Mike WiLL Made-It),There I Go (feat. J. Cole & Mike WiLL Made-It),Gucci Mane,2023-08-25,USAT22308234,"4,328",20,19690183,10081,2873893,48,8714858,141807,2835,513230,5082017,181694453,28,81064,659,15,237120,17,12735768,7832,854584,1
"Tum Se (From ""Teri Baaton Mein Aisa Uljha Jiya"")","Tum Se (From ""Teri Baaton Mein Aisa Uljha Jiya"")",Sachin-Jigar,2024-02-02,INS182400341,"4,369",20,44619695,1561,8640326,73,46189870,250190,182200,26534406,265917250,341756091,9,159,86,15,237120,1,12735768,7832,99889,0
Hero,Hero,Alan Walker,2023-05-04,NOG842303010,"4,367",20,76323780,15631,7617886,59,82546258,937660,813,174211,2356835,586156532,6,7051,86,5,127616,8,3480840,688,368216,0
Param Pom,Param Pom,TAIRA,2022-06-17,USR3R2200084,"4,353",20,20855,14,6337,7,334451880,1636690,80,187207,3068694,91645044,28,100,86,15,237120,17,12735768,7832,854584,0
JAGERMEISTER,Jagermeister (feat. 2woBunnies) - Single,Ice Beats Slide,2022-12-31,ZA56E2201859,"4,373",20,8434856,6522,537376,14,148269610,1257935,1400494,30455416,439574216,98142716,8,361,2,1,6375,17,20150,7832,785803,0
Bï¿½ï¿½ï¿½n ï¿½ï¿½ï¿½ï¿½ï¿½,Bï¿½ï¿½ï¿½n ï¿½ï¿½ï¿½ï¿½ï¿½i (feat. ,Karik,2023-10-04,VNA112300865,"4,376",20,19247151,3029,964740,57,99031817,396913,182200,26534406,265917250,2119803,4,2,86,15,237120,17,12735768,7832,33574,0
Drifting,Drifting,Tiï¿½ï¿,2023-06-22,NLZ542300863,"4,345",20,101903591,22437,23826280,72,16541095,130658,3306,382974,7751938,135657768,29,17454,801,26,413945,6,4344303,448,480582,0
Onana,Onana - Single,Jey One,2023-05-08,QZNJV2319366,"4,365",20,57239767,14419,2463819,64,22415677,216783,596790,52940647,761631144,98142716,6,3716,988,1,6867,14,12735768,7832,854584,0
Daechwita,D-2,Agust D,2020-05-22,QM6N22036182,"4,375",20,313507248,26753,16233508,67,502937217,15675718,218,955832,4863938,133268690,9,208,7,5,26540,4,2618702,2413,587656,1
Como Si No Importara,Como Si No Importara,Emilia,2021-07-13,USSD12100347,"4,356",20,232985667,43893,6507466,62,244041337,1787933,24758,22615436,165904891,98332576,19,1790,120,8,264687,5,75232,7832,260024,0
Supernova,Supernova,SAIKO,2023-04-19,QM6MZ2302420,"4,348",20,125451295,28417,7839226,61,26092583,192904,76700,11432696,154830607,3508,18,6674,86,1,2807,14,4067,12,287570,0
Quickie,Quickie,Moneybagg Yo,2022-12-08,USUM72222509,"4,347",20,56051407,25464,2214899,57,47664500,494147,19091,2963490,31039886,183857558,10,7482,89,1,2538,1,55770355,15368,496329,1
Coraï¿½ï¿½ï¿½ï¿½o,"Patroas, EP1",Marï¿½ï¿½lia Mendo,2020-07-10,BRWNV2000088,"4,370",20,71915713,6180,8643384,54,611609157,2544961,9284,817211,13591360,2058446921,10,1872,86,40,1304457,2,78983,7832,127483,0
Vultures,Vultures,ýý$,2023-11-22,CA5KR2406316,"4,363",20,45816040,19208,1392397,67,148269610,1257935,182200,26534406,265917250,98142716,28,247,86,15,237120,17,87471,338,40135,1
MY HOUSE,MY HOUSE,Beyoncï¿,2023-12-01,USSM12308805,"4,374",20,45238166,6057,7158117,67,8478416,174490,3854,1655059,10260065,1519706979,18,35241,1,18,689927,14,6199824,2879,321401,1
The Thin Grey Line,The Thin Grey Line,$uicideboy$,2024-05-24,QZAPK2000490,"4,360",20,13289346,1936,4325365,72,148269610,1257935,182200,26534406,265917250,98142716,6,8,86,5,517,1,328307,92,854584,1
Alo,Alo,corwinn,2024-05-25,TRSVN2485301,"4,807",20,29938396,2,15,39,148269610,1257935,182200,26534406,265917250,98142716,28,5954,86,15,237120,17,12735768,7832,854584,1
Fear Of Heights,For All The Dogs,Drake,2023-10-06,USUG12306069,"4,358",20,65870686,22047,2768716,67,4154083,48490,135,37653,405415,98142716,4,217,68,15,237120,1,1809622,543,62951,1
Desde Mis Ojos - Remix,Desde Mis Ojos (Remix),Chris Lebron,2022-05-05,QM4TX2289725,"4,351",20,128669257,25684,4403591,62,142184505,819929,338500,22962099,237360091,320377232,9,9363,86,4,1585177,8,2687998,1954,658283,0
Bam Lagatar,Bam Lagatar,Khushi Kakkar,2024-05-06,ING642403642,"4,355",20,41745,2,1,67,18602043,62451,182200,26534406,265917250,98142716,28,5954,86,15,237120,17,12735768,7832,854584,0
Who Is Your Guy? - Remix,Who Is Your Guy? (Remix),Spyro,2023-03-03,QZ5AB2388250,"4,364",20,21134265,7097,1369988,55,148269610,1257935,1032352,18162508,237172938,98142716,25,1975,86,11,359413,7,17554,7832,1887872,0
Rover,Rover - The 3rd Mini Album - EP,KAI,2023-03-13,KRA302300058,"4,349",20,144026886,13457,5233416,64,112805596,2145090,70700,66880497,369994690,15866178,3,859,86,15,237120,7,928506,948,315158,0
From The Start,Bewitched,Laufey,2023-09-08,QMDA62312093,"4,371",20,367151355,16239,5016080,82,148269610,1257935,182200,26534406,265917250,98142716,28,5954,86,15,237120,17,12735768,7832,854584,0
Slimed In,WE DON'T TRUST YOU,Future,2024-03-22,USSM12402035,"4,350",20,28767834,6271,11390894,67,5101175,61395,182200,26534406,265917250,98142716,3,8,86,15,237120,17,354275,230,30563,1
OKLOSER,OKLOSER,Doja Cat,2024-04-01,USRC12400591,"4,362",20,20814043,1756,13481516,67,148269610,1257935,182200,401100,1470700,98142716,15,20773,75,17,502431,23,133333,287,71723,1
Standing Room Only,Standing Room Only,Tim McGraw,2023-03-10,QZRD92302549,"4,388",20,31705548,4773,1659794,50,11529302,87129,1625,109379,1709288,31267,8,143347,7,15,237120,14,28897995,3274,286295,0
ýýýýýý,ýýýýýýýýý - EP,WINE,2022-12-19,KRNAR2233065,"4,393",20,276193,226,76928,67,253612567,560712,182200,26534406,265917250,98142716,28,1,86,15,237120,17,12735768,7832,173,0
Back To Back (feat. Future),Back To Back (feat. Future),Nardo Wick,2024-04-26,USRC12401155,"4,385",20,7615489,2372,11517250,67,1582983,60765,182200,26534406,265917250,65527813,28,187,86,10,1221510,8,938876,118,50655,1
Baddest,Baddest,Yung Bleu,2021-06-11,USUYG1373541,"4,391",20,58539080,21823,2831053,49,93406018,908614,59318,12588822,122233226,26425329,34,180840,245,15,237120,14,72404038,9071,1492094,1
Cigarettes,Fighting Demons (Extended Edition),Juice WRLD,2021-12-10,USUG12200313,"4,381",20,233582276,70988,10942850,64,35114944,551931,14725,1119551,13572005,172617170,9,2731,86,6,107022,3,8846192,6564,530477,1
bad,0.1 flaws and all.,wave to earth,2023-04-20,KRA252300807,"4,377",20,140228805,21115,10469203,70,48488768,452737,139570,37369800,260750327,98142716,8,2539,86,1,1762,17,10408,7832,190480,0
ISABELLE,ISABELLE,Sefo,2022-06-08,QM6N22220696,"4,398",20,90838757,22248,2370123,53,203958899,721936,10328,586162,19777868,61468,9,14924,86,1,26216,17,12735768,7832,332021,0
Cure For Me,Cure For Me,AURORA,2021-07-07,GBUM72100848,"4,392",20,164125901,48700,4015128,57,145427971,2917166,363203,173214204,1747148081,885461427,25,11800,86,13,37443,4,628739,3789,1605654,0
Tï¿½ï¿½ï¿½n,Tï¿½ï¿½ï¿½ng Quen - ,Wren Evans,2023-10-25,SGUM72301412,"4,383",20,35549029,5590,1129038,56,57756889,205111,135300,8549214,119204623,2119803,10,8,86,15,237120,17,12735768,7832,28280,0
Pistoleta,Pistoleta,Olexesh,2024-04-11,DEVY22400014,"4,397",20,24652626,3598,10031289,59,6100333,56016,182200,26534406,265917250,98142716,7,1040,86,9,9120968,22,12735768,7832,106947,1
Deep in the Water,Deep in the Water,Don Toliver,2024-03-14,USAT22401435,"4,396",20,23798578,5758,16475168,67,4469788,97913,182200,26534406,265917250,3879793,12,298,4,5,1994258,13,1944815,163,854584,1
Endless Fashion (feat. Nicki Minaj),Endless Fashion (feat. Nicki Minaj),Lil Uzi Vert,2023-06-21,USAT22306857,"4,387",20,68598656,27448,5932034,59,11390626,162262,215,10359,190551,12857711,31,5954,40,7,43157,16,9397582,3116,504646,1
A Mimir En El Chat,A Mimir En El Chat,Dejavu FF,2024-04-16,QM6MZ2472476,"4,382",20,288153,18,9453,67,26302423,331850,182200,26534406,265917250,8513075,28,5954,86,15,237120,17,12735768,7832,3122,0
Temporary pyar,Temporary pyar,Kaka,2021-09-04,INS402100006,"4,390",20,38264355,4017,329185,53,451922405,6040482,34,1248,4585,98142716,28,5954,86,15,237120,17,12735768,7832,854584,0
AA,AA,Walker Hayes,2021-11-19,USQX92104965,"4,389",20,80899019,14613,2423704,53,68620784,468664,26941,9119456,116447096,213619922,11,105035,91,2,95374,17,146613382,30173,761595,0
Passinho Debochado,Passinho Debochado,Dan Ventura,2021-07-30,QZMZ92162594,"4,384",20,68273832,9866,2234406,45,96088323,1033691,2308300,78196584,1220672571,39878647,11,364,86,3,83546,2,12735768,7832,146957,0
Go Hard,Go Hard - Single,Lil Baby,2023-04-28,USUG12300031,"4,394",20,70601620,32101,23637848,60,7241759,93111,20794,1923197,21009932,98142716,10,1375,51,7,89394,17,15028714,2422,356684,1
i'm yours sped up,i'm yours,Isabel LaRosa,2022-10-28,USRC12203969,"4,410",20,223341848,34131,11352526,67,12260201,167404,300000,79965598,589269507,98142716,3,262,397,4,30837,15,1615467,877,1622902,0
"Ruaan (From ""Tiger 3"")","Ruaan (From ""Tiger 3"")",Pritam,2023-11-06,INY092300063,"4,419",20,25820250,1732,2016667,67,88129485,562556,182200,4,490,87015787,28,321,86,15,237120,17,352,7832,57373,0
Summer of Love (Shawn Mendes & Tainy),Summer Of Love,Shawn Mendes,2021-08-20,USUM72114707,"4,406",20,392730501,43113,32173215,65,56656911,851302,127022,24026650,284633385,275183518,52,107015,39,21,192052,14,12162884,2574,1619318,0
God of Music,SEVENTEEN 11th Mini Album 'SEVENTEENTH HEAVEN',SEVENTEEN,2023-10-23,USA2P2345251,"4,417",20,64530857,5436,6224831,67,68842793,1133609,7921,35053106,148059935,563214967,9,1597,7,7,248186,24,146890,105,136977,0
ýýýH+3+ýýýýýýý7luCJIo0T6...,ýýýH+3+ýýýýýýý7luCJIo0T6...,vyrval,2024-02-07,US3DF2408834,"4,404",20,27480893,5435,4137392,67,20386329,486342,182200,12880858,116241200,98142716,1,5954,86,15,237120,17,8215,44,452466,0
Embarrassed (feat. Travis Scott),Embarrassed (feat. Travis Scott),Don Toliver,2023-02-23,USAT22302147,"4,418",20,96288883,37394,7850736,63,8545326,113402,1928,593460,2917500,184211408,10,278,4,6,31909,17,527188,363,190951,1
Carrying Your Love,Carrying Your Love,David Morris,2022-06-01,QZEQU2246860,"4,399",20,33278200,10186,1379624,50,4962879,74982,1901626,318927368,2885085148,133358,3,395,534,15,237120,17,5082176,2540,255786,0
Tipo Hollywood,Tipo Holywood,Mc Ws da leste,2023-09-19,BC8182300165,"4,412",20,100530093,14992,19070923,67,40396492,385259,162,30440,300988,97141495,28,1,86,24,2819733,17,12735768,7832,73406,1
Oye,Oye,LuckReaper,2024-05-15,NL9KR2313387,"4,879",20,47151307,32312,13259481,67,148269610,1257935,182200,26534406,265917250,98142716,28,5954,86,15,237120,17,12735768,7832,854584,1
085 - Ao Vivo,Pode Crï¿½ï¿½ (Ao V,MC Rogerinho,2023-01-12,US7VG2308218,"4,401",20,126063862,10150,9712919,58,129157973,401990,313900,50275998,650000898,2179962,4,56,86,13,567142,3,12735768,7832,97522,1
MODELITO,PARAISO,Mora,2022-11-03,QMDA62297378,"4,402",20,216298810,39605,13944608,72,38256899,252379,31347,6218163,46029571,3493900,15,5130,86,6,47284,14,444856,485,360437,1
Los animales en el autobï¿½,La ronda de Lulita,Luli Pampï¿½,2022-07-22,ITZV22200088,"4,400",20,108439,50,3437,17,311333094,770466,182200,26534406,265917250,98142716,28,1,86,15,237120,17,12735768,7832,854584,0
Would You (go to bed with me?),Would You (go to bed with me?),Campbell,2023-07-21,GBAHS2300598,"4,405",20,73821370,23298,16167031,71,12303071,190206,287,147268,2237426,57803125,8,3622,86,10,88435,8,12735768,7832,241298,0
ýýýýýýýýýý ýýýý ýýýýýýýýýýýý ýýýýýýýýýýýýýý,ýýýýýýýýýý ýýýý ýýýýýýýýýýýý ýýýýýýýýýýýýýý,Eslam Kabonga,2023-06-16,EGA262306597,"4,407",20,13608243,23,178,67,148269610,1257935,182200,26534406,265917250,98142716,28,5954,86,15,237120,17,12735768,7832,854584,0
UNTOUCHABLE,BORN TO BE,ITZY,2024-01-08,US5TA2300214,"4,422",20,41904754,3228,13953458,11,48108686,927978,182200,3474975,17167500,535050886,11,1075,5,4,186388,17,184920,247,87983,0
Dj Terompet Pemersatu Bangsa,Dj Terompet Pemersatu Bangsa,PAMOKHOL ID,2022-10-19,SGB502272288,"4,416",20,2347433,588,62520,25,148269610,1257935,1901402,71781810,1652854603,98142716,28,5954,86,15,237120,17,12735768,7832,854584,0
Demasiadas Mujeres,Demasiadas Mujeres,C. Tangana,2020-10-08,ES5022000710,"4,423",20,417168757,75509,12398561,68,135732676,1275450,239433,209313809,2112625816,39566186,50,7224,86,15,25276,13,94511,549,1294599,0
Pretty Savage,THE ALBUM,BLACKPINK,2020-10-02,KRA402000133,"4,421",20,435823355,34658,14268149,64,284536285,3411827,565243,137186669,1021702238,28,27,1664,86,7,116569,8,4427847,6097,733704,0
"Mann Bharryaa 2.0 (From ""Shershaah"")","Mann Bharryaa 2.0 (From ""Shershaah"")",B Praak,2021-08-15,INS172102779,"4,424",20,149351877,15576,5847920,61,365670176,5075644,72976,4375481,60033835,160130930,10,170,86,1,1097,3,12735768,7832,137705,0
ýýýýýýýýýýýýýýý,ýýýýýýýýýýýýýýý,Ado,2020-10-23,JPPO02002791,"4,427",20,189058129,36943,3081604,62,390278119,3350958,1647,753212,7761272,31259366,31,928,86,2,2511,3,12735768,7832,268333,0
Holy Ghost,Holy Ghost,Omah Lay,2023-11-09,USWB12306574,"4,426",20,61390970,11876,5284858,67,28274389,310343,182200,1794140,11575782,49418688,45,3642,119,16,551854,46,1898709,356,854584,0
red sky,american dream,21 Savage,2024-01-12,USSM12309172,"4,450",20,38445811,12924,1883136,67,2609366,32715,182200,26534406,265917250,98142716,2,34,86,15,237120,17,394249,230,72376,1
She Make It Clap,She Make It Clap,Soulja Boy,2021-03-12,TCAFL2178806,"4,452",20,87813373,35497,4333964,51,22158547,645841,1908028,389171513,3050656195,1075513,15,11520,147,1,458,3,11767557,7464,571513,1
Who I Am,Who I Am,Alan Walker,2024-01-04,NOG842302010,"4,428",20,36474848,4573,5104611,67,42037284,1045695,182200,26534406,265917250,1165121025,5,2837,86,15,237120,17,12735768,7832,153003,0
counting stars (speed up) - Remix,counting stars (speed up) [Remix],Muppet DJ,2023-01-18,ARIXB2300676,"4,441",20,239850720,67,9593,67,225116235,1646808,182200,26534406,265917250,380345,28,8,86,15,237120,17,12735768,7832,854584,0
ýýýýýýýýýýýýýýýýýýýýýýýý,ýýýýýýýýýýýýýýýýýýýýýýýý - Single,ýýýýýýýýýýýýýýýýýýýýýýýý,2023-12-29,DGA0R2315475,"4,425",20,3225791,411,11826,67,72510719,227398,182200,26534406,265917250,551233698,1,5954,86,15,237120,17,12735768,7832,25420,0
"Nobody Like U - From ""Turning Red""","Nobody Like U (From ""Turning Red"")",4*TOWN (From Disney and Pixarï¿½ï¿½ï¿½s Turnin,2022-02-25,USWD12213564,"4,453",20,148262734,25061,12962477,61,84276192,1121581,751200,215442044,1877005845,25955797,45,2670,86,12,139673,19,10335798,16315,768965,0
ýýýýýýýýýýýý,Kizuna No Kiseki,MAN WITH A MISSION,2023-04-10,JPU902300267,"4,429",20,98476020,15170,5083474,65,103175548,656387,182200,26534406,265917250,529805882,36,669,86,6,36038,11,12735768,7832,404281,0
Hep Mi Ben,Hep Mi Ben,Ayaz Erdoï¿½ï,2022-03-16,FR2X42282198,"4,447",20,57174683,12634,620189,52,277032840,1310994,38500,2638359,88201634,111653393,4,1974,86,2,53880,17,12735768,7832,1826014,0
02.02.99,02.02.99,That Mexican OT,2024-01-09,USUG12310194,"4,439",20,38388843,6814,16579754,67,25838329,341078,182200,26534406,265917250,213315892,3,68,107,15,237120,2,3150471,1341,226812,1
A LA ORDEN,A LA ORDEN - Single,Santa Fe Klan,2024-05-23,QM6N22481184,"4,437",20,4453194,287,4319515,64,9104356,198623,182200,26534406,265917250,125856157,1,2,86,2,92435,17,17261,116,17457,1
People (feat. Ayra Starr & Omah Lay),People (feat. Ayra Starr & Omah Lay) [Remix],Libianca,2023-03-03,GBARL2300305,"4,436",20,92719593,31367,6867479,65,148269610,1257935,182200,26534406,265917250,98142716,53,241,86,15,46039,25,6964332,2857,1340772,1
Cuando La Vida Sea Trago,Cuando La Vida Sea Trago,Carin Leon,2024-04-11,USA2P2419596,"4,444",20,17237503,943,5030772,60,16792844,122453,182200,26534406,265917250,98142716,4,241,86,6,1044989,3,2270158,545,150270,1
life gets hard,life gets hard,iilliaa,2023-10-27,DEE862301847,"4,448",20,36157546,14837,12639915,67,2802960,43834,124990,23668150,237070526,475388,13,3060,86,26,309921,1,12735768,7832,456093,0
Por Clave el 13,Seguimos Irremediables,Betillo Guerrero,2022-02-07,QZDQH2160812,"4,440",20,92981184,12775,1505898,54,104515384,562370,1348200,62716990,848741537,98142716,28,3,86,15,237120,1,4488013,4004,572854,1
Cena Engraï¿½ï¿½ada e Inusi,Cena Engraï¿½ï¿½ada e Inusi,HarmonicoHCO,2022-12-19,SGB502303557,"4,493",20,32753,22,1937,11,154648,2260,1703320,154947650,1598275820,98142716,28,5954,86,1,294,17,12735768,7832,15742,0
Cold Heart (Claptone Remix),Cold Heart (Claptone Remix),Elton John,2021-10-08,GBUM72105701,"4,473",20,39941762,16015,4618819,52,347059146,2044052,182200,26534406,265917250,383593,17,12216,1510,7,115833,17,591617,1996,613098,0
Show of Hands,WE STILL DON'T TRUST YOU,Future,2024-04-12,USSM12403211,"4,487",20,19215365,5410,3554627,67,97631,998,182200,26534406,265917250,98142716,8,59,86,2,21624,2,165446,109,44349,1
Dancing Feet (feat. DNCE),Dancing Feet (feat. DNCE),Kygo,2022-02-25,USRC12200139,"4,479",20,194708224,32664,28154571,61,20154009,183170,5040,2974319,29481029,249991266,54,158571,40,50,450408,20,5959629,1347,1253748,0
"Ranjha (From ""Shershaah"")","Ranjha (From ""Shershaah"")",Jasleen Royal,2021-08-05,INS172102719,"4,478",20,380785241,31820,12294093,67,236863842,1710700,229768,17948279,288771523,96511,24,703,86,1,1097,2,12735768,7832,439148,0
7 Minute Drill,Might Delete Later,J. Cole,2024-04-05,USUG12402413,"4,494",20,15948344,4948,2021225,67,2127850,70258,182200,26534406,265917250,98142716,6,1052,86,1,12303,17,1543917,882,101755,1
You Belong With Me (Taylorï¿½ï¿½ï¿½s Ve,Fearless (Taylor's Version),Taylor Swift,2021-04-09,USUG12100622,"4,458",20,662057533,59739,35937845,76,55391583,447166,106500,64739020,451630379,98142716,53,23703,86,8,149944,46,10543057,23062,659091,0
Fadeaway,Fadeaway,BCD Studio,2021-06-11,FRX202154470,"4,488",20,3711,6,17,67,148269610,1257935,3700000,51488829,1319467906,98142716,28,5954,86,15,237120,17,12735768,7832,854584,0
Never Last,Number 2 / Never Last,Lil Tecca,2024-05-03,USUM72404636,"4,455",20,9126485,2054,1013145,67,2292547,82132,182200,26534406,265917250,381728,3,5954,86,15,237120,17,66741,43,854584,1
Say Don't Go (Taylor's Version) (From The Vault),1989 (Taylor's Version),Taylor Swift,2023-10-26,USUG12306688,"4,463",20,176970541,12080,14949964,67,11719848,167779,34187,7301411,50830371,63710323,10,1260,86,4,16079,32,5334445,1775,116655,0
Chorei na Vaquejada,Chorei na Vaquejada,Eric Land,2023-04-14,BXZAW2200037,"4,462",20,120491749,8494,11387986,63,118976231,658718,110713,5335542,64087674,810355,6,547,86,27,907118,13,12735768,7832,48025,0
Zarzour,Zarzour,Lartiste,2023-06-22,FR6P12300670,"4,457",20,31038318,9392,2015738,57,100634134,570025,182200,26534406,265917250,98142716,5,8005,86,3,126271,17,12735768,7832,308362,1
REPEAT IT,REPEAT IT,Lil Tecca,2021-08-06,USUM72113370,"4,467",20,176048317,70149,13900314,54,27753856,516329,118,38948,571049,1564606,37,5256,86,5,434190,3,3251875,1962,298734,1
Teri Aankhon Mein,Teri Aankhon Mein,Darshan Raval,2020-10-07,INS182006492,"4,468",20,68139013,6814,1406482,54,565499581,5203108,182200,26534406,265917250,227912043,1,484,86,15,237120,8,12735768,7832,107558,0
NDA,NDA,Billie Eilish,2021-07-09,USUM72105935,"4,460",20,333792226,59316,13920863,70,82079675,2306717,82676,74085591,536488373,39033981,80,22576,103,13,592349,8,11584613,5361,1758003,1
DANï¿½ï¿½A,DANï¿½ï¿½A,PEDRO SAMPAIO,2022-02-01,BRWMB2200077,"4,471",20,231523576,35530,9584099,58,173364125,1394374,2235,96354,2321734,99542687,31,16600,4,38,271584,8,6862,72,697492,0
Cry Baby (feat. DaBaby),Good News,Megan Thee Stallion,2020-11-20,QMCE32000678,"4,480",20,208151054,38294,10075280,59,218386390,2462386,632550,307941931,2020694174,180147323,4,75639,160,1,12,4,12735768,7832,854584,1
Happy Birthday,Happy Birthday,YolyBoy,2021-08-10,QZK6G2124199,"4,483",20,1761,1,5,67,148269610,1257935,3500000,16599648,166506168,98142716,28,5954,86,15,237120,17,12735768,7832,854584,0
8 Raflaan (feat. Gurlez Akhtar),8 Raflaan (feat. Gurlez Akhtar),Mankirt Aulakh,2021-03-23,INSD11900523,"4,477",20,22697447,4241,547609,46,289466687,2021002,1507900,20936670,464077604,156454933,4,5954,86,1,231,1,1562,9,50977,0
DFMU,DFMU,Ella Mai,2022-01-28,USUM72123679,"4,491",20,59929910,13316,1804462,56,87393499,637357,39180,3603590,36200780,50573744,18,99339,428,8,95541,14,74838753,12344,810803,1
Woo Baby (feat. Chris Brown),Faith,Pop Smoke,2021-07-16,USUM72112396,"4,482",20,156697759,69258,5943506,62,59647655,736873,21014,3861283,54292475,40048862,40,26638,1076,8,145596,14,32312848,4740,1065106,1
Haegeum,D-DAY,Agust D,2023-04-21,USA2P2310691,"4,485",20,285039741,8884,17220812,75,80959733,5337877,151700,111667305,528452231,124964447,14,1864,40,5,919359,8,1329215,168,187778,0
Sisa Rasa,Sisa Rasa,Mahalini,2021-10-22,FRX762160980,"4,484",20,277051326,13527,3805292,36,246505345,1442640,560615,230504439,3263936018,1272705,13,6309,86,15,237120,17,12735768,7832,104366,0
Mockingbird,Mockingbird,Tiï¿½ï¿,2024-05-03,NLZ542400299,"4,489",20,14349985,2714,28814412,75,880904,20629,182200,26534406,265917250,126807656,10,1050,80,20,881852,15,250357,65,86982,0
The Heart Part 5,The Heart Part 5,Kendrick Lamar,2022-05-08,USUM72208318,"4,470",20,89806639,41371,4068649,59,55825164,2131185,12094,5344281,49727704,470940171,21,172,28,9,104775,23,2152456,1174,303787,1
Nachts wach,Nachts wach - Single,Miksu / Macloud,2022-07-08,DEQ022291049,"4,518",20,128484709,57396,2682682,62,2575615,23097,85204,10035989,113176445,98142716,14,11734,86,5,657417,3,12735768,7832,281240,1
Superpowers,NEVER ENOUGH,Daniel Caesar,2023-04-07,USUG12209368,"4,532",20,112162450,16616,12404532,72,35498149,286497,198818,28598597,158972578,19897164,5,88,86,6,75827,6,337891,1920,194158,0
Who's Laughing Now,Who's Laughing Now,Ava Max,2020-07-30,USAT22001106,"4,522",20,218674366,34897,3519653,57,242536989,2020435,48606,6100208,72001415,16182813,37,142362,86,28,861322,6,12733716,5842,2245711,0
2 Million Up,ONLY BUILT 4 DIAMOND LINKS,Peezy,2022-08-12,USUYG1439075,"4,503",20,59038013,22057,7294297,56,67576838,510771,131279,65223102,549768980,10702053,16,81752,1278,3,37754,17,6360246,5199,969319,1
In the morning,GUESS WHO,ITZY,2021-04-30,US5TA2100004,"4,499",20,205110323,21243,3562675,60,371693639,6571826,85629,98044796,550643662,137260316,18,1889,52,1,1353,11,598765,1330,336074,0
Such a Whore (Stellular Remix),Such a Whore (Stellular Remix),JVLA,2020-06-03,RUA1D2023452,"4,500",20,231981539,50016,14263219,61,102609103,964398,1232692,200219251,3294902834,98142716,6,5,39,3,12412,17,12735768,7832,7621062,1
ýýýýýýýýýýýý,ýýýýýýýýýýýý,Lamis Kan,2021-07-27,EGA252103733,"4,525",20,41071094,14309,1842678,59,332271837,2651163,256849,37844605,772766174,98142716,3,789,86,1,74982,17,12735768,7832,1266792,0
quï¿½ï¿½ le pasa conm,quï¿½ï¿½ le pasa conm,Nicki Nicole,2023-04-19,UYB282300006,"4,516",20,162085685,20886,8177728,71,56665071,360527,182200,26534406,265917250,1025505,16,10487,104,15,67649,21,269501,7832,175082,0
SEJODIOTO,SEJODIOTO,KAROL G,2021-09-21,USUM72117129,"4,533",20,350738636,29760,11290192,66,154323126,1697768,214500,29252686,351428481,12339929,42,19998,285,20,175016,27,47444595,7262,571685,1
Luminary,Luminary,Joel Sunny,2023-09-01,AUGBT2300497,"4,515",20,46714864,9858,3121602,67,13704932,420415,273300,125499784,1151755306,98142716,28,228,86,15,237120,17,12735768,7832,1211721,0
All Night Longer,All Night Longer,seyhqnsert,2024-04-15,NL9KR2308498,"4,998",20,97901971,1,13259481,67,148269610,1257935,182200,26534406,265917250,98142716,28,5954,86,15,237120,17,12735768,7832,854584,0
ARRANCARMELO,ARRANCARMELO,WOS,2022-04-06,UYB282206048,"4,504",20,223426639,36161,8039699,63,135822239,1770582,83501,52704504,422027661,135460144,6,2526,86,7,281211,4,16762,166,538337,0
"Mast Malang Jhoom (From ""Bade Miyan Chote Miyan - Kannada"")","Mast Malang Jhoom (From ""Bade Miyan Chote Miyan - Kannada"") - Single",Vishal Mishra,2024-03-01,INZ031414619,"4,506",20,239850720,32312,13259481,67,51652792,512990,182200,26534406,265917250,320862,28,5954,86,15,237120,17,12735768,7832,1,0
"Dawai (From ""Air Mata Di Ujung Sajadah"")","Dawai (From ""Air Mata Di Ujung Sajadah"") - Single",Fadhilah Intan,2023-07-30,QZNWX2385075,"4,528",20,36975805,2385,806413,67,87923967,442748,233053,45997476,724187108,45212529,1,1797,86,15,237120,17,12735768,7832,67313,0
Cake By The Ocean - Cover,YARIRAFI MEDLEY BEST30,MUSIC LAB JPN,2023-03-29,TCJPU2360314,"4,507",20,1615456412,32312,13259481,67,148269610,1257935,182200,26534406,265917250,98142716,28,5954,86,15,237120,17,12735768,7832,854584,1
ýýýýýýýýýýýý (White Flag),ýýýýýýýýýýýý (White Flag) - Single,NONT TANONT,2024-03-14,FR96X2437119,"4,509",20,9084361,605,1739336,62,35055854,164536,182200,26534406,265917250,98142716,8,1006,86,15,237120,17,12735768,7832,12059,0
Hood By Air Freestyle,Hood By Air Freestyle - Single,Baby Flaco,2024-04-26,QZLMG2000292,"4,498",20,239850720,32312,13259481,67,148269610,1257935,182200,26534406,265917250,98142716,28,5954,86,15,237120,17,12735768,7832,1526440,0
ACHO PR,nadie sabe lo que va a pasar maï¿½ï¿,Bad Bunny,2023-10-13,QMFME2364201,"4,505",20,66274186,17090,4688146,67,17411507,366440,1451,369478,4607495,1187018,8,415,86,1,14061,1,1897748,334,213711,1
ATM,ATM - Single,Nemzzz,2024-05-16,US38Y2409882,"4,523",20,6184259,1641,8841671,67,1090122,43929,182200,26534406,265917250,98142716,5,102,6,4,327160,17,12735768,7832,965,1
Di Que Si,Di Que Si,Grupo Marca Registrada,2023-02-03,USA2P2308597,"4,520",20,278308556,22061,8857760,61,37305033,258130,182200,26534406,265917250,98142716,12,4017,86,3,64646,7,26681267,4638,693344,0
CARNAL,CARNAL,Peso Pluma,2023-06-22,QM7282306234,"4,508",20,148341816,16108,4577460,69,52338032,196543,182200,26534406,265917250,98142716,4,1,86,15,237120,6,11158728,830,155844,1
AirBnb,Valedictorian,ian,2024-05-17,USQX92402277,"4,519",20,3970523,1230,392098,67,408201,9173,182200,26534406,265917250,98142716,2,5954,86,15,237120,17,3398,11,854584,1
LOS PITS,nadie sabe lo que va a pasar maï¿½ï¿,Bad Bunny,2023-10-13,QMFME2364193,"4,512",20,74331462,17357,2290183,67,16756062,212522,182200,226891,3288335,98142716,4,100,86,15,237120,17,2129023,446,136101,1
Minefields,Minefields,Faouzia,2020-11-05,USAT22006815,"4,513",20,160979905,23825,5329581,57,280111313,2138306,508032,76984704,1074096649,611181814,20,49231,86,14,143722,23,4744421,2727,2000620,0
my future,my future,Billie Eilish,2020-07-30,USUM72013019,"4,502",20,461892532,69326,20986678,64,175821589,5873880,76587,20741250,123540119,25038982,94,19138,101,35,217583,43,16658690,12326,1143845,0
SNAP - High and Fast,SNAP PACK - EP,Rosa Linn,2022-07-15,USSM12207368,"4,548",20,138349331,15155,4683187,59,2006799,61403,1277321,368213517,3723954244,98142716,7,72,86,1,203,8,12735768,7832,1936170,0
Supera,Sertanejo Para Danï¿½ï,Marï¿½ï¿½lia Mendo,2021-03-05,FR0Z50062905,"4,552",20,239850720,2,4,67,580802207,3484299,182200,26534406,265917250,468797231,28,5954,86,15,237120,17,12735768,7832,854584,0
"Tu Juliet Jatt Di ( From ""Jatt & Juliet 3"")","Tu Juliet Jatt Di ( From ""Jatt & Juliet 3"")",Diljit Dosanjh,2024-05-24,INM432400129,"4,547",20,1633647,160,2592948,67,9700826,164575,182200,26534406,265917250,19904542,8,29,86,15,237120,4,12735768,7832,5598,0
Already Dead,Already Dead,Juice WRLD,2021-11-12,USUG12105423,"4,566",20,229232959,68879,11741541,61,46890832,889875,51484,4989535,61564975,25926849,19,133,72,12,106859,10,10040427,6822,289269,1
Kokomo,The Very Best Of The Beach Boys: Sounds Of Summer (Expanded Edition Super Deluxe),The Beach Boys,2022-06-17,USUG12202078,"4,564",20,271362772,128,7504,25,148269610,1257935,182200,26534406,265917250,98142716,15,5954,86,15,237120,17,128876713,181102,854584,0
You,You,Willy Paul,2022-11-25,QZW9K2296922,"4,546",20,330280,174,8772,20,6023690,52656,1700000,19786116,267911446,98142716,28,5954,86,15,237120,17,12735768,7832,184355,0
What's Love Got to Do with It,What's Love Got to Do with It,Kygo,2020-07-17,SEBGA2000676,"4,549",20,256297608,58370,25841346,62,66278933,517295,182200,26534406,265917250,3302263,90,220485,86,61,750715,26,7386484,3123,2387310,0
TV Shapes,TV Shapes,Bubbatrees,2022-08-19,UKSWX1900031,"4,536",20,239850720,3,9,67,322528461,298488,182200,26534406,265917250,98142716,28,5,86,15,237120,17,12735768,7832,1,0
Delilah (pull me out of this),Delilah (pull me out of this),Fred again..,2022-10-17,GBAHS2201028,"4,555",20,172321571,38159,7282524,61,441247,5740,23200,8183076,164453741,98142716,46,16471,27,8,10505,22,353677,493,615432,0
Freezing,Freezing - EP,purpl,2023-02-02,FR10S2303559,"4,550",20,239850720,8,565,1,235195644,194030,182200,26534406,265917250,98142716,28,9,86,15,237120,17,12735768,7832,854584,0
NASTY,NASTY,Russ,2023-03-17,QZQAY2314815,"4,560",20,23388367,9896,632527,50,42955563,460377,656241,50794628,511034419,4219869,28,1224,837,15,237120,17,12660506,4381,57729,1
Mama's Boy,Mama's Boy,Dominic Fike,2023-06-23,USQX92301820,"4,535",20,122999909,24570,9827231,69,16644597,357403,282,76696,697596,226510,23,279,314,26,356118,15,380693,1733,507011,0
Welcome To Brixton,Welcome To Brixton,SR,2020-11-27,GBLFP2046094,"4,565",20,211596324,92484,4912325,61,95279761,1240432,67607,29678545,296502190,30,3,77,86,15,237120,17,12735768,7832,958743,1
DArkSide,DArkSide,Bring Me The Horizon,2023-10-13,GBARL2301374,"4,544",20,63083021,18060,4947020,67,5393767,65609,53,2592,32457,98142716,13,5949,66,9,101954,21,4075446,261,157934,1
MEMORIES!,TROUBLED MEMORIES!,347aidan,2021-06-18,USQX92102219,"4,541",20,225962467,76523,6879843,62,25819662,466288,313258,38604985,421102345,9177732,10,248,86,4,4650,17,2228794,4470,1627617,0
The Hillbillies,The Hillbillies,Baby Keem,2023-06-05,USSM12303805,"4,537",20,59629684,29361,8124531,63,5737464,71512,84,171969,889338,98142716,22,12731,56,10,115828,19,1430834,627,302804,1
Braten,Braten,Steps,2022-12-22,TCAGR2271048,"4,562",20,242231,390,6228,25,240491474,1805305,182200,26534406,265917250,166682612,28,1,86,15,237120,17,12735768,7832,544,1
Dayanamï¿½ï¿½y,Dayanamï¿½ï¿½yorum - Si,Kerim Araz,2023-03-06,FR96X2303731,"4,534",20,42735162,6811,879077,56,152880323,477528,75900,1929069,55394779,211372872,4,2043,86,15,237120,17,12735768,7832,602369,0
Daylight,Harry's House,Harry Styles,2022-05-20,USSM12200613,"4,558",20,377242486,42233,11501240,68,46848683,1141593,80961,39903732,224312083,62344312,21,4931,218,22,581162,8,20446088,4196,224414,0
3 Haselnï¿½ï¿,3 Haselnï¿½ï¿½sse - Si,Jaques Raupï¿,2023-12-01,DEN062300845,"4,595",19,25822176,15387,2650670,67,7041124,127998,4034,1858466,31061916,48311550,8,250,86,9,163999,1,12735768,7832,312177,0
"Jaragandi (From ""Game Changer"") (Telugu)","Jaragandi (From ""Game Changer"") (Telugu)",Thaman S,2024-03-27,INH102405594,"4,587",19,3754914,101,1306604,67,34315313,431343,182200,26534406,265917250,98142716,1,5954,86,15,237120,8,12735768,7832,3169,0
ýýýýýýýýýýýý (ýýýýýýýýýýýýýý ýýýýýýýýýýýý) [prod. by wex & heysubr],ýýýýýýýýýýýý (ýýýýýýýýýýýýýý ýýýýýýýýýýýý) [prod. by wex & heysubr],BUSHIDO ZHO,2024-05-03,RUB 422401359.00,"4,599",19,5092789,685,185936,62,10423004,288976,182200,3635,27800,98142716,7,5954,86,15,237120,17,12735768,7832,251996,1
